date,profile,base_orness,eff_orness,stress,vol,maxdd,mean_ret,regime
2016-01-04,Guardián,0.158,0.1400464556160524,0.5558372874287189,0.2090012126840388,-0.0685847856922076,-0.001030825889246196,estres
2016-02-03,Guardián,0.158,0.13517596497809187,0.7066264712665054,0.15743893675638296,-0.028146165763075603,0.0013555104218126008,estres
2016-03-04,Guardián,0.158,0.14339997047157638,0.4520132980936107,0.07362997323167604,-0.007148317527779002,0.0018893794820514737,normal
2016-04-05,Guardián,0.158,0.1488946400358488,0.28189968929260734,0.08613316332116101,-0.02139108905574194,6.520839355006549e-05,calma
2016-05-04,Guardián,0.158,0.14778651497745693,0.31620696664219994,0.10432924619081346,-0.03388335086055605,0.0005666969599864223,calma
2016-06-03,Guardián,0.158,0.13976525791980507,0.5645430984580473,0.11932434211993538,-0.028916755008625117,0.0010035510785778652,estres
2016-07-05,Guardián,0.158,0.14234163681023296,0.4847790461228183,0.06349610497915115,-0.017704621405328136,0.0003609545076582258,normal
2016-08-03,Guardián,0.158,0.1491070406328936,0.2753238194150591,0.051749190542639226,-0.01938596103958201,-0.0007450950800053283,calma
2016-09-01,Guardián,0.158,0.1496542029130839,0.25838381074043676,0.13054229574821138,-0.02322988544803395,8.728757654479238e-05,calma
2016-10-03,Guardián,0.158,0.14868783659060922,0.28830227273655695,0.07190581364754915,-0.03278943128246958,-0.0010161325992060887,calma
2016-11-01,Guardián,0.158,0.13338728757344873,0.7620034806981816,0.10570497896122048,-0.03365110803499738,-0.000783848856973779,crisis
2016-12-01,Guardián,0.158,0.143707330007959,0.4424975229734057,0.07951168710536255,-0.017004117618726444,0.0009081811318102733,normal
2017-01-03,Guardián,0.158,0.14462699153469347,0.4140250298856516,0.04643479442592486,-0.01454600258866745,0.0001664321806247976,normal
2017-02-02,Guardián,0.158,0.1434236029266694,0.4512816431371701,0.07312406068393915,-0.007390670354931794,0.002978056972720778,normal
2017-03-06,Guardián,0.158,0.14584785157059393,0.3762275055543672,0.058684082271843255,-0.020536795802511998,-0.0002788895039251511,normal
2017-04-04,Guardián,0.158,0.14471290130568107,0.4113652846538369,0.06954494670222662,-0.005381828573640446,0.0008205051815167951,normal
2017-05-04,Guardián,0.158,0.14849780191788095,0.2941856991368125,0.0846645628920645,-0.020598634844301023,0.0009928077078885443,calma
2017-06-05,Guardián,0.158,0.1491756057550165,0.27320106021620694,0.08409110658181125,-0.03236669959537275,-0.0013432028359278592,calma
2017-07-05,Guardián,0.158,0.14706374671967298,0.3385836928893814,0.05814562209082616,-0.005600321527760466,0.001388876460943206,calma
2017-08-03,Guardián,0.158,0.146117584943681,0.36787662713061986,0.0740078665626548,-0.010803175304314183,0.0007677349916967651,normal
2017-09-01,Guardián,0.158,0.14844328939152393,0.2958733934512715,0.07353924651360187,-0.018049310666706675,0.0009660611231915696,calma
2017-10-03,Guardián,0.158,0.1494287986680985,0.26536227033750814,0.05862011794578299,-0.006664934637123032,0.0017554653862959593,calma
2017-11-01,Guardián,0.158,0.14834494761335804,0.29891803054619104,0.10047075503828995,-0.00969711349471758,0.002135065349157702,calma
2017-12-01,Guardián,0.158,0.14034643635584007,0.5465499580235269,0.08378811348450396,-0.006446830219602351,0.0012723826068302949,normal
2018-01-03,Guardián,0.158,0.14675847409693588,0.3480348576800041,0.19112984400821598,-0.04739827784127626,0.00307728938976811,calma
2018-02-02,Guardián,0.158,0.13592600660058346,0.6834053684029885,0.3026702338582415,-0.04521542240996923,-1.33368923730267e-06,estres
2018-03-06,Guardián,0.158,0.12933558487031704,0.8874431928694408,0.2264290261996399,-0.06362837368623542,-4.0504683451185264e-05,crisis
2018-04-05,Guardián,0.158,0.13052235630622028,0.8507010431510746,0.17971297126617142,-0.023070906158274673,0.0017320264877384627,crisis
2018-05-04,Guardián,0.158,0.1365507943982816,0.6640620929324581,0.09874121479514562,-0.02031006116868328,0.0015644429034128867,estres
2018-06-05,Guardián,0.158,0.14288600647498334,0.46792549613054657,0.1151546935724855,-0.03444774035586928,3.8140014369913826e-05,normal
2018-07-05,Guardián,0.158,0.14065480874808808,0.5370028251365915,0.101999478895693,-0.02989674329561054,0.0016576550556664559,normal
2018-08-03,Guardián,0.158,0.14656863537685422,0.3539122174348539,0.06757013598494727,-0.009160365380295521,0.002627100384159719,normal
2018-09-04,Guardián,0.158,0.14479592240737846,0.40879497190778763,0.09249474519493679,-0.012638806232608268,0.00047513455778961663,normal
2018-10-03,Guardián,0.158,0.14416694468821378,0.42826796630917097,0.2904821327296711,-0.07822999282747611,-0.0027959496325828353,normal
2018-11-01,Guardián,0.158,0.13364714369720995,0.7539583994671837,0.22277261759944209,-0.06990409700996547,0.0023829808103055664,crisis
2018-12-03,Guardián,0.158,0.1375653503139004,0.632651693068099,0.3471340099040416,-0.1344952535415691,-0.003684340918471317,estres
2019-01-04,Guardián,0.158,0.1348079803597692,0.7180191839080741,0.09135802902244299,-0.01194741017962997,0.0027095690374290852,estres
2019-02-05,Guardián,0.158,0.14586659534192387,0.37564720303641264,0.08163312381952789,-0.011541664397739626,0.00043194652424548063,normal
2019-03-07,Guardián,0.158,0.1377494742909054,0.6269512603434861,0.09741302270479732,-0.012693617436240978,0.003041301393882637,estres
2019-04-05,Guardián,0.158,0.14948785818968793,0.2635338021768444,0.0911757670545032,-0.024471270093017417,-0.0002380887661848898,calma
2019-05-07,Guardián,0.158,0.13666172815483318,0.6606276113054743,0.15647996343604903,-0.029366528095772004,0.0021224573356420145,estres
2019-06-06,Guardián,0.158,0.140651049537951,0.5371192093513621,0.08684018250723549,-0.015465153060682746,0.002240595421977035,normal
2019-07-08,Guardián,0.158,0.13932394662129258,0.5782059869568861,0.14818735515127818,-0.0537604954553802,-0.0008488652968111338,estres
2019-08-06,Guardián,0.158,0.13165478416043302,0.8156413572621352,0.16740038028915413,-0.027279568745526506,0.0030556132266463328,crisis
2019-09-05,Guardián,0.158,0.13730848207776084,0.640604270038364,0.12683307008128547,-0.037591366627171,-0.00013064276174995504,estres
2019-10-04,Guardián,0.158,0.14402613306710324,0.43262745922280965,0.08498433220742561,-0.013984572691459585,-0.0001279760235022014,normal
2019-11-04,Guardián,0.158,0.14705513889145883,0.3388501891189215,0.06961823956413112,-0.011814789700036021,0.0006470612651606298,calma
2019-12-04,Guardián,0.158,0.14420395220323598,0.4271222228100318,0.06136516799207109,-0.008309318736900773,0.0009325969428465971,normal
2020-01-06,Guardián,0.158,0.14511445560845787,0.39893326289604075,0.14352439673854175,-0.022927595541569534,0.003141155970250962,normal
2020-02-05,Guardián,0.158,0.1419688547422599,0.4963202866173405,0.3948102708812161,-0.12768050478846804,-0.0026763141815891785,normal
2020-03-06,Guardián,0.158,0.13300910135888436,0.7737120322326824,0.8733483399508835,-0.20247789695671248,-0.001314582686094833,crisis
2020-04-06,Guardián,0.158,0.12846961049824684,0.9142535449459177,0.24086424326964234,-0.043665175576129034,0.0006366568928408637,crisis
2020-05-06,Guardián,0.158,0.1317225844382538,0.8135422774534431,0.10973518279438293,-0.015748639504880813,0.0020195072335182007,crisis
2020-06-05,Guardián,0.158,0.13858277800323543,0.6011523838007607,0.21017772114961403,-0.04214635606253758,0.0015669995767755354,estres
2020-07-07,Guardián,0.158,0.13549206081063755,0.6968402225808807,0.09514124486617528,-0.01307854763247096,0.0013638212190598777,estres
2020-08-05,Guardián,0.158,0.1385243905222242,0.6029600457515726,0.1524140044267841,-0.030671462256744553,0.0016172779524813283,estres
2020-09-03,Guardián,0.158,0.13855215765391182,0.6021003822318324,0.17252503254548723,-0.03636648303598877,-0.00046254817350442856,estres
2020-10-05,Guardián,0.158,0.1396650191899745,0.5676464647066713,0.18606379406527063,-0.07387091233191123,-0.0008561431917370216,estres
2020-11-03,Guardián,0.158,0.13782760731560206,0.6245322812507104,0.11141327739884653,-0.022291051926076833,0.0018541712115130776,estres
2020-12-03,Guardián,0.158,0.14370622483813789,0.4425317387573411,0.07979373853490675,-0.014676701859525298,0.0005417636718432112,normal
2021-01-05,Guardián,0.158,0.14299631049261213,0.46451051106464,0.1507992662320219,-0.03707537407643957,-0.0004043055318233792,normal
2021-02-04,Guardián,0.158,0.1494237282244038,0.26551925001845844,0.12571156591528243,-0.08055278456037018,-0.0028532958381789282,calma
2021-03-08,Guardián,0.158,0.14853455664652382,0.2930477818413677,0.12088093727619476,-0.020428579002214065,0.003231793664106977,calma
2021-04-07,Guardián,0.158,0.15344971063357543,0.14087583177785026,0.11373301461684648,-0.01428837604087807,0.0030579081794541124,calma
2021-05-06,Guardián,0.158,0.15195753968024017,0.18707307491516503,0.12248107013574404,-0.036909493260012916,-0.0012740761659685556,calma
2021-06-07,Guardián,0.158,0.15190491887549779,0.1887022019969723,0.10242793329431109,-0.019044236253438318,0.001692342755675859,calma
2021-07-07,Guardián,0.158,0.1503427927840589,0.23706523888362546,0.0971257064802441,-0.014212042170141381,0.0018402355152007282,calma
2021-08-05,Guardián,0.158,0.14867801953530085,0.28860620633743533,0.07254777386567712,-0.016340416518373035,0.0009799314767648174,calma
2021-09-03,Guardián,0.158,0.1490623756931141,0.27670663488810887,0.1259486782986955,-0.05123796809226522,-0.0022913158756028723,calma
2021-10-05,Guardián,0.158,0.14479548714287274,0.4088084475890789,0.09145742163423548,-0.010804654681935144,0.004547207052652541,normal
2021-11-03,Guardián,0.158,0.14859883335299148,0.29105779092905637,0.12663822105068132,-0.023271459214325274,0.0010482412645218622,calma
2021-12-03,Guardián,0.158,0.1322774153048705,0.7963648512423994,0.192357474327113,-0.030368774523981124,0.002440559267263832,crisis
2022-01-04,Guardián,0.158,0.14349462806270874,0.44908272251675724,0.1988766639095674,-0.1009331673341064,-0.0035289666128381436,normal
2022-02-03,Guardián,0.158,0.13727603170673763,0.6416089254879993,0.1852632177371625,-0.0638125029888078,-0.0021579779569115155,estres
2022-03-07,Guardián,0.158,0.12674252130174007,0.9677237987077375,0.1766817970100105,-0.021624313420896324,0.0008458389314437175,crisis
2022-04-05,Guardián,0.158,0.1399269161151468,0.5595382007694487,0.24624376383991572,-0.07039961364589842,-0.001673513408872274,estres
2022-05-05,Guardián,0.158,0.13357196333172805,0.7562859649619802,0.28138761264406315,-0.09245880528627137,-0.002282667749808933,crisis
2022-06-06,Guardián,0.158,0.14014186586401767,0.5528834097827345,0.20022590956920008,-0.0708455854205523,0.00032699041213342665,estres
2022-07-07,Guardián,0.158,0.13406063553182287,0.7411567946804063,0.11088819160151678,-0.019442962104728623,7.5232322594803e-05,estres
2022-08-05,Guardián,0.158,0.14251670875263184,0.4793588621476214,0.14452788482547058,-0.06788659728537605,-0.00174919013667345,normal
2022-09-06,Guardián,0.158,0.1360738989878327,0.678826656723446,0.18915371376810877,-0.0636198402765944,-0.0005220838239738046,estres
2022-10-05,Guardián,0.158,0.13561907795331551,0.6929078033029252,0.19153240829380314,-0.032388047408249854,0.0024059844723894417,estres
2022-11-03,Guardián,0.158,0.14027976655803032,0.5486140384510735,0.161066670094055,-0.01509564544784825,0.004477771944907499,normal
2022-12-05,Guardián,0.158,0.1514042147927898,0.2042038763842175,0.13126319210468965,-0.027642781894336332,-0.0003022768983031927,calma
2023-01-05,Guardián,0.158,0.14963826057802038,0.2588773814854376,0.132856027597483,-0.03288941165453685,-0.0003734189740611878,calma
2023-02-06,Guardián,0.158,0.15276441478023509,0.16209242166454846,0.11608458925699461,-0.044229411668650465,-0.0009558010470602775,calma
2023-03-08,Guardián,0.158,0.14910077678055103,0.2755177467321659,0.10948483880526717,-0.01106598302406081,0.0017895584911448046,calma
2023-04-06,Guardián,0.158,0.1492060318157692,0.27225907691117046,0.10436047278684482,-0.017070228602519055,0.0009608680851480419,calma
2023-05-08,Guardián,0.158,0.14799167714766362,0.3098551966667609,0.10839464354129848,-0.05678264509919373,-0.0024817044016287914,calma
2023-06-07,Guardián,0.158,0.15160529681492838,0.19797842678240288,0.11336506421735944,-0.02543631620729503,0.0015384656235755039,calma
2023-07-10,Guardián,0.158,0.14996725517954815,0.2486917901068682,0.08020692732019025,-0.015172458638352149,0.0008603921122733339,calma
2023-08-08,Guardián,0.158,0.15224023955962698,0.17832075666789518,0.09254105790335582,-0.01713277983602346,0.00031695340456773204,calma
2023-09-07,Guardián,0.158,0.15074779422430068,0.22452649460369417,0.07986836153311898,-0.058058784954740594,-0.002581318923184094,calma
2023-10-06,Guardián,0.158,0.14712729423264825,0.3366162776269895,0.09113413872027167,-0.021031217990052253,0.0014138983693780607,calma
2023-11-06,Guardián,0.158,0.14741338344643826,0.3277590264260603,0.09748113279568382,-0.024436011179034156,-0.00016868205042267512,calma
2023-12-06,Guardián,0.158,0.15104485209720112,0.21532965643340168,0.12475756821301712,-0.01664678385709073,0.0024758599160610364,calma
2024-01-08,Guardián,0.158,0.14987127660969224,0.25166326285782564,0.08985721693830213,-0.007753488553171706,0.0030118533785702785,calma
2024-02-07,Guardián,0.158,0.15103684345388135,0.21557760204701687,0.10219002342347759,-0.021041049427365177,0.000366711249671075,calma
2024-03-08,Guardián,0.158,0.14679250288295997,0.34698133489287963,0.10564770385954056,-0.0378431806748889,-0.00024229403130071776,calma
2024-04-09,Guardián,0.158,0.14340101411496525,0.45198098715277846,0.08406589525003252,-0.02050842464071234,0.0006335358666829454,normal
2024-05-08,Guardián,0.158,0.1474038800131786,0.3280532503659875,0.09674181457530397,-0.01781893564317072,0.0019611602313708803,calma
2024-06-07,Guardián,0.158,0.14784792508890643,0.3143057248016583,0.09004480357127778,-0.021457412445552437,0.0009744824317844397,calma
2024-07-10,Guardián,0.158,0.14307594137351037,0.4620451587148494,0.13567305865888551,-0.04110966503809077,-0.000946290659186524,normal
2024-08-08,Guardián,0.158,0.1308686973029742,0.8399784116726254,0.09049804822228744,-0.012121571423602151,0.003301723223660473,crisis
2024-09-09,Guardián,0.158,0.13401871893298273,0.7424545221986774,0.09450101005271387,-0.023910227266746964,-2.508938868981864e-05,estres
2024-10-08,Guardián,0.158,0.1379430914822348,0.62095692005465,0.09370268991985012,-0.02866786306807656,-0.0002841829975513078,estres
2024-11-06,Guardián,0.158,0.13405506411606882,0.7413292843322346,0.11414922216330564,-0.021440485017123367,0.0021800455859669553,estres
2024-12-06,Guardián,0.158,0.13981489335144032,0.563006397788225,0.12336274608028411,-0.035276881580004416,-0.002803554679306216,estres
2016-01-04,Centinela,0.257,0.19227274787892568,0.5558372874287189,0.20100401625998593,-0.06589489862946307,-0.0008953581095911886,estres
2016-02-03,Centinela,0.257,0.17471334742101546,0.7066264712665054,0.15335609200269443,-0.027305657474891887,0.0013247394301367779,estres
2016-03-04,Centinela,0.257,0.20436305143699904,0.4520132980936107,0.0733412399266423,-0.007188966441429079,0.0018627595309469976,normal
2016-04-05,Centinela,0.257,0.2241727811818759,0.28189968929260734,0.08934176127194449,-0.023078092998441657,3.3886019660705336e-05,calma
2016-05-04,Centinela,0.257,0.22017769873451581,0.31620696664219994,0.10394172439648564,-0.03410166874092624,0.0005388314379498055,calma
2016-06-03,Centinela,0.257,0.1912589561845604,0.5645430984580473,0.11836199208927761,-0.028214060712997147,0.0010537768404686536,estres
2016-07-05,Centinela,0.257,0.2005474800789978,0.4847790461228183,0.06384875399619007,-0.01759203930454112,0.00044397723358912474,normal
2016-08-03,Centinela,0.257,0.22493854122911638,0.2753238194150591,0.05158619472393429,-0.018817079809683723,-0.0007142038916325326,calma
2016-09-01,Centinela,0.257,0.22691120523927616,0.25838381074043676,0.13073835828122055,-0.023259806673918137,6.971653185832043e-05,calma
2016-10-03,Centinela,0.257,0.22342720033982794,0.28830227273655695,0.07073640465177729,-0.031740363820917716,-0.0009821466016107891,calma
2016-11-01,Centinela,0.257,0.16826469467269678,0.7620034806981816,0.10495659565745143,-0.03334470705336323,-0.0007580853341098186,crisis
2016-12-01,Centinela,0.257,0.20547116344974692,0.4424975229734057,0.07710898640091714,-0.016580390031032177,0.0009478020587564764,normal
2017-01-03,Centinela,0.257,0.20878678526981587,0.4140250298856516,0.04690870852339295,-0.016126706602379026,0.00014464252248073077,normal
2017-02-02,Centinela,0.257,0.20444825265667654,0.4512816431371701,0.073722171570596,-0.006039017392846624,0.0030655354756755704,normal
2017-03-06,Centinela,0.257,0.21318830697819396,0.3762275055543672,0.058631173943134274,-0.021468314726146298,-0.0002858387150095871,normal
2017-04-04,Centinela,0.257,0.2090965126020607,0.4113652846538369,0.07052198651740438,-0.006399214403929765,0.0006949079158562198,normal
2017-05-04,Centinela,0.257,0.2227420753355182,0.2941856991368125,0.08673757963023418,-0.02131203100832113,0.0009942926514614468,calma
2017-06-05,Centinela,0.257,0.2251857365378227,0.27320106021620694,0.07908353823622123,-0.031016543616228076,-0.001177023400303633,calma
2017-07-05,Centinela,0.257,0.21757192896303154,0.3385836928893814,0.05534976125935431,-0.005108789735637331,0.0012295393112584218,calma
2017-08-03,Centinela,0.257,0.21416076677063933,0.36787662713061986,0.07052126194268593,-0.010689109358861915,0.0006662540361136327,normal
2017-09-01,Centinela,0.257,0.22254554333259943,0.2958733934512715,0.08143575946566889,-0.022515149122903644,0.0006901967866225795,calma
2017-10-03,Centinela,0.257,0.22609856361919717,0.26536227033750814,0.05710162748084938,-0.006725638128642686,0.0017623323642109022,calma
2017-11-01,Centinela,0.257,0.22219099534289605,0.29891803054619104,0.09570368472765722,-0.009535584300157884,0.002068836379926004,calma
2017-12-01,Centinela,0.257,0.1933542573881603,0.5465499580235269,0.08261559251810544,-0.0063322823047679,0.001234449326490143,normal
2018-01-03,Centinela,0.257,0.21647134082316352,0.3480348576800041,0.19596960399845903,-0.04824205242257251,0.003067695336654395,calma
2018-02-02,Centinela,0.257,0.177417444849472,0.6834053684029885,0.3011428094513954,-0.04535128341599182,-0.00010341690866276691,estres
2018-03-06,Centinela,0.257,0.1536572401903536,0.8874431928694408,0.22540671122536032,-0.06342645778604095,-2.234095736277643e-05,crisis
2018-04-05,Centinela,0.257,0.15793586352505737,0.8507010431510746,0.17907481287419505,-0.023362097901520218,0.001707671973815536,crisis
2018-05-04,Centinela,0.257,0.17966996927801526,0.6640620929324581,0.09802773469176736,-0.019990095231008254,0.0015506334854501367,estres
2018-06-05,Centinela,0.257,0.20251007597559786,0.46792549613054657,0.11475847795295181,-0.034148231787300976,5.7896402157472657e-05,normal
2018-07-05,Centinela,0.257,0.19446602101284394,0.5370028251365915,0.10194161979644606,-0.02992720451513664,0.0016655616709262972,normal
2018-08-03,Centinela,0.257,0.21578692227971127,0.3539122174348539,0.06752902524339546,-0.009359486306077969,0.0025735083581058774,normal
2018-09-04,Centinela,0.257,0.20939582552133812,0.40879497190778763,0.09010676237507609,-0.012507348016339348,0.0005074347556623738,normal
2018-10-03,Centinela,0.257,0.20712819532329704,0.42826796630917097,0.290152537943907,-0.07689893957281135,-0.002716198915159921,normal
2018-11-01,Centinela,0.257,0.16920154438204646,0.7539583994671837,0.21763941390089248,-0.06806662145449927,0.0023982160988384855,crisis
2018-12-03,Centinela,0.257,0.18332771034221987,0.632651693068099,0.33475661645265437,-0.1320400460587824,-0.0036343797176321877,estres
2019-01-04,Centinela,0.257,0.1733866660339048,0.7180191839080741,0.09142473439484,-0.012530351711619314,0.0025625157998474786,estres
2019-02-05,Centinela,0.257,0.21325588320640976,0.37564720303641264,0.0829472554998383,-0.011734844592779847,0.00020401635089569535,normal
2019-03-07,Centinela,0.257,0.18399152573300104,0.6269512603434861,0.09415327575573253,-0.012068816920236314,0.0030250850993380355,estres
2019-04-05,Centinela,0.257,0.22631148873650647,0.2635338021768444,0.09161119147112004,-0.023801529422875833,-0.00025585880515370166,calma
2019-05-07,Centinela,0.257,0.18006991466347752,0.6606276113054743,0.1519205366077879,-0.02903779090668357,0.0021241025417483936,estres
2019-06-06,Centinela,0.257,0.1944524680710339,0.5371192093513621,0.0870357468339542,-0.015893255418690133,0.0021950477903662563,normal
2019-07-08,Centinela,0.257,0.18966791281887063,0.5782059869568861,0.14549308932111904,-0.05249168809439242,-0.0007936440668180301,estres
2019-08-06,Centinela,0.257,0.16201856394682435,0.8156413572621352,0.1654877182547368,-0.026513674649307428,0.0030240946283149658,crisis
2019-09-05,Centinela,0.257,0.1824016327540325,0.640604270038364,0.12710280990978176,-0.037015623826689215,-0.00010896059269983007,estres
2019-10-04,Centinela,0.257,0.2066205323735038,0.43262745922280965,0.0838900322032903,-0.014329792118105589,-0.0002558228793126969,normal
2019-11-04,Centinela,0.257,0.2175408954771016,0.3388501891189215,0.07088728809751041,-0.01254717872352007,0.0006640584523383469,calma
2019-12-04,Centinela,0.257,0.2072616171537718,0.4271222228100318,0.060939148479546505,-0.00990331931681998,0.0007627193301669298,normal
2020-01-06,Centinela,0.257,0.21054422153575605,0.39893326289604075,0.13904635537526974,-0.02202005060604162,0.0031951281186628133,normal
2020-02-05,Centinela,0.257,0.1992035026234107,0.4963202866173405,0.39498101884426845,-0.12694182173409718,-0.0025853756226096544,normal
2020-03-06,Centinela,0.257,0.16690123384650413,0.7737120322326824,0.8715075181709029,-0.20257799864399606,-0.001281536028562471,crisis
2020-04-06,Centinela,0.257,0.15053517469104788,0.9142535449459177,0.2388532671331047,-0.04310216760212282,0.0005612903727491722,crisis
2020-05-06,Centinela,0.257,0.16226300179054653,0.8135422774534431,0.11034157796406896,-0.015864695823632924,0.0019982636631862153,crisis
2020-06-05,Centinela,0.257,0.1869958049064014,0.6011523838007607,0.21211348840421726,-0.04254828329475857,0.0015694407224049632,estres
2020-07-07,Centinela,0.257,0.17585295608045645,0.6968402225808807,0.09685520759542554,-0.012896015898408386,0.00125454072825907,estres
2020-08-05,Centinela,0.257,0.18678530267222937,0.6029600457515726,0.1505254957334982,-0.029934799747003527,0.0013767641443892316,estres
2020-09-03,Centinela,0.257,0.18688541048910312,0.6021003822318324,0.16990349925911086,-0.03613322212703207,-0.0004684380429699248,estres
2020-10-05,Centinela,0.257,0.19089756918490813,0.5676464647066713,0.18361626602979383,-0.07359560147097144,-0.0008896688705400566,estres
2020-11-03,Centinela,0.257,0.18427321584835477,0.6245322812507104,0.11106280702388627,-0.02230408982294585,0.0017851708618123459,estres
2020-12-03,Centinela,0.257,0.20546717902170764,0.4425317387573411,0.07929271814370042,-0.014122448068251248,0.0005321259137657674,normal
2021-01-05,Centinela,0.257,0.2029077509865227,0.46451051106464,0.14702658790219628,-0.03682902993696102,-0.0004744609451972119,normal
2021-02-04,Centinela,0.257,0.22608028333535052,0.26551925001845844,0.1278460869631054,-0.08147500648151218,-0.0027808505566339014,calma
2021-03-08,Centinela,0.257,0.22287458580457273,0.2930477818413677,0.11952170653998748,-0.01876770939350969,0.0033609979050341658,calma
2021-04-07,Centinela,0.257,0.24059500938946934,0.14087583177785026,0.10954224826329839,-0.013582011841486219,0.0026934576505171968,calma
2021-05-06,Centinela,0.257,0.23521534042612904,0.18707307491516503,0.12283515205610747,-0.03738647057990929,-0.0011429304195408323,calma
2021-06-07,Centinela,0.257,0.23502562857745257,0.1887022019969723,0.10199406396506093,-0.021107919855057555,0.001550911310496705,calma
2021-07-07,Centinela,0.257,0.22939375293200182,0.23706523888362546,0.10076082508648711,-0.01653967403092471,0.0018499989046372746,calma
2021-08-05,Centinela,0.257,0.22339180727200567,0.28860620633743533,0.06984609412704992,-0.015806232940567932,0.0013977339722726493,calma
2021-09-03,Centinela,0.257,0.22477751236727972,0.27670663488810887,0.12846922349614273,-0.06051539025652708,-0.002746938432839714,calma
2021-10-05,Centinela,0.257,0.20939425627825176,0.4088084475890789,0.08893477140669852,-0.011795946566142024,0.004304428739920658,normal
2021-11-03,Centinela,0.257,0.22310632024631138,0.29105779092905637,0.12545575691934646,-0.021452188817495443,0.0008096608590380303,calma
2021-12-03,Centinela,0.257,0.1642633130728226,0.7963648512423994,0.19515373167320438,-0.03094598905735013,0.0023336068364647067,crisis
2022-01-04,Centinela,0.257,0.20470431696292363,0.44908272251675724,0.1977213831435003,-0.09915938968927929,-0.0035956495004349324,normal
2022-02-03,Centinela,0.257,0.18228464062692248,0.6416089254879993,0.18314448245579543,-0.0626384707778187,-0.002099274362977123,estres
2022-03-07,Centinela,0.257,0.14430856364048394,0.9677237987077375,0.17633662082758803,-0.020896397688695667,0.0009021704053275869,crisis
2022-04-05,Centinela,0.257,0.1918417765203977,0.5595382007694487,0.24381967449151626,-0.06938647543002674,-0.001599572377269454,estres
2022-05-05,Centinela,0.257,0.1689304993801774,0.7562859649619802,0.2781434124784039,-0.08865959454653516,-0.0020934542650796356,crisis
2022-06-06,Centinela,0.257,0.19261672693080056,0.5528834097827345,0.20001233106041563,-0.07014593968282523,0.0004287502935534262,estres
2022-07-07,Centinela,0.257,0.1706922912594667,0.7411567946804063,0.11394797567808472,-0.022091846764814904,-5.5247301505151874e-05,estres
2022-08-05,Centinela,0.257,0.2011786605029095,0.4793588621476214,0.14115160061423465,-0.06626534709899545,-0.001748821530586313,normal
2022-09-06,Centinela,0.257,0.17795063582455473,0.678826656723446,0.18728101232696548,-0.06364803410832409,-0.0006114223312280856,estres
2022-10-05,Centinela,0.257,0.17631088630537436,0.6929078033029252,0.18949202909387056,-0.03125212763058127,0.002442982722416649,estres
2022-11-03,Centinela,0.257,0.1931138952223725,0.5486140384510735,0.15544821091001762,-0.014085260984102677,0.004333492741924606,normal
2022-12-05,Centinela,0.257,0.23322045859505788,0.2042038763842175,0.123975463153356,-0.025661879189606274,-0.0002452487512454073,calma
2023-01-05,Centinela,0.257,0.2268537289260208,0.2588773814854376,0.13105072029230064,-0.04123791217952044,-0.0008924116743370936,calma
2023-02-06,Centinela,0.257,0.23812433749716333,0.16209242166454846,0.11669574925028368,-0.04328810729362054,-0.0007939229816930071,calma
2023-03-08,Centinela,0.257,0.2249159583930393,0.2755177467321659,0.11145159498656464,-0.01062954755945622,0.0018543810747296235,calma
2023-04-06,Centinela,0.257,0.22529543049369422,0.27225907691117046,0.0957097575722303,-0.01418404309014265,0.0012708585252669223,calma
2023-05-08,Centinela,0.257,0.2209173623481557,0.3098551966667609,0.10705050908910795,-0.05394553709148153,-0.0024154302981090753,calma
2023-06-07,Centinela,0.257,0.2339454122011892,0.19797842678240288,0.11343543783116396,-0.024793517890339012,0.001494399398177446,calma
2023-07-10,Centinela,0.257,0.2280398410420552,0.2486917901068682,0.0823439204831195,-0.016122545811761535,0.0008242837353289046,calma
2023-08-08,Centinela,0.257,0.2362345478860236,0.17832075666789518,0.09124494154615045,-0.019105959150806373,2.107207340010688e-06,calma
2023-09-07,Centinela,0.257,0.23085388970339982,0.22452649460369417,0.07936667571186605,-0.05509636328900247,-0.002438719810329552,calma
2023-10-06,Centinela,0.257,0.21780103447033708,0.3366162776269895,0.09184821484744773,-0.019030910521937172,0.0014815291399536707,calma
2023-11-06,Centinela,0.257,0.21883246137268528,0.3277590264260603,0.09643152977915222,-0.02395573735183132,-0.00023187879556301562,calma
2023-12-06,Centinela,0.257,0.2319248615083304,0.21532965643340168,0.12671491222435222,-0.01725413277779153,0.0022226236895272608,calma
2024-01-08,Centinela,0.257,0.2276938130402062,0.25166326285782564,0.09057002638447086,-0.008554753627987854,0.002901185785265231,calma
2024-02-07,Centinela,0.257,0.23189598824162488,0.21557760204701687,0.0987139744954617,-0.01986726725076704,0.00029347633881855246,calma
2024-03-08,Centinela,0.257,0.21659402355172416,0.34698133489287963,0.10324368590477276,-0.03791266353792777,-0.00021731758549505524,calma
2024-04-09,Centinela,0.257,0.20436681404605894,0.45198098715277846,0.0855536973893845,-0.020689081886639316,0.0007578824523823546,normal
2024-05-08,Centinela,0.257,0.21879819899488076,0.3280532503659875,0.09684739261924606,-0.016064565792542895,0.0020974908128724924,calma
2024-06-07,Centinela,0.257,0.2203990983468469,0.3143057248016583,0.09428181972890781,-0.019402822209533377,0.001038283360407041,calma
2024-07-10,Centinela,0.257,0.2031948412676558,0.4620451587148494,0.14073528419031764,-0.03963586391565865,-0.0010912863091119432,normal
2024-08-08,Centinela,0.257,0.15918451396072275,0.8399784116726254,0.0913484979981256,-0.01234765439409291,0.0032799734697860476,crisis
2024-09-09,Centinela,0.257,0.170541170889964,0.7424545221986774,0.09247700812134621,-0.02400210361834265,-9.321301824109024e-05,estres
2024-10-08,Centinela,0.257,0.184689566659636,0.62095692005465,0.09298325917145624,-0.02811925837343232,-0.00019935433143456407,estres
2024-11-06,Centinela,0.257,0.1706722048395113,0.7413292843322346,0.11458644861467833,-0.022189166651879533,0.002139832158542051,estres
2024-12-06,Centinela,0.257,0.1914379049775612,0.563006397788225,0.12263310977239882,-0.036302823913201054,-0.0028684727878246514,estres
2016-01-04,Pragmático,0.503,0.32204717107758063,0.5558372874287189,0.18865109900436494,-0.06161304209634766,-0.0006961661423329698,estres
2016-02-03,Pragmático,0.503,0.27295775227918917,0.7066264712665054,0.1425664119462055,-0.02446893202819489,0.0012237166836306028,estres
2016-03-04,Pragmático,0.503,0.35584707080562505,0.4520132980936107,0.07083434901015181,-0.006436491705832936,0.0017821647364643135,normal
2016-04-05,Pragmático,0.503,0.41122755615079165,0.28189968929260734,0.0949388256825286,-0.032318764304490544,-0.00043306132937903457,calma
2016-05-04,Pragmático,0.503,0.40005882200963183,0.31620696664219994,0.10371566712217384,-0.03519350922104547,0.00045848429909112355,calma
2016-06-03,Pragmático,0.503,0.3192129942969827,0.5645430984580473,0.11577217549397006,-0.026156225707768432,0.0011769711496977897,estres
2016-07-05,Pragmático,0.503,0.3451801815347165,0.4847790461228183,0.06486685986510571,-0.01741189643440666,0.0005470350757730448,normal
2016-08-03,Pragmático,0.503,0.4133683305894275,0.2753238194150591,0.05123151528637358,-0.017529756762961535,-0.0006217187577908265,calma
2016-09-01,Pragmático,0.503,0.4188831504134508,0.25838381074043676,0.13154633169646446,-0.024678235615484323,-4.44595506457855e-06,calma
2016-10-03,Pragmático,0.503,0.40914319511061387,0.28830227273655695,0.07663953618327772,-0.03555246636271214,-0.0010936287007558248,calma
2016-11-01,Pragmático,0.503,0.254929766858707,0.7620034806981816,0.10493779930497672,-0.03292841358346055,-0.0006863365010177354,crisis
2016-12-01,Pragmático,0.503,0.3589449313960078,0.4424975229734057,0.0779657394730869,-0.01664792947903071,0.0008800398400618843,normal
2017-01-03,Pragmático,0.503,0.3682141515207261,0.4140250298856516,0.045002047943777095,-0.0176192459374771,-0.00014450830562669,normal
2017-02-02,Pragmático,0.503,0.35608526107669425,0.4512816431371701,0.07271404482638533,-0.0046943439939198806,0.0030424044706199543,normal
2017-03-06,Pragmático,0.503,0.38051913556677575,0.3762275055543672,0.06665027057783743,-0.027667063285087612,-0.0005373559799949033,normal
2017-04-04,Pragmático,0.503,0.3690800315809434,0.4113652846538369,0.07969424467905369,-0.010216631990925817,0.0002863127322177592,normal
2017-05-04,Pragmático,0.503,0.4072278456460107,0.2941856991368125,0.08332510898679593,-0.02137212347895623,0.0011219485573560066,calma
2017-06-05,Pragmático,0.503,0.4140593948466138,0.27320106021620694,0.08424617108404621,-0.035370568799139135,-0.0013729728005247798,calma
2017-07-05,Pragmático,0.503,0.3927740787798619,0.3385836928893814,0.051573065250167256,-0.00612238924404318,0.0005926356313592217,calma
2017-08-03,Pragmático,0.503,0.3832377640376267,0.36787662713061986,0.07031685284173143,-0.011242027264982801,0.0006472913880904299,normal
2017-09-01,Pragmático,0.503,0.40667841676193855,0.2958733934512715,0.07692738467844168,-0.025169670686548518,3.610795237917846e-05,calma
2017-10-03,Pragmático,0.503,0.41661131289162423,0.26536227033750814,0.06008572197194874,-0.007016059658039753,0.0017781160329509173,calma
2017-11-01,Pragmático,0.503,0.4056872351556875,0.29891803054619104,0.08990080595658616,-0.009483160127490176,0.002047180470089373,calma
2017-12-01,Pragmático,0.503,0.3250706611654408,0.5465499580235269,0.0727465735348483,-0.005410709168281902,0.0011020058526820015,normal
2018-01-03,Pragmático,0.503,0.3896972520822747,0.3480348576800041,0.18934474260606138,-0.04717723001873031,0.0028057175276435657,calma
2018-02-02,Pragmático,0.503,0.2805173823164071,0.6834053684029885,0.2897982343929786,-0.04478410041916159,-0.0007873426457623544,estres
2018-03-06,Pragmático,0.503,0.2140928685613535,0.8874431928694408,0.2215528164522885,-0.06253114572282448,4.5838718812442535e-05,crisis
2018-04-05,Pragmático,0.503,0.22605427540216766,0.8507010431510746,0.17843393055969695,-0.024413509950811707,0.0016795571979085198,crisis
2018-05-04,Pragmático,0.503,0.2868145856458383,0.6640620929324581,0.0957814324843849,-0.018500473102976533,0.0015572636337582025,estres
2018-06-05,Pragmático,0.503,0.3506668547347006,0.46792549613054657,0.1178586440566249,-0.03412208389899074,0.00010422794058447305,normal
2018-07-05,Pragmático,0.503,0.3281787302767826,0.5370028251365915,0.10513656268650111,-0.0314647395583626,0.0016564273656907783,normal
2018-08-03,Pragmático,0.503,0.38778387761408334,0.3539122174348539,0.0679222959125384,-0.009374668312847834,0.0025293582175007724,normal
2018-09-04,Pragmático,0.503,0.36991679689541973,0.40879497190778763,0.08768056976057732,-0.01366144760319854,0.000469969472708081,normal
2018-10-03,Pragmático,0.503,0.36357736356804937,0.42826796630917097,0.2826907134117481,-0.07027604461848436,-0.0023193565362996708,normal
2018-11-01,Pragmático,0.503,0.2575488430534584,0.7539583994671837,0.20149082537988144,-0.06199281816660451,0.0024238846429044396,crisis
2018-12-03,Pragmático,0.503,0.2970402413216804,0.632651693068099,0.3055125469546151,-0.12459517866858183,-0.003348712401184473,estres
2019-01-04,Pragmático,0.503,0.2692488546787265,0.7180191839080741,0.09975299812111744,-0.014441442712432084,0.0022906134044376847,estres
2019-02-05,Pragmático,0.503,0.38070805305149585,0.37564720303641264,0.09039743025292653,-0.01758095492332934,0.00013118045384884729,normal
2019-03-07,Pragmático,0.503,0.2988960171951781,0.6269512603434861,0.07859738643011942,-0.007945891630138036,0.002655253176847065,estres
2019-04-05,Pragmático,0.503,0.41720657070132827,0.2635338021768444,0.09392587983571711,-0.019877054792391435,-0.00023539204941309797,calma
2019-05-07,Pragmático,0.503,0.2879326811395029,0.6606276113054743,0.13930366308537737,-0.028064158182222187,0.002070904374022698,estres
2019-06-06,Pragmático,0.503,0.328140841395664,0.5371192093513621,0.09057240448298222,-0.017888177561671936,0.002028819847491933,normal
2019-07-08,Pragmático,0.503,0.31476504094618574,0.5782059869568861,0.14014343709284988,-0.04802837216649225,-0.0005880136757677861,estres
2019-08-06,Pragmático,0.503,0.2374679561433119,0.8156413572621352,0.16133592725109436,-0.024653441589971514,0.0029515530761845404,crisis
2019-09-05,Pragmático,0.503,0.2944512798890106,0.640604270038364,0.12835109132485348,-0.03519985546943505,-3.228877863049063e-05,estres
2019-10-04,Pragmático,0.503,0.36215813065001434,0.43262745922280965,0.0843468027351725,-0.016264767614048048,-0.0004987885487721205,normal
2019-11-04,Pragmático,0.503,0.3926873209323351,0.3388501891189215,0.07640517863429659,-0.014827347070242358,0.0006685324142235096,calma
2019-12-04,Pragmático,0.503,0.36395036036419415,0.4271222228100318,0.061308869798951456,-0.014883156010987109,0.00014238544583782784,normal
2020-01-06,Pragmático,0.503,0.37312727626419395,0.39893326289604075,0.1464461294772362,-0.02394253331377949,0.00325438634830433,normal
2020-02-05,Pragmático,0.503,0.3414229306917248,0.4963202866173405,0.3886106261693567,-0.12225905018062777,-0.002326867610337224,normal
2020-03-06,Pragmático,0.503,0.25111804790665027,0.7737120322326824,0.8615594207541208,-0.2010643882257298,-0.001242110236620686,crisis
2020-04-06,Pragmático,0.503,0.2053647584428565,0.9142535449459177,0.23450122108881385,-0.041868681789393736,0.0003444754524615707,crisis
2020-05-06,Pragmático,0.503,0.2381513115750316,0.8135422774534431,0.11190602591673483,-0.015898310283622985,0.0018815376212778885,crisis
2020-06-05,Pragmático,0.503,0.30729484145366237,0.6011523838007607,0.21226109724990969,-0.0416357856953512,0.0018536949838399157,estres
2020-07-07,Pragmático,0.503,0.2761436655387943,0.6968402225808807,0.10301039074719875,-0.017079552344567928,0.0019154315450044535,estres
2020-08-05,Pragmático,0.503,0.3067063571055756,0.6029600457515726,0.17101886775600095,-0.036901719950589995,0.0019387387942715825,estres
2020-09-03,Pragmático,0.503,0.3069862205644269,0.6021003822318324,0.19582411290094612,-0.04658017579980145,-0.000536390566693203,estres
2020-10-05,Pragmático,0.503,0.31820269341474317,0.5676464647066713,0.18341438463755544,-0.07523450191018743,-0.0010147439129697283,estres
2020-11-03,Pragmático,0.503,0.29968351583883124,0.6245322812507104,0.11277345071072784,-0.022066070245258196,0.0015606168642103807,estres
2020-12-03,Pragmático,0.503,0.35893379244754764,0.4425317387573411,0.08720508590631616,-0.012355228557785591,0.0008489486425062502,normal
2021-01-05,Pragmático,0.503,0.35177860312290643,0.46451051106464,0.13774589109931976,-0.041476151668471184,-0.0006300135421734256,normal
2021-02-04,Pragmático,0.503,0.41656020815649086,0.26551925001845844,0.1575405138244825,-0.09522333112985859,-0.004246370272043885,calma
2021-03-08,Pragmático,0.503,0.40759829462154273,0.2930477818413677,0.11003465053953704,-0.02026611034491066,0.0021483925559250857,calma
2021-04-07,Pragmático,0.503,0.45713787296472086,0.14087583177785026,0.09920412716186215,-0.011032270763103647,0.0015471904075933492,calma
2021-05-06,Pragmático,0.503,0.442098360461368,0.18707307491516503,0.13235391501319244,-0.03913383615430088,-0.0005387104894745349,calma
2021-06-07,Pragmático,0.503,0.4415679981398857,0.1887022019969723,0.10023742830938534,-0.0277658175907749,0.000729188759238932,calma
2021-07-07,Pragmático,0.503,0.42582341148143577,0.23706523888362546,0.13433821033415455,-0.03162048091875669,0.0016234596027626443,calma
2021-08-05,Pragmático,0.503,0.4090442495268479,0.28860620633743533,0.0658298667898376,-0.0157530456987095,0.0016139246652608994,calma
2021-09-03,Pragmático,0.503,0.41291815501217616,0.27670663488810887,0.13134584150142886,-0.05258006193484599,-0.002289910890983254,calma
2021-10-05,Pragmático,0.503,0.3699124098873754,0.4088084475890789,0.08961736843454472,-0.013218022389531514,0.0031467651791039462,normal
2021-11-03,Pragmático,0.503,0.4082461361630457,0.29105779092905637,0.13245222564304907,-0.02440253329443276,-0.0004002272193330239,calma
2021-12-03,Pragmático,0.503,0.24374342267803684,0.7963648512423994,0.19330397573724264,-0.030796481756631522,0.0023245483952306764,crisis
2022-01-04,Pragmático,0.503,0.35680111968466965,0.44908272251675724,0.17723290569280178,-0.08218993946131903,-0.0026588172758659607,normal
2022-02-03,Pragmático,0.503,0.29412421430738184,0.6416089254879993,0.1780084857717349,-0.059109315096779635,-0.0018753573010048938,estres
2022-03-07,Pragmático,0.503,0.18795751733069604,0.9677237987077375,0.1738327106251195,-0.01865460173343436,0.0010893260846986646,crisis
2022-04-05,Pragmático,0.503,0.32084233873950596,0.5595382007694487,0.23807364301771022,-0.06843606780855704,-0.0015170437540010036,estres
2022-05-05,Pragmático,0.503,0.2567911041066273,0.7562859649619802,0.2711284448009018,-0.08456577715128755,-0.0019117910588124644,crisis
2022-06-06,Pragmático,0.503,0.3230088059452308,0.5528834097827345,0.2003504608498001,-0.06696444790724776,0.0007684018144494887,estres
2022-07-07,Pragmático,0.503,0.26171640549179376,0.7411567946804063,0.1199146098939608,-0.02523203023910725,-0.0001766017559341183,estres
2022-08-05,Pragmático,0.503,0.34694472242784186,0.4793588621476214,0.13542687220194524,-0.06141638006731065,-0.0016125286575834393,normal
2022-09-06,Pragmático,0.503,0.28200798190368215,0.678826656723446,0.1789554171348903,-0.06356813235946124,-0.0007540891923021821,estres
2022-10-05,Pragmático,0.503,0.2774238646347327,0.6929078033029252,0.18306292289616652,-0.027994170613242053,0.0024971602488807255,estres
2022-11-03,Pragmático,0.503,0.324398699782253,0.5486140384510735,0.14088150525676774,-0.014722119870650308,0.004022810503872943,normal
2022-12-05,Pragmático,0.503,0.436521428043118,0.2042038763842175,0.1048438604085828,-0.020802049112255583,-0.00016567801116100172,calma
2023-01-05,Pragmático,0.503,0.4187224684574158,0.2588773814854376,0.13507549260247473,-0.06909934172125953,-0.0024234664209032983,calma
2023-02-06,Pragmático,0.503,0.45023081212710625,0.16209242166454846,0.1299040682165652,-0.037069192821374775,2.1849728036552218e-05,calma
2023-03-08,Pragmático,0.503,0.4133051975513434,0.2755177467321659,0.12904019579551898,-0.013788655405358674,0.00224397482440897,calma
2023-04-06,Pragmático,0.503,0.41436605751156846,0.27225907691117046,0.07998704883216864,-0.01335702067717015,0.0012895372124239876,calma
2023-05-08,Pragmático,0.503,0.402126640725136,0.3098551966667609,0.10641821185197023,-0.05675700835100539,-0.0025970572305659056,calma
2023-06-07,Pragmático,0.503,0.43854812316098873,0.19797842678240288,0.11978820686751664,-0.02783652973052586,0.0013439412748807768,calma
2023-07-10,Pragmático,0.503,0.42203838773070906,0.2486917901068682,0.08581241257668641,-0.017121752182823524,0.0008903131674403741,calma
2023-08-08,Pragmático,0.503,0.44494767766676674,0.17832075666789518,0.09496327995437309,-0.02429914212226758,-0.0004928882592199353,calma
2023-09-07,Pragmático,0.503,0.42990539968176733,0.22452649460369417,0.08121305714749139,-0.05645657529546022,-0.0024688548119564586,calma
2023-10-06,Pragmático,0.503,0.3934145708185336,0.3366162776269895,0.09418859527482881,-0.01895059197579274,0.0016101680151903725,calma
2023-11-06,Pragmático,0.503,0.39629804894699605,0.3277590264260603,0.09432667353855219,-0.024238399792108067,-0.0005877450273953941,calma
2023-12-06,Pragmático,0.503,0.4328994303481061,0.21532965643340168,0.11840148897347154,-0.016289829407360013,0.0021914599876579183,calma
2024-01-08,Pragmático,0.503,0.42107102477663483,0.25166326285782564,0.09449144568715655,-0.009236574625096305,0.0031830783795902223,calma
2024-02-07,Pragmático,0.503,0.43281871165359365,0.21557760204701687,0.10403062875951215,-0.021092747402253087,0.0004201163822323813,calma
2024-03-08,Pragmático,0.503,0.390040226425623,0.34698133489287963,0.09734075438059774,-0.03762821191218935,-0.00029151697930734693,calma
2024-04-09,Pragmático,0.503,0.355857589632413,0.45198098715277846,0.08918711589551238,-0.023563932614605987,0.0011801986173359236,normal
2024-05-08,Pragmático,0.503,0.39620226434335276,0.3280532503659875,0.10281712113906145,-0.01275099492350229,0.00256119451406017,calma
2024-06-07,Pragmático,0.503,0.40067777129082016,0.3143057248016583,0.08518183922025672,-0.014567038354599382,0.0010473757376826475,calma
2024-07-10,Pragmático,0.503,0.3525811985803808,0.4620451587148494,0.13822014342631808,-0.04079995540186543,-0.0009628985408556988,normal
2024-08-08,Pragmático,0.503,0.2295450280799768,0.8399784116726254,0.0949539827429902,-0.013398590478654993,0.0032459803047378455,crisis
2024-09-09,Pragmático,0.503,0.26129393029822057,0.7424545221986774,0.09076244329449627,-0.02539651898456885,-0.0003130400304631838,estres
2024-10-08,Pragmático,0.503,0.3008474746762087,0.62095692005465,0.09384721439832164,-0.029172987395611583,-0.0002161320333293425,estres
2024-11-06,Pragmático,0.503,0.2616602514856411,0.7413292843322346,0.1153067192963353,-0.023121989442811852,0.0021376034524341146,estres
2024-12-06,Pragmático,0.503,0.31971326720004334,0.563006397788225,0.12358495890468153,-0.041527492590948456,-0.003181344961519011,estres
2016-01-04,Estratega,0.647,0.39801268709630544,0.5558372874287189,0.18385301715747976,-0.062072912863711416,-0.0009716029425984773,estres
2016-02-03,Estratega,0.647,0.33046667219616893,0.7066264712665054,0.1373931483961552,-0.022412473562077317,0.001162727236964991,estres
2016-03-04,Estratega,0.647,0.4445206431189671,0.4520132980936107,0.06950505468280066,-0.0058148431587969895,0.0017275611676304291,normal
2016-04-05,Estratega,0.647,0.5207230341813766,0.28189968929260734,0.10343426758984445,-0.0326705776278039,-0.0002764033554011628,calma
2016-05-04,Estratega,0.647,0.5053550892926265,0.31620696664219994,0.10263784745709803,-0.03492351588393616,0.0005073104329401579,calma
2016-06-03,Estratega,0.647,0.3941129190457177,0.5645430984580473,0.11595794750398002,-0.02509603898999757,0.0012622034260254388,estres
2016-07-05,Estratega,0.647,0.42984322628928356,0.4847790461228183,0.0669013471045874,-0.017742509298761533,0.0005248647451314139,normal
2016-08-03,Estratega,0.647,0.5236686950930243,0.2753238194150591,0.053927799896591556,-0.015890195561123366,-0.0005181812289150122,calma
2016-09-01,Estratega,0.647,0.5312569719788214,0.25838381074043676,0.13198917447250652,-0.025073239380176693,8.312127343685342e-05,calma
2016-10-03,Estratega,0.647,0.5178549969276594,0.28830227273655695,0.07539809550429219,-0.03287065393613675,-0.0012330181101737304,calma
2016-11-01,Estratega,0.647,0.3056605408212496,0.7620034806981816,0.10468294253608795,-0.03264009800512979,-0.0006722132172720927,crisis
2016-12-01,Estratega,0.647,0.44878323458406294,0.4424975229734057,0.07843253041187602,-0.01674656272332553,0.0008811151273959794,normal
2017-01-03,Estratega,0.647,0.4615374878627224,0.4140250298856516,0.0446575605851671,-0.018884162658251102,-0.0003628655607128424,normal
2017-02-02,Estratega,0.647,0.44484838795670467,0.4512816431371701,0.0736570150392429,-0.005317221993763943,0.003069065109207133,normal
2017-03-06,Estratega,0.647,0.47846888888692124,0.3762275055543672,0.07577881379977236,-0.03125693363141768,-0.0007863083510627927,normal
2017-04-04,Estratega,0.647,0.46272892073931376,0.4113652846538369,0.08640673829468326,-0.01084387657173258,0.00024128712192701023,normal
2017-05-04,Estratega,0.647,0.5152195160716648,0.2941856991368125,0.08951061093723324,-0.023462028676562774,0.0010876988804225472,calma
2017-06-05,Estratega,0.647,0.5246195850761501,0.27320106021620694,0.08452887017335184,-0.037410632520342935,-0.0016041254180517465,calma
2017-07-05,Estratega,0.647,0.49533143477020164,0.3385836928893814,0.05916257067969044,-0.009264936037770899,0.00025005858943280215,calma
2017-08-03,Estratega,0.647,0.48220966487683886,0.36787662713061986,0.06321595609219045,-0.012977496786558462,0.0001396307967732407,normal
2017-09-01,Estratega,0.647,0.5144635134035029,0.2958733934512715,0.07802653215628268,-0.028841278510769675,-0.00029121535117872634,calma
2017-10-03,Estratega,0.647,0.5281309710023132,0.26536227033750814,0.07350837004772295,-0.008590723801760736,0.002024522918544698,calma
2017-11-01,Estratega,0.647,0.5130996682168337,0.29891803054619104,0.09202364670720424,-0.009895979771949004,0.0021872548568614993,calma
2017-12-01,Estratega,0.647,0.40217294630336115,0.5465499580235269,0.06776286656497717,-0.004986368134813013,0.0010905015255691971,normal
2018-01-03,Estratega,0.647,0.49109778550224215,0.3480348576800041,0.1842091264990263,-0.04549996722387917,0.0027418572617170043,calma
2018-02-02,Estratega,0.647,0.3408685652238813,0.6834053684029885,0.2774551376935887,-0.04336096407646406,-0.0013613333802318234,estres
2018-03-06,Estratega,0.647,0.24946982175413396,0.8874431928694408,0.21699518296825582,-0.06233480653813972,8.448086773413425e-05,crisis
2018-04-05,Estratega,0.647,0.2659284677204761,0.8507010431510746,0.17878340352149844,-0.025360541243462986,0.0016852772603404805,crisis
2018-05-04,Estratega,0.647,0.3495333854709054,0.6640620929324581,0.09394250766322335,-0.017191876728632427,0.0015893873116403698,estres
2018-06-05,Estratega,0.647,0.43739277400832166,0.46792549613054657,0.12295630812265369,-0.034727237386071974,0.00012321393524463122,normal
2018-07-05,Estratega,0.647,0.40644958448006385,0.5370028251365915,0.10849964186541185,-0.0329219729964888,0.0016727942722876358,normal
2018-08-03,Estratega,0.647,0.4884650222000572,0.3539122174348539,0.06952894463706473,-0.008777416182674136,0.002549611585909497,normal
2018-09-04,Estratega,0.647,0.46388029233390654,0.40879497190778763,0.09207289973933708,-0.016582477971141873,0.0002942769065797382,normal
2018-10-03,Estratega,0.647,0.4551573644918069,0.42826796630917097,0.3066676000002738,-0.07593623055426546,-0.0023253211686052435,normal
2018-11-01,Estratega,0.647,0.30926433495867506,0.7539583994671837,0.19053992359556648,-0.057444442638857174,0.0024473286653323317,crisis
2018-12-03,Estratega,0.647,0.36360367409014505,0.632651693068099,0.29176019586583496,-0.12023508853781417,-0.0032161106823885843,estres
2019-01-04,Estratega,0.647,0.32536330656837825,0.7180191839080741,0.10539512526986042,-0.01556447854518861,0.0022037616690926422,estres
2019-02-05,Estratega,0.647,0.47872883539983896,0.37564720303641264,0.09803592783616302,-0.02050464796109952,0.0002592451106990001,normal
2019-03-07,Estratega,0.647,0.3661571829291354,0.6269512603434861,0.07469758888724426,-0.00598019170988251,0.0021830654330514112,estres
2019-04-05,Estratega,0.647,0.5289500333148826,0.2635338021768444,0.0969132112503394,-0.018618762143992384,-0.00016857362085741375,calma
2019-05-07,Estratega,0.647,0.3510718615157128,0.6606276113054743,0.13333222992526209,-0.02748393137722238,0.002011238832823783,estres
2019-06-06,Estratega,0.647,0.40639745017105733,0.5371192093513621,0.09195629749222323,-0.018806149996530963,0.001961820372709645,normal
2019-07-08,Estratega,0.647,0.3879926281426629,0.5782059869568861,0.1350539934749577,-0.0455360508835464,-0.0007368015523313143,estres
2019-08-06,Estratega,0.647,0.2816334540144265,0.8156413572621352,0.1593350500463851,-0.023584916281518042,0.002925358029672467,crisis
2019-09-05,Estratega,0.647,0.36004131723631483,0.640604270038364,0.12981219492029578,-0.033457106321570396,5.5432983296100644e-05,estres
2019-10-04,Estratega,0.647,0.45320452964114244,0.43262745922280965,0.08695268105800401,-0.019112720893377233,-0.000716428877299958,normal
2019-11-04,Estratega,0.647,0.4952120577841791,0.3388501891189215,0.08189257600571152,-0.015987879910768887,0.000727640935535123,calma
2019-12-04,Estratega,0.647,0.45567060029224626,0.4271222228100318,0.062484325024045974,-0.01631142019179599,-6.229641421530327e-05,normal
2020-01-06,Estratega,0.647,0.4682978448857186,0.39893326289604075,0.1540774221459322,-0.025237006951278618,0.003122378932122383,normal
2020-02-05,Estratega,0.647,0.42467332760976234,0.4963202866173405,0.3982957127271658,-0.1234703682307553,-0.0024311305833752675,normal
2020-03-06,Estratega,0.647,0.3004156951613699,0.7737120322326824,0.8517899205120207,-0.1987929959801925,-0.0012189800710197792,crisis
2020-04-06,Estratega,0.647,0.2374601245414762,0.9142535449459177,0.23229402314320927,-0.04390842336871503,0.0001837016814756341,crisis
2020-05-06,Estratega,0.647,0.28257373681473014,0.8135422774534431,0.11037500459380721,-0.01660287568768426,0.0016234247674582025,crisis
2020-06-05,Estratega,0.647,0.37771378967644925,0.6011523838007607,0.21240674271433424,-0.04021197268033805,0.0022476954778153546,estres
2020-07-07,Estratega,0.647,0.33485042229489453,0.6968402225808807,0.11324614888452815,-0.019212911601832472,0.0024883291323615406,estres
2020-08-05,Estratega,0.647,0.3769040475055831,0.6029600457515726,0.18702986231579347,-0.040062225430881004,0.0022979536547138952,estres
2020-09-03,Estratega,0.647,0.3772891337792507,0.6021003822318324,0.21333403596737002,-0.05334196474798791,-0.0006363259340002733,estres
2020-10-05,Estratega,0.647,0.3927227661346466,0.5676464647066713,0.1995236110877518,-0.07803604526518282,-0.0009579133434805567,estres
2020-11-03,Estratega,0.647,0.36724076461374433,0.6245322812507104,0.11899080779820485,-0.02364038932543322,0.001680486698375327,estres
2020-12-03,Estratega,0.647,0.4487679076236491,0.4425317387573411,0.10681424777448148,-0.014864669575036626,0.0011652101423096112,normal
2021-01-05,Estratega,0.647,0.43892251656859455,0.46451051106464,0.14950031062388996,-0.04633582541654235,-0.0005236280560300812,normal
2021-02-04,Estratega,0.647,0.5280606519542316,0.26551925001845844,0.16676668906803782,-0.10429535152153624,-0.004878420259255688,calma
2021-03-08,Estratega,0.647,0.5157292461241594,0.2930477818413677,0.1145874608331565,-0.022731370357304104,0.0017201009755638908,calma
2021-04-07,Estratega,0.647,0.583894671155112,0.14087583177785026,0.1006056128670645,-0.013004566886693048,0.0013216986473750733,calma
2021-05-06,Estratega,0.647,0.5632006160917519,0.18707307491516503,0.12906043373776657,-0.038892934029441606,-0.00011941374486406937,calma
2021-06-07,Estratega,0.647,0.5624708486154563,0.1887022019969723,0.09898418567016262,-0.02777662973295203,0.0007136875450023196,calma
2021-07-07,Estratega,0.647,0.54080662624208,0.23706523888362546,0.14444450079986434,-0.034546966957346825,0.001459162650767783,calma
2021-08-05,Estratega,0.647,0.5177188498711458,0.28860620633743533,0.06696529866096242,-0.016180726358813735,0.0016964212817354833,calma
2021-09-03,Estratega,0.647,0.5230492629018717,0.27670663488810887,0.1335710550648346,-0.045736991583553044,-0.0018996288727588,calma
2021-10-05,Estratega,0.647,0.4638742559024721,0.4088084475890789,0.09419981789094473,-0.013340425301520575,0.003061193142031547,normal
2021-11-03,Estratega,0.647,0.5166206625533292,0.29105779092905637,0.1427672074795735,-0.036000851279019086,-0.0010059922615834069,calma
2021-12-03,Estratega,0.647,0.2902683648859672,0.7963648512423994,0.19385702182628375,-0.03124256535240466,0.0022828569505092973,crisis
2022-01-04,Estratega,0.647,0.4458333944486186,0.44908272251675724,0.17834468406770235,-0.08071705371206783,-0.0024528150675389862,normal
2022-02-03,Estratega,0.647,0.35959128182765077,0.6416089254879993,0.17522103487744414,-0.057496549848503276,-0.001869784041443157,estres
2022-03-07,Estratega,0.647,0.21350812436886896,0.9677237987077375,0.17141046677455338,-0.01716560625484731,0.0012306212994798883,crisis
2022-04-05,Estratega,0.647,0.39635486296532546,0.5595382007694487,0.2368411633316974,-0.06757767190788955,-0.001293108263406003,estres
2022-05-05,Estratega,0.647,0.308221701995281,0.7562859649619802,0.27835793817772136,-0.0872863930565746,-0.001877526494238802,crisis
2022-06-06,Estratega,0.647,0.3993358765878241,0.5528834097827345,0.19811420216723244,-0.06698023045737289,0.0006742609592047747,estres
2022-07-07,Estratega,0.647,0.314998813822912,0.7411567946804063,0.12099584158862804,-0.025721034665282638,-0.00017460932379449655,estres
2022-08-05,Estratega,0.647,0.432271197700973,0.4793588621476214,0.12405293142290609,-0.05556751145007921,-0.0013033621638742217,normal
2022-09-06,Estratega,0.647,0.34291959912073233,0.678826656723446,0.1738721673922434,-0.06193472129480715,-0.0007858296360241424,estres
2022-10-05,Estratega,0.647,0.33661194951045464,0.6929078033029252,0.17937276232071278,-0.026143487101030982,0.0025174839867404633,estres
2022-11-03,Estratega,0.647,0.40124834147584165,0.5486140384510735,0.13018071362585998,-0.016589033775847417,0.0036384824513556934,normal
2022-12-05,Estratega,0.647,0.5555268735736898,0.2042038763842175,0.12582968263779795,-0.019913916075277704,8.189777997656834e-05,calma
2023-01-05,Estratega,0.647,0.5310358769635982,0.2588773814854376,0.14193993637956878,-0.06326147913676661,-0.002228626487766592,calma
2023-02-06,Estratega,0.647,0.5743906997153655,0.16209242166454846,0.14832849532936884,-0.04127996217866636,0.0002627973793191842,calma
2023-03-08,Estratega,0.647,0.5235818253513262,0.2755177467321659,0.14159339022088335,-0.015477511693941959,0.002502761181682748,calma
2023-04-06,Estratega,0.647,0.5250415464976412,0.27225907691117046,0.08444331240512572,-0.017957599359761822,0.0006345502601106325,calma
2023-05-08,Estratega,0.647,0.5082003646531245,0.3098551966667609,0.10994272400975566,-0.05903871053101417,-0.0027204649923774516,calma
2023-06-07,Estratega,0.647,0.5583155637228226,0.19797842678240288,0.11647835694090901,-0.025937674760530993,0.0013139890946311744,calma
2023-07-10,Estratega,0.647,0.5355985126216284,0.2486917901068682,0.09034203003013846,-0.01787743517809537,0.0008699452315084647,calma
2023-08-08,Estratega,0.647,0.5671212170506164,0.17832075666789518,0.10079503606757273,-0.03201399058772558,-0.0010349062769676126,calma
2023-09-07,Estratega,0.647,0.5464233567422752,0.22452649460369417,0.08451989171494463,-0.05957385422014139,-0.002504209068650475,calma
2023-10-06,Estratega,0.647,0.4962127384369901,0.3366162776269895,0.09642287152527504,-0.019462116931295848,0.0015924310656225686,calma
2023-11-06,Estratega,0.647,0.5001803441124463,0.3277590264260603,0.09100413495195327,-0.026578176660032926,-5.322939027633927e-05,calma
2023-12-06,Estratega,0.647,0.5505430804006577,0.21532965643340168,0.11425863634470529,-0.013601038428818435,0.0028502823045970854,calma
2024-01-08,Estratega,0.647,0.534267441402837,0.25166326285782564,0.18408195106639585,-0.01180163495632569,0.005189270461790398,calma
2024-02-07,Estratega,0.647,0.5504320131630388,0.21557760204701687,0.1303230645619429,-0.0211516420968062,0.0013723873954116287,calma
2024-03-08,Estratega,0.647,0.49156971103473457,0.34698133489287963,0.10195523898716181,-0.02899811453243295,-0.00015184539068529817,calma
2024-04-09,Estratega,0.647,0.44453511680491287,0.45198098715277846,0.096915436028107,-0.025592074084434646,0.001606933513667798,normal
2024-05-08,Estratega,0.647,0.5000485464985559,0.3280532503659875,0.1062430171275965,-0.010756227222500692,0.0028089394818656293,calma
2024-06-07,Estratega,0.647,0.5062067505750971,0.3143057248016583,0.08856872049582366,-0.012855731476645316,0.0011291667434687779,calma
2024-07-10,Estratega,0.647,0.4400268711536832,0.4620451587148494,0.14044464430715328,-0.043798018176698816,-0.0011222661880198452,normal
2024-08-08,Estratega,0.647,0.2707316704912474,0.8399784116726254,0.09365336384326192,-0.014006187797536374,0.0031526583599667444,crisis
2024-09-09,Estratega,0.647,0.3144174967811025,0.7424545221986774,0.08881861011357868,-0.025980574469129714,-0.00043873414170018693,estres
2024-10-08,Estratega,0.647,0.3688423476615196,0.62095692005465,0.09411272901763484,-0.030152498251569626,-0.00019776220181443426,estres
2024-11-06,Estratega,0.647,0.31492154708337555,0.7413292843322346,0.11627412138762117,-0.023159680893998114,0.0022915416360011227,estres
2024-12-06,Estratega,0.647,0.39480128411076465,0.563006397788225,0.12023053553715911,-0.04085602146235434,-0.003106788311445869,estres
2016-01-04,Aventurero,0.693,0.4222794491578425,0.5558372874287189,0.18441732601057664,-0.06225996934903133,-0.0011136614441444512,estres
2016-02-03,Aventurero,0.693,0.3488375771696486,0.7066264712665054,0.1371962217984604,-0.022042603126828153,0.001160029692371708,estres
2016-03-04,Aventurero,0.693,0.4728469231635069,0.4520132980936107,0.06811042291747402,-0.005925717152746257,0.0016921729485133942,normal
2016-04-05,Aventurero,0.693,0.5557007563300356,0.28189968929260734,0.10635432311673966,-0.035604729104126154,-8.593324846036504e-05,calma
2016-05-04,Aventurero,0.693,0.5389913968969164,0.31620696664219994,0.1028365309948684,-0.03446172333222419,0.0005786261342044399,calma
2016-06-03,Aventurero,0.693,0.41803928389600803,0.5645430984580473,0.11676543708124784,-0.024943561205257647,0.0012889315137319876,estres
2016-07-05,Aventurero,0.693,0.4568883655858813,0.4847790461228183,0.06715092391946663,-0.017451957275959495,0.0005786383047289868,normal
2016-08-03,Aventurero,0.693,0.5589035337538955,0.2753238194150591,0.05266058620857318,-0.015461322758603457,-0.0004153686933800952,calma
2016-09-01,Aventurero,0.693,0.5671541649788703,0.25838381074043676,0.13270732363223073,-0.025483048598293312,0.00015192091914561758,calma
2016-10-03,Aventurero,0.693,0.5525823780636598,0.28830227273655695,0.07447912547662335,-0.03160063670901503,-0.0012509919936547018,calma
2016-11-01,Aventurero,0.693,0.3218662047259507,0.7620034806981816,0.10463820236649438,-0.032576900998319225,-0.0006672551427016293,crisis
2016-12-01,Aventurero,0.693,0.4774815814358027,0.4424975229734057,0.07936919436225813,-0.0170375722747802,0.0008510406453274028,normal
2017-01-03,Aventurero,0.693,0.4913491091941934,0.4140250298856516,0.04444822455684478,-0.019279119821010826,-0.00042255234313217575,normal
2017-02-02,Aventurero,0.693,0.4732032757100413,0.4512816431371701,0.07435047780327624,-0.005652267143614886,0.003096597357830753,normal
2017-03-06,Aventurero,0.693,0.5097583934197454,0.3762275055543672,0.07857829045635656,-0.03259909909260139,-0.0008514844532179788,normal
2017-04-04,Aventurero,0.693,0.4926445381093487,0.4113652846538369,0.08889436257516657,-0.011135493312033229,0.0002225693076789975,normal
2017-05-04,Aventurero,0.693,0.5497168552354155,0.2941856991368125,0.09395460164816372,-0.024772395280973192,0.0009746949855131433,calma
2017-06-05,Aventurero,0.693,0.5599374236216964,0.27320106021620694,0.08671294546937028,-0.038184249186424934,-0.0016763756021542747,calma
2017-07-05,Aventurero,0.693,0.5280928123782268,0.3385836928893814,0.06173096543874139,-0.010482387941009863,0.00018358726601146394,calma
2017-08-03,Aventurero,0.693,0.5138256887560315,0.36787662713061986,0.07366029497070738,-0.01454002241846808,0.00014634937011704388,normal
2017-09-01,Aventurero,0.693,0.5488948637195582,0.2958733934512715,0.07953356173757752,-0.03154639804590409,-0.0004900130538755,calma
2017-10-03,Aventurero,0.693,0.5637553062321166,0.26536227033750814,0.07750582657837346,-0.009301976532474554,0.002103186854746788,calma
2017-11-01,Aventurero,0.693,0.5474119732224776,0.29891803054619104,0.0942764186693251,-0.010104930296272019,0.0022785916303305342,calma
2017-12-01,Aventurero,0.693,0.4268028429446412,0.5465499580235269,0.06766725010880592,-0.004899173317035821,0.001087037836810829,normal
2018-01-03,Aventurero,0.693,0.523489622566954,0.3480348576800041,0.18296978249742354,-0.044745387858387886,0.002761257960448695,calma
2018-02-02,Aventurero,0.693,0.3601474153193245,0.6834053684029885,0.27524109805825053,-0.04284722643447436,-0.0014482150433113654,estres
2018-03-06,Aventurero,0.693,0.2607707929129388,0.8874431928694408,0.21557726527304957,-0.06227093575651277,9.632022605504227e-05,crisis
2018-04-05,Aventurero,0.693,0.2786660569332691,0.8507010431510746,0.17905446817009393,-0.025740695287401638,0.001691153144146201,crisis
2018-05-04,Aventurero,0.693,0.3695685576372463,0.6640620929324581,0.09323622765201955,-0.016700738698560924,0.0016056008212771188,estres
2018-06-05,Aventurero,0.693,0.4650968871096173,0.46792549613054657,0.12535218295816056,-0.035052327106086856,0.00012754964168936033,normal
2018-07-05,Aventurero,0.693,0.4314527740172231,0.5370028251365915,0.1120035714213878,-0.034356713390409355,0.0016621678667557715,normal
2018-08-03,Aventurero,0.693,0.5206270544983544,0.3539122174348539,0.06957169304538034,-0.00803880421216474,0.0025139209351879676,normal
2018-09-04,Aventurero,0.693,0.493896408932312,0.40879497190778763,0.09442393231798354,-0.017671098282527997,0.00022137205931229892,normal
2018-10-03,Aventurero,0.693,0.48441208700911825,0.42826796630917097,0.31127785493090665,-0.07988087731387883,-0.0024387539668674504,normal
2018-11-01,Aventurero,0.693,0.32578456153950813,0.7539583994671837,0.1876446677400011,-0.056180034194853845,0.002454487909178345,crisis
2018-12-03,Aventurero,0.693,0.38486699289118237,0.632651693068099,0.2873053961013738,-0.11815122978983938,-0.0031165705920045495,estres
2019-01-04,Aventurero,0.693,0.3432887564775725,0.7180191839080741,0.10712104961158395,-0.015911009837743628,0.00217436812596809,estres
2019-02-05,Aventurero,0.693,0.5100410297611152,0.37564720303641264,0.10218438638589676,-0.021772406559991575,0.00032809391178270544,normal
2019-03-07,Aventurero,0.693,0.38764338864970505,0.6269512603434861,0.07438290964377779,-0.00590801675209307,0.0021037312672456294,estres
2019-04-05,Aventurero,0.693,0.5646458616497679,0.2635338021768444,0.09842559443736029,-0.019909624586177177,-0.0001615726998903063,calma
2019-05-07,Aventurero,0.693,0.37124132191366876,0.6606276113054743,0.13179057635673025,-0.02730200163251939,0.0019913147355182658,estres
2019-06-06,Aventurero,0.693,0.43139608908541904,0.5371192093513621,0.0923614457779406,-0.01905085529584305,0.0019451328249846258,normal
2019-07-08,Aventurero,0.693,0.4113847740526486,0.5782059869568861,0.1340718880210885,-0.045003651443697446,-0.0007768830050575147,estres
2019-08-06,Aventurero,0.693,0.29574187694547704,0.8156413572621352,0.15872573892734038,-0.02319048955742742,0.0029257588836504706,crisis
2019-09-05,Aventurero,0.693,0.38099369027781477,0.640604270038364,0.1309708906744902,-0.03236385573352696,0.00011708128774948425,estres
2019-10-04,Aventurero,0.693,0.48228879598553054,0.43262745922280965,0.08807029870173017,-0.019860438027118343,-0.000773023380904613,normal
2019-11-04,Aventurero,0.693,0.5279630153896292,0.3388501891189215,0.07840644549253648,-0.015025776552289538,0.000770099255861793,calma
2019-12-04,Aventurero,0.693,0.484970121380374,0.4271222228100318,0.06195537315757239,-0.0158909049261986,-1.5523150502929127e-05,normal
2020-01-06,Aventurero,0.693,0.4986995543064833,0.39893326289604075,0.15872961147936795,-0.025943483953764335,0.0030942018005060664,normal
2020-02-05,Aventurero,0.693,0.45126720440302426,0.4963202866173405,0.402712129599136,-0.12378310751072175,-0.0024482121012493288,normal
2020-03-06,Aventurero,0.693,0.316163554701072,0.7737120322326824,0.8482005065179168,-0.19776467226176309,-0.0012040633703889404,crisis
2020-04-06,Aventurero,0.693,0.24771281093409075,0.9142535449459177,0.2318487974239374,-0.04459235266919892,0.00015042492065299145,crisis
2020-05-06,Aventurero,0.693,0.2967642337663005,0.8135422774534431,0.10988148636549519,-0.016945925149565944,0.0015151152455842422,crisis
2020-06-05,Aventurero,0.693,0.4002087314698395,0.6011523838007607,0.21231156598664003,-0.039807430338474004,0.002331493523866144,estres
2020-07-07,Aventurero,0.693,0.35360396959198204,0.6968402225808807,0.11417393797772062,-0.018926823918218427,0.002617736701981909,estres
2020-08-05,Aventurero,0.693,0.3993283097166966,0.6029600457515726,0.19416723916050638,-0.041274463820823115,0.002430334839252095,estres
2020-09-03,Aventurero,0.693,0.399747008833986,0.6021003822318324,0.2205059820021234,-0.055798592930408786,-0.0006719581354719345,estres
2020-10-05,Aventurero,0.693,0.4165277893646157,0.5676464647066713,0.20381610452358734,-0.07871390918288701,-0.0009265646676450415,estres
2020-11-03,Aventurero,0.693,0.3888215524168415,0.6245322812507104,0.11968556050916668,-0.024093187809520078,0.0017881560607164097,estres
2020-12-03,Aventurero,0.693,0.477464916638237,0.4425317387573411,0.11203726925783378,-0.015130332101544797,0.0012131019396405104,normal
2021-01-05,Aventurero,0.693,0.46676015558596706,0.46451051106464,0.15553540487611153,-0.0479861337637868,-0.0004926686136057911,normal
2021-02-04,Aventurero,0.693,0.5636788492785098,0.26551925001845844,0.16840753440881018,-0.10625271744906939,-0.00500492753938434,calma
2021-03-08,Aventurero,0.693,0.5502710778541618,0.2930477818413677,0.1164599595672473,-0.023364089097481555,0.0016718585710643855,calma
2021-04-07,Aventurero,0.693,0.624386426132598,0.14087583177785026,0.10219571765555928,-0.01362151600195316,0.0012633777337710203,calma
2021-05-06,Aventurero,0.693,0.6018860588625689,0.18707307491516503,0.12458700318147715,-0.03692110108789626,2.357665116178729e-05,calma
2021-06-07,Aventurero,0.693,0.6010925925173746,0.1887022019969723,0.09854262522169181,-0.027320551144651484,0.0007485712697857625,calma
2021-07-07,Aventurero,0.693,0.5775373754017302,0.23706523888362546,0.1441976110398406,-0.03409389090504744,0.0014275292353582128,calma
2021-08-05,Aventurero,0.693,0.552434347203352,0.28860620633743533,0.06682958542358083,-0.016259749123302525,0.0017094182321851635,calma
2021-09-03,Aventurero,0.693,0.5582300334777466,0.27670663488810887,0.13429640514218577,-0.0424799574251441,-0.0017205255891120084,calma
2021-10-05,Aventurero,0.693,0.4938898456017391,0.4088084475890789,0.10332077111107185,-0.014517721141910855,0.0030556822289268377,normal
2021-11-03,Aventurero,0.693,0.5512403029280031,0.29105779092905637,0.14857422662143427,-0.03951173264887575,-0.0011516223193774103,calma
2021-12-03,Aventurero,0.693,0.3051304992023893,0.7963648512423994,0.19134958645524694,-0.03098558687451136,0.0022855259340408642,crisis
2022-01-04,Aventurero,0.693,0.4742742599982134,0.44908272251675724,0.1807451060080692,-0.0813030164039128,-0.00240333852242515,normal
2022-02-03,Aventurero,0.693,0.38050437284106997,0.6416089254879993,0.17143365086488607,-0.055705379759443674,-0.0016396061480773525,estres
2022-03-07,Aventurero,0.693,0.22167012383939644,0.9677237987077375,0.1707310180000799,-0.016746732521728314,0.0012684505171598722,crisis
2022-04-05,Aventurero,0.693,0.42047691931523995,0.5595382007694487,0.2369972091491215,-0.06830570899430388,-0.0012274820516612595,estres
2022-05-05,Aventurero,0.693,0.3246509207652675,0.7562859649619802,0.2765358429508643,-0.08706093432834827,-0.0018765857140220718,crisis
2022-06-06,Aventurero,0.693,0.42371813526531915,0.5528834097827345,0.1965281489509312,-0.07490311664060145,5.8893617600091463e-05,estres
2022-07-07,Aventurero,0.693,0.3320195831509081,0.7411567946804063,0.12264102850343991,-0.026504151741128523,-0.00020504130252363062,estres
2022-08-05,Aventurero,0.693,0.45952826619100096,0.4793588621476214,0.11758051610605626,-0.051880678240663,-0.001066043507248291,normal
2022-09-06,Aventurero,0.693,0.3623774768428456,0.678826656723446,0.17133127184132055,-0.06012388705799698,-0.0008072093139721399,estres
2022-10-05,Aventurero,0.693,0.35551925440131027,0.6929078033029252,0.177440250494311,-0.025127326472281886,0.0025590147935177793,estres
2022-11-03,Aventurero,0.693,0.42579753257240466,0.5486140384510735,0.12810247698420132,-0.016570216904173818,0.0036091863248603473,normal
2022-12-05,Aventurero,0.693,0.5935425020070668,0.2042038763842175,0.1376260799131891,-0.020391376877920364,0.0001474067454101216,calma
2023-01-05,Aventurero,0.693,0.5669137713475176,0.2588773814854376,0.14642055472957394,-0.05928576018541554,-0.0020413266517093544,calma
2023-02-06,Aventurero,0.693,0.6140528860282817,0.16209242166454846,0.15370822107840526,-0.042849178251196496,0.00025514151809949144,calma
2023-03-08,Aventurero,0.693,0.5588090814540986,0.2755177467321659,0.15165361930086854,-0.018376371954341053,0.0025222216952377457,calma
2023-04-06,Aventurero,0.693,0.5603962165904144,0.27225907691117046,0.08581031256515546,-0.021575417225713434,0.0004221420419285604,calma
2023-05-08,Aventurero,0.693,0.542085026463454,0.3098551966667609,0.1092156330740305,-0.058889895394159675,-0.0026817650948454735,calma
2023-06-07,Aventurero,0.693,0.5965746072356306,0.19797842678240288,0.1166932975220032,-0.026249792342773914,0.001301410642052378,calma
2023-07-10,Aventurero,0.693,0.5718746636284497,0.2486917901068682,0.09423184615093162,-0.018373025150292155,0.0008244552112724324,calma
2023-08-08,Aventurero,0.693,0.6061488754649016,0.17832075666789518,0.104328185099424,-0.034253062336739415,-0.0011793222278396573,calma
2023-09-07,Aventurero,0.693,0.5836443708032707,0.22452649460369417,0.08532203038465856,-0.06068924839839507,-0.002529036548113864,calma
2023-10-06,Aventurero,0.693,0.5290510419817748,0.3366162776269895,0.09569316026547786,-0.01837177719132188,0.0017320598048440143,calma
2023-11-06,Aventurero,0.693,0.5333649661791873,0.3277590264260603,0.09299777220916813,-0.02750143903431157,4.7338755009748324e-05,calma
2023-12-06,Aventurero,0.693,0.5881236908341116,0.21532965643340168,0.11382555409972192,-0.013127738498726504,0.0029198373536058913,calma
2024-01-08,Aventurero,0.693,0.5704274078250959,0.25166326285782564,0.2308183046989117,-0.01304451137425644,0.005987745005773525,calma
2024-02-07,Aventurero,0.693,0.5880029289230004,0.21557760204701687,0.13822319619651718,-0.019719655143998538,0.0015758436691466694,calma
2024-03-08,Aventurero,0.693,0.524002740840423,0.34698133489287963,0.10801665813772096,-0.027649517624565467,-0.00011605222019438445,calma
2024-04-09,Aventurero,0.693,0.4728626602072392,0.45198098715277846,0.10308810430416541,-0.027863411601675492,0.0012640885041496487,normal
2024-05-08,Aventurero,0.693,0.5332216644092458,0.3280532503659875,0.10694602544610474,-0.011162489967942446,0.0028918194964588535,calma
2024-06-07,Aventurero,0.693,0.5399173967353523,0.3143057248016583,0.09029349502342016,-0.011985932673698962,0.0012231354210305628,calma
2024-07-10,Aventurero,0.693,0.46796090544793256,0.4620451587148494,0.14237960266579405,-0.044240676946866286,-0.0011543160256047038,normal
2024-08-08,Aventurero,0.693,0.28388851459484776,0.8399784116726254,0.09355496110859007,-0.01414774976776334,0.003134194199227963,crisis
2024-09-09,Aventurero,0.693,0.3313875249631342,0.7424545221986774,0.08835589179328263,-0.02617058928321503,-0.00047296578334292654,estres
2024-10-08,Aventurero,0.693,0.39056293208738274,0.62095692005465,0.09416781073293458,-0.030318554356691285,-0.00016516210843063798,estres
2024-11-06,Aventurero,0.693,0.3319355720659852,0.7413292843322346,0.11658727074580506,-0.023088118638563637,0.0023487756810795526,estres
2024-12-06,Aventurero,0.693,0.418787733957245,0.563006397788225,0.12062505153173468,-0.041477691618483914,-0.0031362201673559246,estres
2016-01-04,Analista,0.6,0.3732183867290827,0.5558372874287189,0.18399353710916516,-0.06160078669573055,-0.0007943989547554377,estres
2016-02-03,Analista,0.6,0.31169639972326585,0.7066264712665054,0.1380659107277165,-0.02291078883546771,0.0011711950522182433,estres
2016-03-04,Analista,0.6,0.4155785743778069,0.4520132980936107,0.06957400977897948,-0.005763411417812669,0.0017360160462156985,normal
2016-04-05,Analista,0.6,0.4849849267686162,0.28189968929260734,0.09907347975032123,-0.03209080448690449,-0.000439006354200108,calma
2016-05-04,Analista,0.6,0.4709875576099824,0.31620696664219994,0.10255312598187158,-0.035201233023875234,0.00045951740622848726,calma
2016-06-03,Analista,0.6,0.3696664158291167,0.5645430984580473,0.11552578362251373,-0.02567235053995731,0.0012072200588655792,estres
2016-07-05,Analista,0.6,0.40221014918189013,0.4847790461228183,0.066893554710443,-0.018066007926106686,0.00046316169465747056,normal
2016-08-03,Analista,0.6,0.4876678816786559,0.2753238194150591,0.05381548492140184,-0.016960148935827757,-0.0006029505751372454,calma
2016-09-01,Analista,0.6,0.4945794052179018,0.25838381074043676,0.13141343789013685,-0.024706866416461692,1.685378885161023e-05,calma
2016-10-03,Analista,0.6,0.4823726727234847,0.28830227273655695,0.07647749466284758,-0.03424730940536347,-0.0012000562688016681,calma
2016-11-01,Analista,0.6,0.28910257987514193,0.7620034806981816,0.10474796218158146,-0.032720653369592734,-0.0006771130263177555,crisis
2016-12-01,Analista,0.6,0.4194610106268505,0.4424975229734057,0.07765599844020567,-0.01650934475298982,0.0009092221911195166,normal
2017-01-03,Analista,0.6,0.4310777878066542,0.4140250298856516,0.044835924320999636,-0.01849318672770983,-0.0002992424937994345,normal
2017-02-02,Analista,0.6,0.41587708960003456,0.4512816431371701,0.07314124248029419,-0.005048389675883724,0.0030497501458489366,normal
2017-03-06,Analista,0.6,0.4464991777338182,0.3762275055543672,0.0729538931120071,-0.029792471033053824,-0.0007120813849581021,normal
2017-04-04,Analista,0.6,0.43216296386123454,0.4113652846538369,0.08450709563927195,-0.010851436587645535,0.00024473099126952113,normal
2017-05-04,Analista,0.6,0.47997223475218054,0.2941856991368125,0.08616790754624226,-0.022213657680955623,0.0011824945027674825,calma
2017-06-05,Analista,0.6,0.48853396743178756,0.27320106021620694,0.08379825577871668,-0.03667758572664315,-0.0015293655280963687,calma
2017-07-05,Analista,0.6,0.4618578533011324,0.3385836928893814,0.05838576050340464,-0.010289905267936938,0.00014561670926081243,calma
2017-08-03,Analista,0.6,0.4499063361307071,0.36787662713061986,0.06502256569308627,-0.011336886030536175,0.00043097887614422465,normal
2017-09-01,Analista,0.6,0.47928365547188123,0.2958733934512715,0.07744232653211565,-0.027466372755541535,-0.00017271627484308753,calma
2017-10-03,Analista,0.6,0.49173219370229665,0.26536227033750814,0.06969502765971687,-0.007860149825268503,0.001932582867368945,calma
2017-11-01,Analista,0.6,0.47804144353715405,0.29891803054619104,0.09084303981208879,-0.009667332651686178,0.0021211607849284074,calma
2017-12-01,Analista,0.6,0.377007617126401,0.5465499580235269,0.06939827679980523,-0.005131909099095222,0.0010932343594021396,normal
2018-01-03,Analista,0.6,0.4580017780665583,0.3480348576800041,0.18549019244817702,-0.04606266385724034,0.0027548418690650145,calma
2018-02-02,Analista,0.6,0.3211706096915807,0.6834053684029885,0.28235517427987034,-0.04432070461348958,-0.0011874070569583464,estres
2018-03-06,Analista,0.6,0.2379231773092681,0.8874431928694408,0.21847032495186727,-0.06239981392527716,7.20788736354448e-05,crisis
2018-04-05,Analista,0.6,0.2529139743943616,0.8507010431510746,0.1785947770203253,-0.025014891293428376,0.0016814115418359045,crisis
2018-05-04,Analista,0.6,0.3290626660835571,0.6640620929324581,0.0946003791869723,-0.01762651293089057,0.001576080081992376,estres
2018-06-05,Analista,0.6,0.409086397578737,0.46792549613054657,0.12093364867508873,-0.03446629591787875,0.0001178647029364417,normal
2018-07-05,Analista,0.6,0.38090284734427066,0.5370028251365915,0.10725202112514808,-0.03240036972067095,0.001665017839939873,normal
2018-08-03,Analista,0.6,0.4556038152865796,0.3539122174348539,0.06978320950089482,-0.009478356914875974,0.002582875510047513,normal
2018-09-04,Analista,0.6,0.43321165146162266,0.40879497190778763,0.08955652953588437,-0.01529986524236926,0.00037352098518206545,normal
2018-10-03,Analista,0.6,0.42526666974585825,0.42826796630917097,0.2975409185983245,-0.07222792724045857,-0.002258544552516447,normal
2018-11-01,Analista,0.6,0.292384973017389,0.7539583994671837,0.19377192374849436,-0.0588337823123537,0.0024385097402167574,crisis
2018-12-03,Analista,0.6,0.3418781092282156,0.632651693068099,0.29533456856383117,-0.12163928091100418,-0.003263984272553837,estres
2019-01-04,Analista,0.6,0.3070481729655058,0.7180191839080741,0.1035990264884931,-0.015206884384906472,0.002232864511126991,estres
2019-02-05,Analista,0.6,0.4467359411611436,0.37564720303641264,0.0948985112391231,-0.01942631459873445,0.00020507406572136959,normal
2019-03-07,Analista,0.6,0.3442038857798576,0.6269512603434861,0.07524594377047707,-0.006393530464016806,0.0022886546969351045,estres
2019-04-05,Analista,0.6,0.49247820871184744,0.2635338021768444,0.09581254011271055,-0.018439815589379793,-0.00018071310073088602,calma
2019-05-07,Analista,0.6,0.3304639345873665,0.6606276113054743,0.13508809418923556,-0.027671216936537957,0.0020313876525971087,estres
2019-06-06,Analista,0.6,0.38085536258464425,0.5371192093513621,0.09151773010826852,-0.01853308514367147,0.0019810601539811392,normal
2019-07-08,Analista,0.6,0.3640919573215905,0.5782059869568861,0.13631754515801195,-0.04619249840692552,-0.0006925255735521515,estres
2019-08-06,Analista,0.6,0.26721832623704883,0.8156413572621352,0.15996669571945654,-0.0239373974552457,0.0029332016702772437,crisis
2019-09-05,Analista,0.6,0.33863345782434745,0.640604270038364,0.12912672086502022,-0.034191821247329224,1.6204856475688226e-05,estres
2019-10-04,Analista,0.6,0.42348799663709363,0.43262745922280965,0.08673539116273363,-0.018481203351937148,-0.0006696350719254756,normal
2019-11-04,Analista,0.6,0.46174912283948,0.3388501891189215,0.08198167586769677,-0.016143401079430686,0.0006911950412528874,calma
2019-12-04,Analista,0.6,0.42573413309350705,0.4271222228100318,0.06247100815355532,-0.016258409336242452,-4.7394004892378997e-05,normal
2020-01-06,Analista,0.6,0.43723522873841536,0.39893326289604075,0.14999985346144187,-0.024584754533107822,0.003153655818300997,normal
2020-02-05,Analista,0.6,0.3975013230601251,0.4963202866173405,0.39772516628608634,-0.12328384193807873,-0.0022818650893078295,normal
2020-03-06,Analista,0.6,0.28432549084906555,0.7737120322326824,0.8552188335482597,-0.19968439599742527,-0.0012302650540718444,crisis
2020-04-06,Analista,0.6,0.22698455366206555,0.9142535449459177,0.23298485908550778,-0.042923331934833886,0.0002399858884805987,crisis
2020-05-06,Analista,0.6,0.2680747507989952,0.8135422774534431,0.1108979365590343,-0.01630082560412116,0.0017206851151624076,crisis
2020-06-05,Analista,0.6,0.3547298274092896,0.6011523838007607,0.21230135651086737,-0.04077877804201635,0.0020939109092193587,estres
2020-07-07,Analista,0.6,0.3156891891870007,0.6968402225808807,0.11207719797711477,-0.019416995014581162,0.0023107572222250444,estres
2020-08-05,Analista,0.6,0.35399230133335835,0.6029600457515726,0.18060933897629375,-0.03887795009905792,0.0021714973927633363,estres
2020-09-03,Analista,0.6,0.3543430440494124,0.6021003822318324,0.20723681100286984,-0.051166188957909586,-0.0006042077575660295,estres
2020-10-05,Analista,0.6,0.36840024239967806,0.5676464647066713,0.1940742293073067,-0.07620571668474574,-0.0008952723767552608,estres
2020-11-03,Analista,0.6,0.3451908292497102,0.6245322812507104,0.11840474577083847,-0.02306211915607581,0.001548657275356342,estres
2020-12-03,Analista,0.6,0.4194470505870048,0.4425317387573411,0.0971348706118789,-0.013286850235117886,0.0010047280349797481,normal
2021-01-05,Analista,0.6,0.4104797114856269,0.46451051106464,0.14480810503215805,-0.043565889339332586,-0.0004400096526556338,normal
2021-02-04,Analista,0.6,0.49166814599246894,0.26551925001845844,0.16652825064873564,-0.1031814241621799,-0.004785001624573032,calma
2021-03-08,Analista,0.6,0.480436505008722,0.2930477818413677,0.11293926314734182,-0.021267721686395014,0.0019202288109843087,calma
2021-04-07,Analista,0.6,0.542522660634637,0.14087583177785026,0.09953890563049285,-0.012373915658254742,0.001386082268686973,calma
2021-05-06,Analista,0.6,0.5236741854346126,0.18707307491516503,0.1287663082221669,-0.0386339461583739,-0.0002353540693523165,calma
2021-06-07,Analista,0.6,0.5230095015852353,0.1887022019969723,0.09963824948609373,-0.028299050397446623,0.0006738927212847954,calma
2021-07-07,Analista,0.6,0.5032773825354808,0.23706523888362546,0.14392307686015499,-0.034754197112325746,0.0015020284265155255,calma
2021-08-05,Analista,0.6,0.4822486678143264,0.28860620633743533,0.06592921478971353,-0.015966373325924543,0.0016359393807249022,calma
2021-09-03,Analista,0.6,0.4871036929656516,0.27670663488810887,0.13206241377658923,-0.04925674893543042,-0.0020960661972038836,calma
2021-10-05,Analista,0.6,0.43320615338365576,0.4088084475890789,0.09255145548428319,-0.013081243153113098,0.0030578702901694886,normal
2021-11-03,Analista,0.6,0.481248421300945,0.29105779092905637,0.1370758764450524,-0.03168593440700995,-0.0008302160248867983,calma
2021-12-03,Analista,0.6,0.275083140693101,0.7963648512423994,0.19621357129147754,-0.03147707923547183,0.0022812361923092235,crisis
2022-01-04,Analista,0.6,0.4167742492131631,0.44908272251675724,0.17765624600979343,-0.0811747912722599,-0.0025294719156281143,normal
2022-02-03,Analista,0.6,0.3382235584008963,0.6416089254879993,0.17588600118366074,-0.057387355968478326,-0.0017744159912365183,estres
2022-03-07,Analista,0.6,0.2051686901272431,0.9677237987077375,0.17214483410585718,-0.017618092009577646,0.0011887775353467429,crisis
2022-04-05,Analista,0.6,0.3717084140860649,0.5595382007694487,0.2379818791452812,-0.0682273108963658,-0.0014034681200954223,estres
2022-05-05,Analista,0.6,0.29143532629551205,0.7562859649619802,0.2763404248951846,-0.08641217491762998,-0.001885346107798423,crisis
2022-06-06,Analista,0.6,0.3744235688086443,0.5528834097827345,0.19969448842624807,-0.06511020703419657,0.0008503588132907595,estres
2022-07-07,Analista,0.6,0.29760802777039425,0.7411567946804063,0.12063436737553866,-0.025510406875911995,-0.00017736721517774915,estres
2022-08-05,Analista,0.6,0.40442158424377045,0.4793588621476214,0.12845661078373471,-0.05776259529702965,-0.0014470719259050487,normal
2022-09-06,Analista,0.6,0.323038724056834,0.678826656723446,0.17581811703229921,-0.06296034623017666,-0.0007721242491942968,estres
2022-10-05,Analista,0.6,0.3172936162524065,0.6929078033029252,0.1805874127874551,-0.026804260896939103,0.0025004200847819646,estres
2022-11-03,Analista,0.6,0.376165472311962,0.5486140384510735,0.13390641252416796,-0.01605319273525807,0.0037530633563269333,normal
2022-12-05,Analista,0.6,0.5166848184352393,0.2042038763842175,0.11586488703395006,-0.020061139471318934,3.308267728517872e-05,calma
2023-01-05,Analista,0.6,0.49437802835394146,0.2588773814854376,0.13872572390870516,-0.0675643352016172,-0.0024295152635045386,calma
2023-02-06,Analista,0.6,0.5338662919608642,0.16209242166454846,0.13781038974381685,-0.038414011792688885,0.00015984724676985413,calma
2023-03-08,Analista,0.6,0.4875887593332763,0.2755177467321659,0.13823421503121627,-0.014663606817937103,0.002432060528747385,calma
2023-04-06,Analista,0.6,0.48891829662024244,0.27225907691117046,0.08254887042806956,-0.01360353970695749,0.0008588469277695167,calma
2023-05-08,Analista,0.6,0.4735790797599615,0.3098551966667609,0.10708044225922136,-0.057519268481818875,-0.0026198118836610862,calma
2023-06-07,Analista,0.6,0.5192248018727796,0.19797842678240288,0.11762524072593741,-0.026607507106718442,0.001317503822444132,calma
2023-07-10,Analista,0.6,0.49853374963639774,0.2486917901068682,0.08874813054546866,-0.017595831720044086,0.0008785140152045647,calma
2023-08-08,Analista,0.6,0.5272451312794988,0.17832075666789518,0.09763155653949768,-0.029298158201667035,-0.0008647367926873111,calma
2023-09-07,Analista,0.6,0.5083931902016927,0.22452649460369417,0.08337385783351059,-0.058492931978842755,-0.0024930124470010223,calma
2023-10-06,Analista,0.6,0.4626605587281883,0.3366162776269895,0.0953718836931428,-0.019135263672361846,0.0016228507321160547,calma
2023-11-06,Analista,0.6,0.46627431721816737,0.3277590264260603,0.08939152508074934,-0.025113645754227476,-0.0001764660334758228,calma
2023-12-06,Analista,0.6,0.5121455001751721,0.21532965643340168,0.11477465864029042,-0.014305277787150072,0.0026926994519563493,calma
2024-01-08,Analista,0.6,0.4973213887540071,0.25166326285782564,0.14205763453420994,-0.010786599129069874,0.004390682958622597,calma
2024-02-07,Analista,0.6,0.5120443383648171,0.21557760204701687,0.11852076331886995,-0.021202496356813816,0.0010387384621047882,calma
2024-03-08,Analista,0.6,0.4584316153637051,0.34698133489287963,0.09790256218515965,-0.032458710807244606,-0.0002500398545951851,calma
2024-04-09,Analista,0.6,0.41559175724166636,0.45198098715277846,0.09347971864526,-0.024363567776009454,0.0015106259853230344,normal
2024-05-08,Analista,0.6,0.4661542738506771,0.3280532503659875,0.10484312229231142,-0.011942014722985173,0.0026916697825061574,calma
2024-06-07,Analista,0.6,0.4717632642809234,0.3143057248016583,0.08788306672197559,-0.013449941219659256,0.0010663923758509155,calma
2024-07-10,Analista,0.6,0.41148557524434143,0.4620451587148494,0.13890956768094695,-0.0433391238824995,-0.001090365874870766,normal
2024-08-08,Analista,0.6,0.2572888080375688,0.8399784116726254,0.09389040305776533,-0.013839151977369069,0.003176505907319973,crisis
2024-09-09,Analista,0.6,0.2970785549429396,0.7424545221986774,0.08961875058463936,-0.025855056642533736,-0.00040209072275582754,estres
2024-10-08,Analista,0.6,0.3466495766177028,0.62095692005465,0.09378173739923013,-0.02970387023734955,-0.00019484952607959588,estres
2024-11-06,Analista,0.6,0.2975376519924483,0.7413292843322346,0.11595736615216976,-0.02318692637380404,0.0022372531956810567,estres
2024-12-06,Analista,0.6,0.3702933897024042,0.563006397788225,0.11992564131612157,-0.04020697710176213,-0.0030744330659827727,estres
2016-01-04,Innovador,0.738,0.446018672913694,0.5558372874287189,0.18629468787697376,-0.0623962524680457,-0.00125808426140385,estres
2016-02-03,Innovador,0.738,0.36680911464370475,0.7066264712665054,0.1368258459062134,-0.021647067047842805,0.0011449994013536028,estres
2016-03-04,Innovador,0.738,0.5005574145114263,0.4520132980936107,0.07018188342076108,-0.006832344248396516,0.0016762501672662883,normal
2016-04-05,Innovador,0.738,0.5899180932145933,0.28189968929260734,0.11155595344232914,-0.03775399627881959,4.867292464624335e-05,calma
2016-05-04,Innovador,0.738,0.5718964804228523,0.31620696664219994,0.10303225832763861,-0.03382845246203614,0.0006747232476071471,calma
2016-06-03,Innovador,0.738,0.44144551037998775,0.5645430984580473,0.11767906178494632,-0.025031372522685946,0.0013145507951048327,estres
2016-07-05,Innovador,0.738,0.4833455670716836,0.4847790461228183,0.06830066750307534,-0.01768708806917696,0.0005836026047604063,normal
2016-08-03,Innovador,0.738,0.5933723976612695,0.2753238194150591,0.051246163563756046,-0.015441113806127338,-0.0003410629485026502,calma
2016-09-01,Innovador,0.738,0.6022709842180486,0.25838381074043676,0.1335739915706179,-0.02592745239780847,0.00022187430148650066,calma
2016-10-03,Innovador,0.738,0.5865548161314866,0.28830227273655695,0.07398835749995762,-0.030464447495824998,-0.0012683338651578839,calma
2016-11-01,Innovador,0.738,0.33771957158924526,0.7620034806981816,0.10461335698614367,-0.03253141018647365,-0.0006623115203350443,crisis
2016-12-01,Innovador,0.738,0.50555605118207,0.4424975229734057,0.08047040095312102,-0.017382767905222973,0.0008190387325863437,normal
2017-01-03,Innovador,0.738,0.5205126518010672,0.4140250298856516,0.04426740316077348,-0.01970336394658878,-0.00048211284960544533,normal
2017-02-02,Innovador,0.738,0.5009417528600445,0.4512816431371701,0.07531666165104649,-0.006079849881653554,0.0031350911138851322,normal
2017-03-06,Innovador,0.738,0.5403676913322909,0.3762275055543672,0.08249067195203336,-0.03427806255374122,-0.0009150674994801594,normal
2017-04-04,Innovador,0.738,0.5219098159713395,0.4113652846538369,0.09146166519983948,-0.011474548453655475,0.00020193288392050904,normal
2017-05-04,Innovador,0.738,0.5834642522434325,0.2941856991368125,0.09847174429591811,-0.025825128083762028,0.0008564100243794792,calma
2017-06-05,Innovador,0.738,0.5944874830684265,0.27320106021620694,0.08142906778076843,-0.0326355913588281,-0.0013536688276230852,calma
2017-07-05,Innovador,0.738,0.5601419861252079,0.3385836928893814,0.06290023842188683,-0.0102876806614417,0.0001980265187348547,calma
2017-08-03,Innovador,0.738,0.5447544077682853,0.36787662713061986,0.0818001286505453,-0.01594248338198101,0.00020621646147711147,normal
2017-09-01,Innovador,0.738,0.582577706420047,0.2958733934512715,0.0808183978738543,-0.031094185937400987,-0.0005587346733645738,calma
2017-10-03,Innovador,0.738,0.598605199391707,0.26536227033750814,0.07884956378975692,-0.009676713898299383,0.002166035505022524,calma
2017-11-01,Innovador,0.738,0.5809783585540859,0.29891803054619104,0.09635244197561026,-0.010010543605968869,0.002372066686550129,calma
2017-12-01,Innovador,0.738,0.45089730705024134,0.5465499580235269,0.06849753039148315,-0.004839452471197103,0.001089655704768456,normal
2018-01-03,Innovador,0.738,0.5551772892606939,0.3480348576800041,0.17982090217636104,-0.04413649877537762,0.002761856016819496,calma
2018-02-02,Innovador,0.738,0.3790071599779102,0.6834053684029885,0.27349369752204766,-0.0423847201461528,-0.0015279938684622028,estres
2018-03-06,Innovador,0.738,0.2718260907856827,0.8874431928694408,0.2142230475462272,-0.06220859693037162,0.00010755915263783376,crisis
2018-04-05,Innovador,0.738,0.2911267420327405,0.8507010431510746,0.17941902903204943,-0.026159430710680276,0.0016991177775586847,crisis
2018-05-04,Innovador,0.738,0.38916818258257974,0.6640620929324581,0.09248015715243338,-0.01614228068022172,0.0016251195098185157,estres
2018-06-05,Innovador,0.738,0.4921987368826239,0.46792549613054657,0.12869235454516093,-0.03540419340253431,0.00013679998080480446,normal
2018-07-05,Innovador,0.738,0.4559124159557485,0.5370028251365915,0.11714881844147952,-0.036368771924273346,0.0016474881375731908,normal
2018-08-03,Innovador,0.738,0.5520899121814713,0.3539122174348539,0.07257679171804349,-0.00855989467874485,0.002602624948450384,normal
2018-09-04,Innovador,0.738,0.5232600012568391,0.40879497190778763,0.09749130834046194,-0.019351499933654814,0.00010204867799475987,normal
2018-10-03,Innovador,0.738,0.5130308372977925,0.42826796630917097,0.3065359123133482,-0.07903472235318088,-0.0024121119726940015,normal
2018-11-01,Innovador,0.738,0.3419456527598884,0.7539583994671837,0.1849681552782275,-0.05497079343926392,0.0024602323096350335,crisis
2018-12-03,Innovador,0.738,0.40566806563132757,0.632651693068099,0.2831150408522655,-0.1162383252142074,-0.0030402607332644985,estres
2019-01-04,Innovador,0.738,0.3608245226930887,0.7180191839080741,0.10878746217236886,-0.016249270561023432,0.0021446324996011144,estres
2019-02-05,Innovador,0.738,0.5406725242449724,0.37564720303641264,0.10031978214654014,-0.020721793490328766,0.000440447141161602,normal
2019-03-07,Innovador,0.738,0.4086625029415667,0.6269512603434861,0.07418283736830557,-0.006226069574940096,0.0020420750590817906,estres
2019-04-05,Innovador,0.738,0.5995656937165036,0.2635338021768444,0.09920746576424078,-0.01968321276915197,-7.723801036023811e-05,calma
2019-05-07,Innovador,0.738,0.39097231578123437,0.6606276113054743,0.1304433835451154,-0.027124760251749813,0.0019718339910002867,estres
2019-06-06,Innovador,0.738,0.45585127932772945,0.5371192093513621,0.09332752990116812,-0.019301946893742317,0.001917845316433137,normal
2019-07-08,Innovador,0.738,0.43426839505154774,0.5782059869568861,0.13330895820296407,-0.04455529682259962,-0.000811778655978401,estres
2019-08-06,Innovador,0.738,0.3095435950302004,0.8156413572621352,0.15811597789489196,-0.022740482608171853,0.0029311948745108845,crisis
2019-09-05,Innovador,0.738,0.4014905769488474,0.640604270038364,0.1324537781991723,-0.03103515658935674,0.0001922014079533323,estres
2019-10-04,Innovador,0.738,0.5107407956702581,0.43262745922280965,0.08992763021472922,-0.020721958166771026,-0.0008378665595564982,normal
2019-11-04,Innovador,0.738,0.5600019956558305,0.3388501891189215,0.07472083026688402,-0.013942282600115319,0.0008034304460279128,calma
2019-12-04,Innovador,0.738,0.5136326963578903,0.4271222228100318,0.06125887299399593,-0.015434847557220799,5.988679726791591e-05,normal
2020-01-06,Innovador,0.738,0.5284403570007098,0.39893326289604075,0.1638548041130073,-0.02669073152382251,0.0030694515749240003,normal
2020-02-05,Innovador,0.738,0.47728295343991106,0.4963202866173405,0.4079553507966715,-0.12421439837539483,-0.002481561550312444,normal
2020-03-06,Innovador,0.738,0.33156906946817194,0.7737120322326824,0.8444603885509844,-0.1965960658596524,-0.0011854501827525319,crisis
2020-04-06,Innovador,0.738,0.2577426128399094,0.9142535449459177,0.23186081804464514,-0.044555689751434424,0.00017031403882715614,crisis
2020-05-06,Innovador,0.738,0.3106462416537063,0.8135422774534431,0.10944189804191339,-0.017332790311798796,0.0013953456962356027,crisis
2020-06-05,Innovador,0.738,0.4222146527894604,0.6011523838007607,0.21338972634239747,-0.039458975566962984,0.002454951265288271,estres
2020-07-07,Innovador,0.738,0.3719498310782634,0.6968402225808807,0.11634571870711512,-0.019059815243929412,0.0027225940277933237,estres
2020-08-05,Innovador,0.738,0.4212650879666989,0.6029600457515726,0.20181684351027881,-0.04248593909718734,0.0025650980902269345,estres
2020-09-03,Innovador,0.738,0.42171666921361844,0.6021003822318324,0.2237776167835322,-0.05661545167549353,-0.0006638213875473853,estres
2020-10-05,Innovador,0.738,0.4398153120895855,0.5676464647066713,0.20637185663676866,-0.07866170721900034,-0.0008582461392046088,estres
2020-11-03,Innovador,0.738,0.40993319265900185,0.6245322812507104,0.12057199011573758,-0.02450296889294379,0.0018976385964038253,estres
2020-12-03,Innovador,0.738,0.5055380776307687,0.4425317387573411,0.11474596361385635,-0.015063916525065335,0.0012189221775447657,normal
2021-01-05,Innovador,0.738,0.4939926285377446,0.46451051106464,0.16040501999384132,-0.04827025587272327,-0.0003926267984732478,normal
2021-02-04,Innovador,0.738,0.5985227379653038,0.26551925001845844,0.16919997498173875,-0.10591153122772434,-0.004965886083163999,calma
2021-03-08,Innovador,0.738,0.5840620001987296,0.2930477818413677,0.11815122550141381,-0.023875951345335933,0.0016633667786088403,calma
2021-04-07,Innovador,0.738,0.6639979255670952,0.14087583177785026,0.1042986963458901,-0.01423318930679418,0.0012096414658403095,calma
2021-05-06,Innovador,0.738,0.6397305137470638,0.18707307491516503,0.12215620566959527,-0.0357940064171306,0.0001172169432756341,calma
2021-06-07,Innovador,0.738,0.6388747332909904,0.1887022019969723,0.09828387689325095,-0.02702543832602433,0.0007816910595890259,calma
2021-07-07,Innovador,0.738,0.6134696300144316,0.23706523888362546,0.14874984530618057,-0.035883074665488346,0.0013730993459560542,calma
2021-08-05,Innovador,0.738,0.5863951598109453,0.28860620633743533,0.06718080208068239,-0.016321938929019342,0.001732285205607261,calma
2021-09-03,Innovador,0.738,0.5926460046932764,0.27670663488810887,0.1351812612022009,-0.04072113289185775,-0.001590862021530794,calma
2021-10-05,Innovador,0.738,0.5232529224814568,0.4088084475890789,0.1118992413173296,-0.015903359908618242,0.0030253677816728043,normal
2021-11-03,Innovador,0.738,0.5851073424249666,0.29105779092905637,0.15401090912830995,-0.04236433250523963,-0.0012735929944505298,calma
2021-12-03,Innovador,0.738,0.31966954364236755,0.7963648512423994,0.1887699616716071,-0.030715197003189254,0.0022889623717401173,crisis
2022-01-04,Innovador,0.738,0.5020968458619475,0.44908272251675724,0.1826442333673438,-0.08035199973469531,-0.0022237179434325565,normal
2022-02-03,Innovador,0.738,0.400962831441154,0.6416089254879993,0.16658612861507952,-0.0532327791753906,-0.001232655595417805,estres
2022-03-07,Innovador,0.738,0.22965468853882542,0.9677237987077375,0.17009688338628198,-0.016355822415201615,0.0013029491263617055,crisis
2022-04-05,Innovador,0.738,0.44407458313580855,0.5595382007694487,0.2376889023606131,-0.06919911227445696,-0.001172875123670256,estres
2022-05-05,Innovador,0.738,0.3407229826054718,0.7562859649619802,0.27494363243251985,-0.08693493370887884,-0.0018783927393087093,crisis
2022-06-06,Innovador,0.738,0.44757034484112956,0.5528834097827345,0.1996950729681509,-0.0816977579630993,-0.0004691317486277731,estres
2022-07-07,Innovador,0.738,0.3486703357543826,0.7411567946804063,0.12511721741764525,-0.027688364586095027,-0.00027933179301957477,estres
2022-08-05,Innovador,0.738,0.4861927897138545,0.4793588621476214,0.1128269021568606,-0.04735161957133749,-0.0007686577755210093,normal
2022-09-06,Innovador,0.738,0.3814123572231738,0.678826656723446,0.1711745560068433,-0.06108292852905883,-0.0008453494160512944,estres
2022-10-05,Innovador,0.738,0.37401553092497336,0.6929078033029252,0.17612534175364858,-0.0247760385774084,0.00250188563690767,estres
2022-11-03,Innovador,0.738,0.4498130456016511,0.5486140384510735,0.12622295528173594,-0.014593100610867604,0.003431119765661206,normal
2022-12-05,Innovador,0.738,0.6307317037353706,0.2042038763842175,0.1567897896079986,-0.02114362534091907,0.00027281308226297817,calma
2023-01-05,Innovador,0.738,0.6020117115056997,0.2588773814854376,0.1534249194438962,-0.05480690529709564,-0.001825643308572369,calma
2023-02-06,Innovador,0.738,0.6528528508996126,0.16209242166454846,0.15432126990570755,-0.0432496368903329,0.00019231796328957664,calma
2023-03-08,Innovador,0.738,0.5932705276415933,0.2755177467321659,0.15288864524465107,-0.018897366537056426,0.0025965874190889745,calma
2023-04-06,Innovador,0.738,0.5949823068985621,0.27225907691117046,0.09064109755388855,-0.024275023360977865,0.00039729837047053763,calma
2023-05-08,Innovador,0.738,0.5752330651909505,0.3098551966667609,0.10823746835356206,-0.058602913311634586,-0.0026351177595013453,calma
2023-06-07,Innovador,0.738,0.6340019324112037,0.19797842678240288,0.11778978705581458,-0.02645287980668176,0.0013630182212357245,calma
2023-07-10,Innovador,0.738,0.6073622026568621,0.2486917901068682,0.09962235044422091,-0.01690476508017713,0.0007645403308300524,calma
2023-08-08,Innovador,0.738,0.6443281065223546,0.17832075666789518,0.10777839532639406,-0.03608703976263283,-0.0013001319371401653,calma
2023-09-07,Innovador,0.738,0.6200562323846794,0.22452649460369417,0.09177096816660568,-0.060999934819183754,-0.002360245685288901,calma
2023-10-06,Innovador,0.738,0.5611754693625424,0.3366162776269895,0.09172597782774283,-0.018013229891765792,0.0017363058394210642,calma
2023-11-06,Innovador,0.738,0.5658281834183905,0.3277590264260603,0.09500111094813073,-0.02809812034124981,0.00013112670735645682,calma
2023-12-06,Innovador,0.738,0.6248873314755341,0.21532965643340168,0.11534384442275526,-0.012540938247129652,0.0030530604161020693,calma
2024-01-08,Innovador,0.738,0.6058012880207841,0.25166326285782564,0.24855760967480725,-0.013598118561984118,0.0062043958062187,calma
2024-02-07,Innovador,0.738,0.624757085644702,0.21557760204701687,0.15610322401235968,-0.01922773402989153,0.001891243347502476,calma
2024-03-08,Innovador,0.738,0.5557307047807704,0.34698133489287963,0.11148142369234547,-0.026302145141626432,-3.510491657367512e-05,calma
2024-04-09,Innovador,0.738,0.5005743874486455,0.45198098715277846,0.11211444980861539,-0.029858645142343043,0.00095501472436207,normal
2024-05-08,Innovador,0.738,0.5656736275827468,0.3280532503659875,0.10581619175340132,-0.011398978414480343,0.0028782061623305586,calma
2024-06-07,Innovador,0.738,0.5728952027616889,0.3143057248016583,0.0928986853745915,-0.011542933107779207,0.0013231076789815492,calma
2024-07-10,Innovador,0.738,0.4952876781270896,0.4620451587148494,0.1448186069072531,-0.04468093694369413,-0.0011873179860553864,normal
2024-08-08,Innovador,0.738,0.29675934034836987,0.8399784116726254,0.09356823545676111,-0.014268981967075267,0.003120144796078931,crisis
2024-09-09,Innovador,0.738,0.3479886394890348,0.7424545221986774,0.0881613165909456,-0.02641558722276327,-0.0005055569899863002,estres
2024-10-08,Innovador,0.738,0.4118113298952924,0.62095692005465,0.0942822077887436,-0.030512644465089167,-0.0001385952610053204,estres
2024-11-06,Innovador,0.738,0.3485797269402772,0.7413292843322346,0.11689955676103059,-0.022969242006661617,0.0024089015864275937,estres
2024-12-06,Innovador,0.738,0.4422527392418454,0.563006397788225,0.12109675633496003,-0.04205457093748799,-0.00316171633275899,estres
2016-01-04,Visionario,0.865,0.5130160377357638,0.5558372874287189,0.201258492252478,-0.06371026872704677,-0.001735912729622884,estres
2016-02-03,Visionario,0.865,0.4175287870704855,0.7066264712665054,0.13849848937135495,-0.021296524708384834,0.0010569258119109341,estres
2016-03-04,Visionario,0.865,0.578762578982221,0.4520132980936107,0.0764776848667462,-0.008331873008490032,0.0016268987597791208,normal
2016-04-05,Visionario,0.865,0.6864870217554564,0.28189968929260734,0.13138408685818673,-0.040754561490624175,0.0005562165231732119,calma
2016-05-04,Visionario,0.865,0.6647619383738269,0.31620696664219994,0.1071543899349589,-0.032243957834013015,0.0009938666096927541,calma
2016-06-03,Visionario,0.865,0.5075030829014415,0.5645430984580473,0.12104094568837694,-0.025832940531440474,0.001328295324028572,estres
2016-07-05,Visionario,0.865,0.5580136690427253,0.4847790461228183,0.06895594070430754,-0.016877490376554283,0.0006422085676640093,normal
2016-08-03,Visionario,0.865,0.6906511913554139,0.2753238194150591,0.05256279027353686,-0.015724550462082654,-0.00018973000069315776,calma
2016-09-01,Visionario,0.865,0.7013784518486184,0.25838381074043676,0.13730440058297136,-0.0271170899268266,0.0004366036444182292,calma
2016-10-03,Visionario,0.865,0.6824325857895753,0.28830227273655695,0.07958790901566055,-0.030095116649391573,-0.0014227287120742163,calma
2016-11-01,Visionario,0.865,0.3824612958478766,0.7620034806981816,0.10464811432502151,-0.03249630118014135,-0.0006482770942034271,crisis
2016-12-01,Visionario,0.865,0.5847884435770909,0.4424975229734057,0.08324074299104364,-0.01825006308979671,0.000775339157325365,normal
2017-01-03,Visionario,0.865,0.6028186498249111,0.4140250298856516,0.044022300866015864,-0.020867631556862776,-0.0006600089238747347,normal
2017-02-02,Visionario,0.865,0.579225899483387,0.4512816431371701,0.07952913967082968,-0.006773541461584043,0.003214788307767738,normal
2017-03-06,Visionario,0.865,0.626753932107697,0.3762275055543672,0.09295256958345277,-0.03841109597534298,-0.0010759383386278435,normal
2017-04-04,Visionario,0.865,0.6045029334929577,0.4113652846538369,0.09951137039637374,-0.012823433351105695,0.0001297547094138456,normal
2017-05-04,Visionario,0.865,0.6787069060216135,0.2941856991368125,0.10772592656698166,-0.026386103699632346,0.0006987692710915415,calma
2017-06-05,Visionario,0.865,0.6919954286180869,0.27320106021620694,0.07985965772729042,-0.024063883568139155,-0.0007640292964441801,calma
2017-07-05,Visionario,0.865,0.6505918764777993,0.3385836928893814,0.06794281032610419,-0.01254353652373763,0.00010171461632626179,calma
2017-08-03,Visionario,0.865,0.632042125869535,0.36787662713061986,0.09657519287045196,-0.01957315256230585,0.00014910700802890143,normal
2017-09-01,Visionario,0.865,0.6776381735969823,0.2958733934512715,0.08214539978325326,-0.025429512436076385,-0.00017680975801843732,calma
2017-10-03,Visionario,0.865,0.696959342308773,0.26536227033750814,0.08179079037729041,-0.010574218250278933,0.0022387625777073685,calma
2017-11-01,Visionario,0.865,0.6757101571566245,0.29891803054619104,0.09653974885689096,-0.009331698793699328,0.002513455475649733,calma
2017-12-01,Visionario,0.865,0.5188972390816016,0.5465499580235269,0.07244506888538027,-0.005025383265392924,0.0010654734681350014,normal
2018-01-03,Visionario,0.865,0.6446069263741374,0.3480348576800041,0.1761242673169676,-0.04300423848774848,0.0028045342630105253,calma
2018-02-02,Visionario,0.865,0.43223355045880757,0.6834053684029885,0.270322574512354,-0.043778843294201564,-0.001725355395685963,estres
2018-03-06,Visionario,0.865,0.30302659811542654,0.8874431928694408,0.21215458234701096,-0.06167138638908676,0.00016512537931947466,crisis
2018-04-05,Visionario,0.865,0.326293564424582,0.8507010431510746,0.1795088588000218,-0.027536989951557178,0.0016631031595628525,crisis
2018-05-04,Visionario,0.865,0.4444826796505209,0.6640620929324581,0.08999896471772748,-0.013943024653543135,0.00170830809905552,estres
2018-06-05,Visionario,0.865,0.5686861795753314,0.46792549613054657,0.13542117327811007,-0.03579086849709878,0.00021667809049085547,normal
2018-07-05,Visionario,0.865,0.5249429609822535,0.5370028251365915,0.13370470144889496,-0.04214808398321401,0.0017184131684375337,normal
2018-08-03,Visionario,0.865,0.6408850883093788,0.3539122174348539,0.08071451053083631,-0.010879736455398858,0.002662637102584274,normal
2018-09-04,Visionario,0.865,0.6061305840393935,0.40879497190778763,0.10224756663319069,-0.020993083622302122,-0.00017742896531601152,normal
2018-10-03,Visionario,0.865,0.5937993103347174,0.42826796630917097,0.34896140299148337,-0.09705406032623332,-0.003070610589121904,normal
2018-11-01,Visionario,0.865,0.3875558435374059,0.7539583994671837,0.1761818167050919,-0.05031791776360073,0.002485042691454566,crisis
2018-12-03,Visionario,0.865,0.4643733153646263,0.632651693068099,0.27079932992111844,-0.10953226167821406,-0.0027363445931874995,estres
2019-01-04,Visionario,0.865,0.4103143517902121,0.7180191839080741,0.1140249552484505,-0.0174283523813743,0.0020291339552763444,estres
2019-02-05,Visionario,0.865,0.6271214086771917,0.37564720303641264,0.09096739044710679,-0.0161961214364027,0.0006794229281903324,normal
2019-03-07,Visionario,0.865,0.4679831143874874,0.6269512603434861,0.0738625667184854,-0.007331639232489917,0.0018610896045589088,estres
2019-04-05,Visionario,0.865,0.6981172197715133,0.2635338021768444,0.11289416873978579,-0.02487007735915936,0.00011648115598118311,calma
2019-05-07,Visionario,0.865,0.4466575651408084,0.6606276113054743,0.12639049229494353,-0.02628340505566329,0.0019251494602256915,estres
2019-06-06,Visionario,0.865,0.5248692606782499,0.5371192093513621,0.09231263052369766,-0.018770867754811182,0.001853995403780843,normal
2019-07-08,Visionario,0.865,0.4988510587595519,0.5782059869568861,0.13262860653982728,-0.041958910988818654,-0.0007850727492340224,estres
2019-08-06,Visionario,0.865,0.3484951105137529,0.8156413572621352,0.15641632731098207,-0.021134603492762638,0.002955359323782809,crisis
2019-09-05,Visionario,0.865,0.45933734599820597,0.640604270038364,0.13005342020214358,-0.027107315654100517,0.0003483861795438235,estres
2019-10-04,Visionario,0.865,0.5910386614471558,0.43262745922280965,0.09740836334600113,-0.023105921083549585,-0.0010065911843806098,normal
2019-11-04,Visionario,0.865,0.6504231177404429,0.3388501891189215,0.06945567748918917,-0.01155966011753784,0.0009438622288976658,calma
2019-12-04,Visionario,0.865,0.5945248524055473,0.4271222228100318,0.058190435072733616,-0.010943684683348276,0.0007226686003720527,normal
2020-01-06,Visionario,0.865,0.6123755112710823,0.39893326289604075,0.16966417551633306,-0.02752134277717666,0.0030311762209880486,normal
2020-02-05,Visionario,0.865,0.5507051784995691,0.4963202866173405,0.410674701472359,-0.12413890788768389,-0.0026937038764063216,normal
2020-03-06,Visionario,0.865,0.37504685558865386,0.7737120322326824,0.8326603842429616,-0.19227948397239958,-0.001108000538425562,crisis
2020-04-06,Visionario,0.865,0.28604894266299763,0.9142535449459177,0.2320392038885135,-0.044426809590278116,0.0002205123438754302,crisis
2020-05-06,Visionario,0.865,0.34982435280260715,0.8135422774534431,0.10874982568323131,-0.018753844029975042,0.0009716896388797796,crisis
2020-06-05,Visionario,0.865,0.4843202529581683,0.6011523838007607,0.21193455550266435,-0.03953057917895897,0.0023309970038656877,estres
2020-07-07,Visionario,0.865,0.4237259290506573,0.6968402225808807,0.13235404678279958,-0.02191700242677319,0.003065585184955171,estres
2020-08-05,Visionario,0.865,0.4831755510278167,0.6029600457515726,0.21435681700490994,-0.04418647120183916,0.0028353475795274163,estres
2020-09-03,Visionario,0.865,0.48371993295169213,0.6021003822318324,0.2367620913055477,-0.05996635139044226,-0.0006566547808822148,estres
2020-10-05,Visionario,0.865,0.5055378762245004,0.5676464647066713,0.2149261741043547,-0.07986511023628351,-0.0008069730615491695,estres
2020-11-03,Visionario,0.865,0.4695149328979877,0.6245322812507104,0.12398365061016742,-0.02543047860841141,0.002205798181915288,estres
2020-12-03,Visionario,0.865,0.5847667764319138,0.4425317387573411,0.11832913131000126,-0.016966198330524374,0.0011998608764994974,normal
2021-01-05,Visionario,0.865,0.5708487188683167,0.46451051106464,0.168702039571739,-0.04788595606406976,-0.00018660618299537972,normal
2021-02-04,Visionario,0.865,0.6968599349258112,0.26551925001845844,0.17738588832846744,-0.10813524821181364,-0.005045259371342817,calma
2021-03-08,Visionario,0.865,0.6794274921489539,0.2930477818413677,0.12523757296439386,-0.025665292190303446,0.0015778265189372784,calma
2021-04-07,Visionario,0.865,0.7757903795266763,0.14087583177785026,0.11350997373872158,-0.017422173442444677,0.0010683313488507342,calma
2021-05-06,Visionario,0.865,0.7465359753099717,0.18707307491516503,0.12067764757272575,-0.03471989966331879,0.0003040392830465424,calma
2021-06-07,Visionario,0.865,0.7455043305854173,0.1887022019969723,0.09760847844001423,-0.02745421270232906,0.000812184606878125,calma
2021-07-07,Visionario,0.865,0.7148784374769441,0.23706523888362546,0.158885560542574,-0.039710797211368276,0.001259061456080165,calma
2021-08-05,Visionario,0.865,0.6822401198368191,0.28860620633743533,0.07150333095568508,-0.01710086446973702,0.0018283292663608033,calma
2021-09-03,Visionario,0.865,0.689775523457105,0.27670663488810887,0.14909412849863915,-0.036890965113984375,-0.001203484148485873,calma
2021-10-05,Visionario,0.865,0.6061220505642158,0.4088084475890789,0.10453468845562497,-0.016646053217936885,0.0029309818514109977,normal
2021-11-03,Visionario,0.865,0.6806876538941751,0.29105779092905637,0.16681695089529494,-0.049161370704786767,-0.0015362712254776926,calma
2021-12-03,Visionario,0.865,0.36070195795075055,0.7963648512423994,0.18476279823034938,-0.03056571449172385,0.002275833492078537,crisis
2022-01-04,Visionario,0.865,0.5806183659662635,0.44908272251675724,0.17015021092367885,-0.0616386923008454,-0.0009736075487606953,normal
2022-02-03,Visionario,0.865,0.4587011479347245,0.6416089254879993,0.15757053394804046,-0.04651365904073457,-0.00018201012297268908,estres
2022-03-07,Visionario,0.865,0.2521889044683252,0.9677237987077375,0.16846253234926079,-0.015371519398125422,0.00138478056916953,crisis
2022-04-05,Visionario,0.865,0.5106724343627466,0.5595382007694487,0.24259714168237254,-0.07249719209612693,-0.0010598892417785712,estres
2022-05-05,Visionario,0.865,0.38608191268782605,0.7562859649619802,0.26730873298913255,-0.08509580483345269,-0.001883225200589812,crisis
2022-06-06,Visionario,0.865,0.5148865807550833,0.5528834097827345,0.22246935336972976,-0.09759222017022584,-0.001705768978105536,estres
2022-07-07,Visionario,0.865,0.39566245976863273,0.7411567946804063,0.12485096515822099,-0.027481490758951344,-0.0002859422424913579,estres
2022-08-05,Visionario,0.865,0.5614460005450188,0.4793588621476214,0.12873475854596486,-0.04536873664938923,0.00040226104307734156,normal
2022-09-06,Visionario,0.865,0.43513301962987777,0.678826656723446,0.16912019765072736,-0.063463425098222,-0.0009260059186096769,estres
2022-10-05,Visionario,0.865,0.4262161335584226,0.6929078033029252,0.17359012978008015,-0.023138636270834012,0.0026209895908506898,estres
2022-11-03,Visionario,0.865,0.5175901601508577,0.5486140384510735,0.13448186170131976,-0.018257182155802965,0.0022889235363535354,normal
2022-12-05,Visionario,0.865,0.7356878952796942,0.2042038763842175,0.17341753548357394,-0.02515743827390271,-3.5488990669623656e-05,calma
2023-01-05,Visionario,0.865,0.7010658981743466,0.2588773814854376,0.18356505623024807,-0.04475677767788422,-0.0009491499325358422,calma
2023-02-06,Visionario,0.865,0.7623549739809247,0.16209242166454846,0.14636344071891677,-0.04197707487797653,-6.154902651728773e-06,calma
2023-03-08,Visionario,0.865,0.6905283868818559,0.2755177467321659,0.16248334488205715,-0.021984391548286464,0.0025168105578556397,calma
2023-04-06,Visionario,0.865,0.6925919395460013,0.27225907691117046,0.10294590890571342,-0.032902476594542374,0.00019608679638936078,calma
2023-05-08,Visionario,0.865,0.6687841967107737,0.3098551966667609,0.10789388000209678,-0.058217366638610546,-0.0026436148765865797,calma
2023-06-07,Visionario,0.865,0.7396301612400433,0.19797842678240288,0.12288053421953328,-0.026511864756011194,0.0016657387924619098,calma
2023-07-10,Visionario,0.865,0.7075159239148257,0.2486917901068682,0.0918710940881632,-0.021602258344898373,0.0011467598353346769,calma
2023-08-08,Visionario,0.865,0.7520783808400554,0.17832075666789518,0.12593768839285796,-0.041151170876051135,-0.0015173633967432488,calma
2023-09-07,Visionario,0.865,0.7228185972922107,0.22452649460369417,0.11729995543483764,-0.05956155378311101,-0.0016520826871992186,calma
2023-10-06,Visionario,0.865,0.6518377421927088,0.3366162776269895,0.12119432722839088,-0.031698850501032605,0.0014909044045795894,calma
2023-11-06,Visionario,0.865,0.6574465965156973,0.3277590264260603,0.10517497393244622,-0.03187229110519596,0.0002807950348169007,calma
2023-12-06,Visionario,0.865,0.7286424950635484,0.21532965643340168,0.12333286370753598,-0.014120653345362277,0.0034079510182090313,calma
2024-01-08,Visionario,0.865,0.7056342387952819,0.25166326285782564,0.3404373406030994,-0.018680007139380117,0.007795705102234543,calma
2024-02-07,Visionario,0.865,0.7284854835037265,0.21557760204701687,0.16666104659861702,-0.017970337042563234,0.0019940099202045004,calma
2024-03-08,Visionario,0.865,0.645274069679084,0.34698133489287963,0.12046260096642221,-0.02387516870042905,0.0001475166713327391,calma
2024-04-09,Visionario,0.865,0.578783039885503,0.45198098715277846,0.1449677301301101,-0.0419803228340917,0.0003568533275020124,normal
2024-05-08,Visionario,0.865,0.6572602792057385,0.3280532503659875,0.10717422433774282,-0.012100886292849222,0.0028847390907064184,calma
2024-06-07,Visionario,0.865,0.6659658997693498,0.3143057248016583,0.10571713486807989,-0.01258142119482697,0.001680521221389606,calma
2024-07-10,Visionario,0.865,0.5724099032438217,0.4620451587148494,0.14291762771672512,-0.044485285067156655,-0.0011362995052951147,normal
2024-08-08,Visionario,0.865,0.3330836708083099,0.8399784116726254,0.09409902103612776,-0.014541908601018116,0.003098049131227418,crisis
2024-09-09,Visionario,0.865,0.39484067381768756,0.7424545221986774,0.08716382515341733,-0.026877140659813392,-0.0005760855486606558,estres
2024-10-08,Visionario,0.865,0.4717790303753929,0.62095692005465,0.09494599703847718,-0.031228455591165827,-8.907899008831447e-05,estres
2024-11-06,Visionario,0.865,0.3955532306966125,0.7413292843322346,0.11785569511366518,-0.02231853055463906,0.0026023762983922493,estres
2024-12-06,Visionario,0.865,0.5084761986006066,0.563006397788225,0.1230169311833074,-0.043638572274778076,-0.0032190153193278025,estres
