date,profile,base_orness,eff_orness,stress,vol,maxdd,mean_ret,regime
2016-01-04,Guardián,0.158,0.158,0.5558372874287189,0.20596413946119904,-0.06765224877711706,-0.0009784441258242143,estres
2016-02-03,Guardián,0.158,0.158,0.7066264712665054,0.15509599209906325,-0.027676730911257108,0.0013383495009901068,estres
2016-03-04,Guardián,0.158,0.158,0.4520132980936107,0.07352291495555671,-0.007159840890835212,0.0018827045908122123,normal
2016-04-05,Guardián,0.158,0.158,0.28189968929260734,0.08647140983359458,-0.0215526054577887,6.359324739439558e-05,calma
2016-05-04,Guardián,0.158,0.158,0.31620696664219994,0.10427710065864973,-0.03390215268923902,0.0005624673918889827,calma
2016-06-03,Guardián,0.158,0.158,0.5645430984580473,0.11898940091895871,-0.028678199615266853,0.0010214523142408893,estres
2016-07-05,Guardián,0.158,0.158,0.4847790461228183,0.0635852324814637,-0.017673817131736547,0.00038711504220568474,normal
2016-08-03,Guardián,0.158,0.158,0.2753238194150591,0.0517154972248726,-0.019291411747075604,-0.0007402839605090564,calma
2016-09-01,Guardián,0.158,0.158,0.25838381074043676,0.1305581620682101,-0.023227610233263807,8.574235755321514e-05,calma
2016-10-03,Guardián,0.158,0.158,0.28830227273655695,0.07173527145587176,-0.03264182027008622,-0.0010112314134408174,calma
2016-11-01,Guardián,0.158,0.158,0.7620034806981816,0.10515993322723557,-0.033447784920276336,-0.0007662537124474689,crisis
2016-12-01,Guardián,0.158,0.158,0.4424975229734057,0.07883634698786678,-0.016691230916415445,0.0009187565031546272,normal
2017-01-03,Guardián,0.158,0.158,0.4140250298856516,0.04658346073204537,-0.014602578720114612,0.00017768421096213532,normal
2017-02-02,Guardián,0.158,0.158,0.4512816431371701,0.07323335921135864,-0.0071397560660227954,0.0029957753312859956,normal
2017-03-06,Guardián,0.158,0.158,0.3762275055543672,0.058601634791322736,-0.020631430360020575,-0.0002786983563019799,normal
2017-04-04,Guardián,0.158,0.158,0.4113652846538369,0.0697237115109159,-0.005611722207054526,0.0007911858687058777,normal
2017-05-04,Guardián,0.158,0.158,0.2941856991368125,0.0860419516154596,-0.020884156648466656,0.000969195441842217,calma
2017-06-05,Guardián,0.158,0.158,0.27320106021620694,0.08324378689948231,-0.03200935621322898,-0.0013182517059373267,calma
2017-07-05,Guardián,0.158,0.158,0.3385836928893814,0.05745400980392506,-0.005443343556636782,0.00135924690112535,calma
2017-08-03,Guardián,0.158,0.158,0.36787662713061986,0.07323969224586477,-0.010788021873358922,0.0007462842319534143,normal
2017-09-01,Guardián,0.158,0.158,0.2958733934512715,0.07416156449875738,-0.018442945756618645,0.0009426563755149395,calma
2017-10-03,Guardián,0.158,0.158,0.26536227033750814,0.05816121607101873,-0.006675447195473194,0.001757030006991317,calma
2017-11-01,Guardián,0.158,0.158,0.29891803054619104,0.09981672995537134,-0.009674666016119993,0.0021260127762522296,calma
2017-12-01,Guardián,0.158,0.158,0.5465499580235269,0.08393030602233678,-0.006453773480104452,0.0012660531081233192,normal
2018-01-03,Guardián,0.158,0.158,0.3480348576800041,0.19128099181565303,-0.047419007472186636,0.0030676938732768617,calma
2018-02-02,Guardián,0.158,0.158,0.6834053684029885,0.3018094710154541,-0.04527196511689491,-5.186236953326013e-05,estres
2018-03-06,Guardián,0.158,0.158,0.8874431928694408,0.22520569070616817,-0.06338057791861329,-1.8607351780646872e-05,crisis
2018-04-05,Guardián,0.158,0.158,0.8507010431510746,0.179073580202371,-0.023362851796466244,0.001707624030677316,crisis
2018-05-04,Guardián,0.158,0.158,0.6640620929324581,0.09839487597748797,-0.020169392555774546,0.0015562869500372549,estres
2018-06-05,Guardián,0.158,0.158,0.46792549613054657,0.11500323242242312,-0.03436136342382945,4.293736830430835e-05,normal
2018-07-05,Guardián,0.158,0.158,0.5370028251365915,0.10179985254767651,-0.0298277432720524,0.0016636565800415438,normal
2018-08-03,Guardián,0.158,0.158,0.3539122174348539,0.06768337254660972,-0.009195274409997234,0.0026335880514418448,normal
2018-09-04,Guardián,0.158,0.158,0.40879497190778763,0.09194647337745003,-0.01259837295854127,0.00048325109603216223,normal
2018-10-03,Guardián,0.158,0.158,0.42826796630917097,0.29029360983068464,-0.0778730106327914,-0.00277582175180428,normal
2018-11-01,Guardián,0.158,0.158,0.7539583994671837,0.21930932157722965,-0.06867027737647446,0.0023937449132872064,crisis
2018-12-03,Guardián,0.158,0.158,0.632651693068099,0.34143326597023815,-0.13340326871406893,-0.0036654577613779212,estres
2019-01-04,Guardián,0.158,0.158,0.7180191839080741,0.09120907256839364,-0.012279942324650128,0.0026253180343654347,estres
2019-02-05,Guardián,0.158,0.158,0.37564720303641264,0.08167389672891158,-0.011371088971861787,0.0003836650591688201,normal
2019-03-07,Guardián,0.158,0.158,0.6269512603434861,0.09570482716681013,-0.012373205612132954,0.0030204916459669294,estres
2019-04-05,Guardián,0.158,0.158,0.2635338021768444,0.09106960399563019,-0.02437106137830869,-0.0002381043185145094,calma
2019-05-07,Guardián,0.158,0.158,0.6606276113054743,0.15424119300999908,-0.02920639591289631,0.0021234693310174246,estres
2019-06-06,Guardián,0.158,0.158,0.5371192093513621,0.08681598495114036,-0.01558108639010336,0.0022268537065214472,normal
2019-07-08,Guardián,0.158,0.158,0.5782059869568861,0.14717203099217543,-0.05330583074122219,-0.0008281382646986099,estres
2019-08-06,Guardián,0.158,0.158,0.8156413572621352,0.16573810797717642,-0.026616396004839005,0.003028471064055248,crisis
2019-09-05,Guardián,0.158,0.158,0.640604270038364,0.1269198183044899,-0.037296711481629274,-0.00011856856630896742,estres
2019-10-04,Guardián,0.158,0.158,0.43262745922280965,0.08523545572249303,-0.014291250279836243,-0.00018307097178435846,normal
2019-11-04,Guardián,0.158,0.158,0.3388501891189215,0.0697943930268996,-0.011908707506140481,0.0006515673138220113,calma
2019-12-04,Guardián,0.158,0.158,0.4271222228100318,0.06130451463434637,-0.008614209529352657,0.0009021767336969799,normal
2020-01-06,Guardián,0.158,0.158,0.39893326289604075,0.14280214116651593,-0.022766806553532914,0.003155049094586727,normal
2020-02-05,Guardián,0.158,0.158,0.4963202866173405,0.39564863896806235,-0.12769964084329677,-0.0026375583470398057,normal
2020-03-06,Guardián,0.158,0.158,0.7737120322326824,0.8720358172636924,-0.20261178997147322,-0.0012914622510458453,crisis
2020-04-06,Guardián,0.158,0.158,0.9142535449459177,0.23821260705635341,-0.042922959549248074,0.0005346572257047535,crisis
2020-05-06,Guardián,0.158,0.158,0.8135422774534431,0.11018862978812674,-0.015859369148169544,0.0019992903796948185,crisis
2020-06-05,Guardián,0.158,0.158,0.6011523838007607,0.21118667792367257,-0.042390393015211636,0.0015572833050648436,estres
2020-07-07,Guardián,0.158,0.158,0.6968402225808807,0.09566766241849724,-0.012941261351137157,0.0013126552303835551,estres
2020-08-05,Guardián,0.158,0.158,0.6029600457515726,0.15160229325042107,-0.030458166524200858,0.0015422762457283944,estres
2020-09-03,Guardián,0.158,0.158,0.6021003822318324,0.17123112074758093,-0.036232178763394685,-0.0004693765027633547,estres
2020-10-05,Guardián,0.158,0.158,0.5676464647066713,0.18526974233137233,-0.07388755909065514,-0.000875235635175748,estres
2020-11-03,Guardián,0.158,0.158,0.6245322812507104,0.11127842569493479,-0.022314501572353262,0.0018198722751312994,estres
2020-12-03,Guardián,0.158,0.158,0.4425317387573411,0.07963298101645122,-0.014524679512069816,0.0005394487535786821,normal
2021-01-05,Guardián,0.158,0.158,0.46451051106464,0.1498870144185227,-0.03702826240278334,-0.000422693489098915,normal
2021-02-04,Guardián,0.158,0.158,0.26551925001845844,0.125813620167086,-0.08065388211067981,-0.0028483433915647014,calma
2021-03-08,Guardián,0.158,0.158,0.2930477818413677,0.12096193129064076,-0.02021176003149383,0.0032699766807715433,calma
2021-04-07,Guardián,0.158,0.158,0.14087583177785026,0.11373628444708718,-0.014300500710011432,0.0030495786680524222,calma
2021-05-06,Guardián,0.158,0.158,0.18707307491516503,0.12360131089387917,-0.03744236557297209,-0.0013251586248204234,calma
2021-06-07,Guardián,0.158,0.158,0.1887022019969723,0.10258360595048743,-0.018981654570554674,0.0017036862169583192,calma
2021-07-07,Guardián,0.158,0.158,0.23706523888362546,0.09730293601045888,-0.014435745226181296,0.0018457668159448735,calma
2021-08-05,Guardián,0.158,0.158,0.28860620633743533,0.072242098436466,-0.016282793610992385,0.0010333569521978221,calma
2021-09-03,Guardián,0.158,0.158,0.27670663488810887,0.12608387775351898,-0.05251697554870216,-0.0023554100749963638,calma
2021-10-05,Guardián,0.158,0.158,0.4088084475890789,0.09128626678364407,-0.011018732483922933,0.004521702988948415,normal
2021-11-03,Guardián,0.158,0.158,0.29105779092905637,0.1264127056756742,-0.022758928125268252,0.0010510616456011188,calma
2021-12-03,Guardián,0.158,0.158,0.7963648512423994,0.19857940316640993,-0.031536246364931575,0.0023051792942476914,crisis
2022-01-04,Guardián,0.158,0.158,0.44908272251675724,0.19942196348836352,-0.10100332754122232,-0.003569240213089627,normal
2022-02-03,Guardián,0.158,0.158,0.6416089254879993,0.18412217417886725,-0.06320121900927977,-0.0021277051897551566,estres
2022-03-07,Guardián,0.158,0.158,0.9677237987077375,0.17606651933980544,-0.020356833924211837,0.000938806857359066,crisis
2022-04-05,Guardián,0.158,0.158,0.5595382007694487,0.2455740700692046,-0.07010474806756739,-0.001652810941731335,estres
2022-05-05,Guardián,0.158,0.158,0.7562859649619802,0.27983154873214716,-0.08989655027989796,-0.0021461591118915333,crisis
2022-06-06,Guardián,0.158,0.158,0.5528834097827345,0.20010399358327322,-0.07061488883755018,0.00036060870877988315,estres
2022-07-07,Guardián,0.158,0.158,0.7411567946804063,0.1126182523622759,-0.021066663461218438,-3.5616186526426005e-06,estres
2022-08-05,Guardián,0.158,0.158,0.4793588621476214,0.14360439250470494,-0.06756060697956145,-0.0017612673210253438,normal
2022-09-06,Guardián,0.158,0.158,0.678826656723446,0.18834935139176642,-0.0639344791645663,-0.000577686040602282,estres
2022-10-05,Guardián,0.158,0.158,0.6929078033029252,0.19043852825773022,-0.03177276760119596,0.002426477279743988,estres
2022-11-03,Guardián,0.158,0.158,0.5486140384510735,0.1592918087762258,-0.014772098259212774,0.004427385427174861,normal
2022-12-05,Guardián,0.158,0.158,0.2042038763842175,0.13072774957859046,-0.027495844894472876,-0.00029590574439647253,calma
2023-01-05,Guardián,0.158,0.158,0.2588773814854376,0.13258434956873746,-0.033763942802571,-0.0004266446642718664,calma
2023-02-06,Guardián,0.158,0.158,0.16209242166454846,0.11604176438413391,-0.04418362779431684,-0.0009485854961602992,calma
2023-03-08,Guardián,0.158,0.158,0.2755177467321659,0.10918522662117096,-0.010911248259105388,0.0018045891619173674,calma
2023-04-06,Guardián,0.158,0.158,0.27225907691117046,0.10367371491327868,-0.016837014661108096,0.0009888443311849683,calma
2023-05-08,Guardián,0.158,0.158,0.3098551966667609,0.1090494836758719,-0.057456183833138885,-0.0025350176690543636,calma
2023-06-07,Guardián,0.158,0.158,0.19797842678240288,0.11366114682136011,-0.025474684124384472,0.0015327262492730624,calma
2023-07-10,Guardián,0.158,0.158,0.2486917901068682,0.08036152530337767,-0.015263086630972422,0.0008583535865176221,calma
2023-08-08,Guardián,0.158,0.158,0.17832075666789518,0.0927314976458189,-0.01720243501152452,0.00030917513436284997,calma
2023-09-07,Guardián,0.158,0.158,0.22452649460369417,0.07983708392250474,-0.057796900509855864,-0.002567892805954792,calma
2023-10-06,Guardián,0.158,0.158,0.3366162776269895,0.09106815776999443,-0.020501223285177006,0.001432355372928199,calma
2023-11-06,Guardián,0.158,0.158,0.3277590264260603,0.09732596665018368,-0.024354550623601257,-0.000177310551280765,calma
2023-12-06,Guardián,0.158,0.158,0.21532965643340168,0.12473476261618319,-0.016675091207974724,0.0024504526544516,calma
2024-01-08,Guardián,0.158,0.158,0.25166326285782564,0.08992921844070353,-0.007867042298944193,0.0029963022780385255,calma
2024-02-07,Guardián,0.158,0.158,0.21557760204701687,0.10186479015361942,-0.02094557967349031,0.0003590466844154241,calma
2024-03-08,Guardián,0.158,0.158,0.34698133489287963,0.1051670640937357,-0.03782476392019496,-0.00023479479230752238,calma
2024-04-09,Guardián,0.158,0.158,0.45198098715277846,0.08392598121339845,-0.020413413683132764,0.0006501684002756573,normal
2024-05-08,Guardián,0.158,0.158,0.3280532503659875,0.09730828623531951,-0.01721141517553526,0.002012997755255495,calma
2024-06-07,Guardián,0.158,0.158,0.3143057248016583,0.09054723627235349,-0.02126351599347176,0.000982279640543764,calma
2024-07-10,Guardián,0.158,0.158,0.4620451587148494,0.13648387122773706,-0.04084036329886731,-0.0009776991355916092,normal
2024-08-08,Guardián,0.158,0.158,0.8399784116726254,0.09125035611616301,-0.012336928549676829,0.003278857942383853,crisis
2024-09-09,Guardián,0.158,0.158,0.7424545221986774,0.09346022378826753,-0.024005016372631416,-6.574508947445863e-05,estres
2024-10-08,Guardián,0.158,0.158,0.62095692005465,0.09334841067002017,-0.028448910142751527,-0.00024649936653602767,estres
2024-11-06,Guardián,0.158,0.158,0.7413292843322346,0.11445663756505797,-0.02195517616373832,0.002153369908875078,estres
2024-12-06,Guardián,0.158,0.158,0.563006397788225,0.12305421709727578,-0.03557111670406887,-0.0028222221495280207,estres
2016-01-04,Centinela,0.257,0.257,0.5558372874287189,0.1939271632263849,-0.06335664403699437,-0.0007806263621719152,estres
2016-02-03,Centinela,0.257,0.257,0.7066264712665054,0.14438939956317165,-0.025024589898935967,0.0012429413040298816,estres
2016-03-04,Centinela,0.257,0.257,0.4520132980936107,0.07324640264568975,-0.00719420352920519,0.0018426220025005188,normal
2016-04-05,Centinela,0.257,0.257,0.28189968929260734,0.08944847658696338,-0.024813512220078215,-5.325811636335949e-05,calma
2016-05-04,Centinela,0.257,0.257,0.31620696664219994,0.10383825800565111,-0.034282307253510225,0.0005229225406344424,calma
2016-06-03,Centinela,0.257,0.257,0.5645430984580473,0.11706483389751035,-0.0272088837498472,0.0011166697001833595,estres
2016-07-05,Centinela,0.257,0.257,0.4847790461228183,0.06422616373281682,-0.01750155136309406,0.0004969505031889915,normal
2016-08-03,Centinela,0.257,0.257,0.2753238194150591,0.05176197376570964,-0.018751707480036628,-0.0007111441260663865,calma
2016-09-01,Centinela,0.257,0.257,0.25838381074043676,0.13085764278781623,-0.023422606107766697,5.7692758831704256e-05,calma
2016-10-03,Centinela,0.257,0.257,0.28830227273655695,0.07040064452906436,-0.03140010377191493,-0.0009719114487849156,calma
2016-11-01,Centinela,0.257,0.257,0.7620034806981816,0.10492439061629442,-0.03291458083122045,-0.0006858234361905136,crisis
2016-12-01,Centinela,0.257,0.257,0.4424975229734057,0.07745384953245572,-0.01667937945828779,0.0009189105107852412,normal
2017-01-03,Centinela,0.257,0.257,0.4140250298856516,0.0457077491693976,-0.016488386091505713,6.351840781490955e-05,normal
2017-02-02,Centinela,0.257,0.257,0.4512816431371701,0.07498944107293803,-0.0044665489998027,0.003166076951082797,normal
2017-03-06,Centinela,0.257,0.257,0.3762275055543672,0.05905305324045282,-0.02251975759657643,-0.0002978120391583453,normal
2017-04-04,Centinela,0.257,0.257,0.4113652846538369,0.07156705816436895,-0.007360354423378457,0.0005828283890090132,normal
2017-05-04,Centinela,0.257,0.257,0.2941856991368125,0.0834079301947499,-0.020286272076804557,0.0011271443157813421,calma
2017-06-05,Centinela,0.257,0.257,0.27320106021620694,0.07985640851182227,-0.03185288989057766,-0.001187432909817866,calma
2017-07-05,Centinela,0.257,0.257,0.3385836928893814,0.05405626504310569,-0.004735232394705968,0.0011377576132394899,calma
2017-08-03,Centinela,0.257,0.257,0.36787662713061986,0.07021760600692535,-0.010743907335096448,0.0006560010589319014,normal
2017-09-01,Centinela,0.257,0.257,0.2958733934512715,0.07964857598932713,-0.023217142360231202,0.00047835618274818517,calma
2017-10-03,Centinela,0.257,0.257,0.26536227033750814,0.05689842711666116,-0.006750963482027528,0.0017625226618694899,calma
2017-11-01,Centinela,0.257,0.257,0.29891803054619104,0.09383050346577713,-0.009477413606320706,0.0020446383307287158,calma
2017-12-01,Centinela,0.257,0.257,0.5465499580235269,0.07829954828311994,-0.005911190634298902,0.0011593094347610241,normal
2018-01-03,Centinela,0.257,0.257,0.3480348576800041,0.19928269519227795,-0.048814007311845264,0.003053402134408457,calma
2018-02-02,Centinela,0.257,0.257,0.6834053684029885,0.2934506450395741,-0.04514842123870422,-0.0005814167852110026,estres
2018-03-06,Centinela,0.257,0.257,0.8874431928694408,0.21604698436283337,-0.06229224917084453,9.24065586269718e-05,crisis
2018-04-05,Centinela,0.257,0.257,0.8507010431510746,0.1786452759629755,-0.025119143686918144,0.0016824041769047254,crisis
2018-05-04,Centinela,0.257,0.257,0.6640620929324581,0.09649899574092861,-0.01903004494506666,0.0015496937419030488,estres
2018-06-05,Centinela,0.257,0.257,0.46792549613054657,0.11513098697897682,-0.034004724097078665,7.607703139659874e-05,normal
2018-07-05,Centinela,0.257,0.257,0.5370028251365915,0.10311873111618856,-0.03051070367913089,0.001657555264745577,normal
2018-08-03,Centinela,0.257,0.257,0.3539122174348539,0.06743716526440988,-0.009403811494624548,0.0025439112321286113,normal
2018-09-04,Centinela,0.257,0.257,0.40879497190778763,0.08889419105945114,-0.01258302869450112,0.0005171263226620383,normal
2018-10-03,Centinela,0.257,0.257,0.42826796630917097,0.28826101275913296,-0.07536075851164148,-0.0026242712438006638,normal
2018-11-01,Centinela,0.257,0.257,0.7539583994671837,0.20161408446363924,-0.06204093830063484,0.00242378170456751,crisis
2018-12-03,Centinela,0.257,0.257,0.632651693068099,0.3162408589709815,-0.12764678714968147,-0.0034849180466580442,estres
2019-01-04,Centinela,0.257,0.257,0.7180191839080741,0.0984111984324084,-0.014105608012469295,0.0023203061716878296,estres
2019-02-05,Centinela,0.257,0.257,0.37564720303641264,0.08469812416460373,-0.013651402851713068,0.00012688461618817176,normal
2019-03-07,Centinela,0.257,0.257,0.6269512603434861,0.09060368769437856,-0.011101615338551363,0.0032668253819087426,estres
2019-04-05,Centinela,0.257,0.257,0.2635338021768444,0.09321278393311534,-0.02366834768189341,-0.000273508279423641,calma
2019-05-07,Centinela,0.257,0.257,0.6606276113054743,0.14283284121726136,-0.028355314975152535,0.0020960107776118037,estres
2019-06-06,Centinela,0.257,0.257,0.5371192093513621,0.08843608559256692,-0.016709507654910083,0.0021234147877815693,normal
2019-07-08,Centinela,0.257,0.257,0.5782059869568861,0.14246439355575613,-0.050490611377312256,-0.0006965844240090861,estres
2019-08-06,Centinela,0.257,0.257,0.8156413572621352,0.1604270614001914,-0.024184856122006382,0.002939206558832469,crisis
2019-09-05,Centinela,0.257,0.257,0.640604270038364,0.12784554255497055,-0.03590732936381136,-6.429852407502766e-05,estres
2019-10-04,Centinela,0.257,0.257,0.43262745922280965,0.08317858159375865,-0.014638569133550217,-0.000327174478327319,normal
2019-11-04,Centinela,0.257,0.257,0.3388501891189215,0.07174461264192629,-0.01302640577589953,0.0006653889377986399,calma
2019-12-04,Centinela,0.257,0.257,0.4271222228100318,0.06057377363289299,-0.011418194769744705,0.0005844584553655755,normal
2020-01-06,Centinela,0.257,0.257,0.39893326289604075,0.13977483158485166,-0.022255766672752864,0.0033434096389164066,normal
2020-02-05,Centinela,0.257,0.257,0.4963202866173405,0.3943895018103491,-0.12536400639090262,-0.0024195255784472585,normal
2020-03-06,Centinela,0.257,0.257,0.7737120322326824,0.8605069611567517,-0.20086241393280735,-0.0012410681117287763,crisis
2020-04-06,Centinela,0.257,0.257,0.9142535449459177,0.23185887381140766,-0.04455859032531351,0.00016888383552137988,crisis
2020-05-06,Centinela,0.257,0.257,0.8135422774534431,0.11129659782999479,-0.0160994280937502,0.0017866282225072717,crisis
2020-06-05,Centinela,0.257,0.257,0.6011523838007607,0.21258873408890278,-0.04224912914844636,0.0016936040656542212,estres
2020-07-07,Centinela,0.257,0.257,0.6968402225808807,0.10073304336999547,-0.01609075577273733,0.001717640822930817,estres
2020-08-05,Centinela,0.257,0.257,0.6029600457515726,0.15961029014285344,-0.033717576228146195,0.0015273964237329399,estres
2020-09-03,Centinela,0.257,0.257,0.6021003822318324,0.1804649506999949,-0.0405890976063108,-0.0004818267461815473,estres
2020-10-05,Centinela,0.257,0.257,0.5676464647066713,0.17950894715529495,-0.0737947348538428,-0.0009856597351316449,estres
2020-11-03,Centinela,0.257,0.257,0.6245322812507104,0.11141163794538685,-0.0218745633729176,0.0016575390119722402,estres
2020-12-03,Centinela,0.257,0.257,0.4425317387573411,0.0776145806408626,-0.014342695093855107,0.0005344994319006476,normal
2021-01-05,Centinela,0.257,0.257,0.46451051106464,0.14377765283323068,-0.036734487641392866,-0.000530806640824071,normal
2021-02-04,Centinela,0.257,0.257,0.26551925001845844,0.1302856975631649,-0.08332637000113308,-0.0028820371929976557,calma
2021-03-08,Centinela,0.257,0.257,0.2930477818413677,0.11558457418904657,-0.018784858542019167,0.0030946239866431074,calma
2021-04-07,Centinela,0.257,0.257,0.14087583177785026,0.10891255644941904,-0.013482206707798872,0.002626535876678932,calma
2021-05-06,Centinela,0.257,0.257,0.18707307491516503,0.12120465691644844,-0.036536681839091756,-0.00101428084940467,calma
2021-06-07,Centinela,0.257,0.257,0.1887022019969723,0.10185054256669186,-0.021982962606484913,0.0014673481643131686,calma
2021-07-07,Centinela,0.257,0.257,0.23706523888362546,0.10364606403808181,-0.017647447329431354,0.0018213911137893043,calma
2021-08-05,Centinela,0.257,0.257,0.28860620633743533,0.06877299557618734,-0.015670353893281197,0.0015925889800594039,calma
2021-09-03,Centinela,0.257,0.257,0.27670663488810887,0.12995187044260056,-0.05857026245907537,-0.0026231410988447313,calma
2021-10-05,Centinela,0.257,0.257,0.4088084475890789,0.08587485871890937,-0.012685814587445665,0.0039860469501022166,normal
2021-11-03,Centinela,0.257,0.257,0.29105779092905637,0.12524038614458674,-0.021225115439842956,0.0006353804490877628,calma
2021-12-03,Centinela,0.257,0.257,0.7963648512423994,0.1945072028565527,-0.031069835047091154,0.002307310944462683,crisis
2022-01-04,Centinela,0.257,0.257,0.44908272251675724,0.18938702203950344,-0.0937472165210761,-0.0033409908528930802,normal
2022-02-03,Centinela,0.257,0.257,0.6416089254879993,0.17969426910078543,-0.06024742938475802,-0.0019337644903797042,estres
2022-03-07,Centinela,0.257,0.257,0.9677237987077375,0.16817724413054685,-0.015234815022401649,0.0013930797156693736,crisis
2022-04-05,Centinela,0.257,0.257,0.5595382007694487,0.24144734954695213,-0.0697033807224291,-0.0015330327645875622,estres
2022-05-05,Centinela,0.257,0.257,0.7562859649619802,0.27115380360109587,-0.08457406455521843,-0.0019115993012452902,crisis
2022-06-06,Centinela,0.257,0.257,0.5528834097827345,0.20031000113141934,-0.06917203383309312,0.0005717597806640073,estres
2022-07-07,Centinela,0.257,0.257,0.7411567946804063,0.11977742323239339,-0.02517443096710914,-0.00017569453573076154,estres
2022-08-05,Centinela,0.257,0.257,0.4793588621476214,0.1382812550225987,-0.06455499111494434,-0.0017248927961200776,normal
2022-09-06,Centinela,0.257,0.257,0.678826656723446,0.1809838577793896,-0.06383305903316372,-0.0007329145607828995,estres
2022-10-05,Centinela,0.257,0.257,0.6929078033029252,0.18450405313910911,-0.028626204697220436,0.002497240153717976,estres
2022-11-03,Centinela,0.257,0.257,0.5486140384510735,0.148108152004428,-0.014461883584077073,0.0041755967021129894,normal
2022-12-05,Centinela,0.257,0.257,0.2042038763842175,0.121884729581356,-0.0250853398583476,-0.00023836287115593802,calma
2023-01-05,Centinela,0.257,0.257,0.2588773814854376,0.13081107731018649,-0.04489140259374724,-0.0011068529388627835,calma
2023-02-06,Centinela,0.257,0.257,0.16209242166454846,0.1175630524877768,-0.04298601049230999,-0.0007378095516089162,calma
2023-03-08,Centinela,0.257,0.257,0.2755177467321659,0.11374381985346461,-0.010220438841516466,0.0018814646360797457,calma
2023-04-06,Centinela,0.257,0.257,0.27225907691117046,0.09017232887434083,-0.013928139258811978,0.0013178677037354275,calma
2023-05-08,Centinela,0.257,0.257,0.3098551966667609,0.1066392047552755,-0.05320823047417356,-0.0024034208224734516,calma
2023-06-07,Centinela,0.257,0.257,0.19797842678240288,0.11336418574885639,-0.024738074468855786,0.0014841772477509536,calma
2023-07-10,Centinela,0.257,0.257,0.2486917901068682,0.08345143742409224,-0.016508872852676992,0.0008078812171015643,calma
2023-08-08,Centinela,0.257,0.257,0.17832075666789518,0.09090417247209162,-0.01954703452820472,-6.678016025208326e-05,calma
2023-09-07,Centinela,0.257,0.257,0.22452649460369417,0.07918129475876826,-0.054197990148029174,-0.0023927539600461876,calma
2023-10-06,Centinela,0.257,0.257,0.3366162776269895,0.09237817859350261,-0.018458668086372754,0.0015169446520434614,calma
2023-11-06,Centinela,0.257,0.257,0.3277590264260603,0.09576982905822666,-0.023656510723135904,-0.0002667226639940875,calma
2023-12-06,Centinela,0.257,0.257,0.21532965643340168,0.1283087548978607,-0.01775332838871513,0.0021509205281877142,calma
2024-01-08,Centinela,0.257,0.257,0.25166326285782564,0.09079020470573308,-0.008731925372238658,0.0028759362080762923,calma
2024-02-07,Centinela,0.257,0.257,0.21557760204701687,0.09641033733016623,-0.01908380088419337,0.000273793130482368,calma
2024-03-08,Centinela,0.257,0.257,0.34698133489287963,0.1021144736077425,-0.03806685311057023,-0.00022161116844839093,calma
2024-04-09,Centinela,0.257,0.257,0.45198098715277846,0.08590951733007336,-0.021888205497789248,0.0008547125780802183,normal
2024-05-08,Centinela,0.257,0.257,0.3280532503659875,0.09694604152927991,-0.015509954294144923,0.002153540739894553,calma
2024-06-07,Centinela,0.257,0.257,0.3143057248016583,0.0906431795917399,-0.017672100111693845,0.0010640255802921636,calma
2024-07-10,Centinela,0.257,0.257,0.4620451587148494,0.1363698320535412,-0.03992648844805868,-0.0009355493619050707,normal
2024-08-08,Centinela,0.257,0.257,0.8399784116726254,0.09389720229881508,-0.013835278951539576,0.0031770798999699213,crisis
2024-09-09,Centinela,0.257,0.257,0.7424545221986774,0.09064128404054526,-0.025275487228159754,-0.0003013125066222494,estres
2024-10-08,Centinela,0.257,0.257,0.62095692005465,0.09315209395609739,-0.028047618273510655,-0.00017456278983046957,estres
2024-11-06,Centinela,0.257,0.257,0.7413292843322346,0.11522230182150935,-0.02310349861635108,0.002125803477737987,estres
2024-12-06,Centinela,0.257,0.257,0.563006397788225,0.12246853942620736,-0.03842680910507046,-0.003001826304013896,estres
2016-01-04,Pragmático,0.503,0.503,0.5558372874287189,0.19852011073009115,-0.06346395086465284,-0.0016658094406629019,estres
2016-02-03,Pragmático,0.503,0.503,0.7066264712665054,0.13748892377042068,-0.021494774155988328,0.0010042771454054499,estres
2016-03-04,Pragmático,0.503,0.503,0.4520132980936107,0.07044068924113231,-0.006911565221611848,0.0016753359882394324,normal
2016-04-05,Pragmático,0.503,0.503,0.28189968929260734,0.1027417837986595,-0.03143253283549974,-0.00038586390273286135,calma
2016-05-04,Pragmático,0.503,0.503,0.31620696664219994,0.10261332378433616,-0.03494485514985368,0.0005036229519829014,calma
2016-06-03,Pragmático,0.503,0.503,0.5645430984580473,0.12077475516400996,-0.025640229897576305,0.0013506718957203097,estres
2016-07-05,Pragmático,0.503,0.503,0.4847790461228183,0.06942472556570542,-0.017947305386908252,0.0005808312505919929,normal
2016-08-03,Pragmático,0.503,0.503,0.2753238194150591,0.05404116652839729,-0.01660865586358473,-0.0005753595954735447,calma
2016-09-01,Pragmático,0.503,0.503,0.25838381074043676,0.13153252162920745,-0.024786062670814624,3.1650752798550706e-05,calma
2016-10-03,Pragmático,0.503,0.503,0.28830227273655695,0.07595063594051991,-0.03345116986135277,-0.0012252929000191061,calma
2016-11-01,Pragmático,0.503,0.503,0.7620034806981816,0.10551254611312864,-0.033064699652053386,-0.0006141674381879982,crisis
2016-12-01,Pragmático,0.503,0.503,0.4424975229734057,0.08036222600822211,-0.017348777393287107,0.000822060233553343,normal
2017-01-03,Pragmático,0.503,0.503,0.4140250298856516,0.04436748417802168,-0.01944245965680591,-0.0004459942971975419,normal
2017-02-02,Pragmático,0.503,0.503,0.4512816431371701,0.07540423629654501,-0.006116739192152942,0.003138534658511607,normal
2017-03-06,Pragmático,0.503,0.503,0.3762275055543672,0.07781311932420877,-0.03225866347775763,-0.0008378724070154966,normal
2017-04-04,Pragmático,0.503,0.503,0.4113652846538369,0.08978717639744967,-0.011249285949426868,0.00021553876962182055,normal
2017-05-04,Pragmático,0.503,0.503,0.2941856991368125,0.08820281817114897,-0.02299806099602153,0.001127051624150258,calma
2017-06-05,Pragmático,0.503,0.503,0.27320106021620694,0.08362255914855382,-0.036867469066188985,-0.0015557334485732793,calma
2017-07-05,Pragmático,0.503,0.503,0.3385836928893814,0.05977646291022367,-0.009565531184584364,0.00023366905473615944,calma
2017-08-03,Pragmático,0.503,0.503,0.36787662713061986,0.06968646540801243,-0.014367363520302212,0.00011294614385837191,normal
2017-09-01,Pragmático,0.503,0.503,0.2958733934512715,0.07780784450867843,-0.028373886536592674,-0.0002513008965681057,calma
2017-10-03,Pragmático,0.503,0.503,0.26536227033750814,0.07101339714380017,-0.008074550163233996,0.0019648032238843236,calma
2017-11-01,Pragmático,0.503,0.503,0.29891803054619104,0.09156483925325724,-0.009820163542982319,0.0021651832091697356,calma
2017-12-01,Pragmático,0.503,0.503,0.5465499580235269,0.0710405447118925,-0.004892232198857038,0.0010851664632597184,normal
2018-01-03,Pragmático,0.503,0.503,0.3480348576800041,0.18572733130900665,-0.04543429406272237,0.0027606595012282407,calma
2018-02-02,Pragmático,0.503,0.503,0.6834053684029885,0.268712587131122,-0.04840185788389528,-0.0019312998075764077,estres
2018-03-06,Pragmático,0.503,0.503,0.8874431928694408,0.2184454097809336,-0.08863041992016263,-0.0015187007776306864,crisis
2018-04-05,Pragmático,0.503,0.503,0.8507010431510746,0.16937667244342489,-0.03659201479249363,0.0008670973299419952,crisis
2018-05-04,Pragmático,0.503,0.503,0.6640620929324581,0.0886400911018317,-0.012501643720303934,0.0017798400044469948,estres
2018-06-05,Pragmático,0.503,0.503,0.46792549613054657,0.13042308022458973,-0.0355609400656296,0.00014236920048704487,normal
2018-07-05,Pragmático,0.503,0.503,0.5370028251365915,0.13124020913419282,-0.041417155608401646,0.001660517150855462,normal
2018-08-03,Pragmático,0.503,0.503,0.3539122174348539,0.06921336642069477,-0.00838461506973609,0.0025172603484686254,normal
2018-09-04,Pragmático,0.503,0.503,0.40879497190778763,0.09515819397648248,-0.018143637718758487,0.00018797020344280867,normal
2018-10-03,Pragmático,0.503,0.503,0.42826796630917097,0.3073785963264431,-0.07903387158129727,-0.0024117126520902857,normal
2018-11-01,Pragmático,0.503,0.503,0.7539583994671837,0.159474746766425,-0.040439809304269936,0.0023465158807443906,crisis
2018-12-03,Pragmático,0.503,0.503,0.632651693068099,0.2676291455072804,-0.10890537154401314,-0.0027376533009278595,estres
2019-01-04,Pragmático,0.503,0.503,0.7180191839080741,0.12956104031197208,-0.020276555053351797,0.0016060482641324799,estres
2019-02-05,Pragmático,0.503,0.503,0.37564720303641264,0.10113155529998857,-0.021464085447605474,0.00031099195017603073,normal
2019-03-07,Pragmático,0.503,0.503,0.6269512603434861,0.07386490087743727,-0.008654925858980644,0.001729764268798475,estres
2019-04-05,Pragmático,0.503,0.503,0.2635338021768444,0.09608313402406113,-0.018491648597924404,-0.00017664325017232975,calma
2019-05-07,Pragmático,0.503,0.503,0.6606276113054743,0.12318122311775288,-0.025456546208652675,0.0018504928895027464,estres
2019-06-06,Pragmático,0.503,0.503,0.5371192093513621,0.0939223489193177,-0.01923056568353465,0.001858518437434187,normal
2019-07-08,Pragmático,0.503,0.503,0.5782059869568861,0.13264127410336746,-0.041770357495543586,-0.0007840596951633033,estres
2019-08-06,Pragmático,0.503,0.503,0.8156413572621352,0.15139865870267927,-0.02058243313794972,0.0027628364031028305,crisis
2019-09-05,Pragmático,0.503,0.503,0.640604270038364,0.12852146544919682,-0.024462272121913653,0.00044579114797674784,estres
2019-10-04,Pragmático,0.503,0.503,0.43262745922280965,0.08936670418465001,-0.020480572762296645,-0.0008199363577844553,normal
2019-11-04,Pragmático,0.503,0.503,0.3388501891189215,0.08112011366965072,-0.015777536316842533,0.000738127891630929,calma
2019-12-04,Pragmático,0.503,0.503,0.4271222228100318,0.06207562181812157,-0.016049558391340146,-3.382250882114842e-05,normal
2020-01-06,Pragmático,0.503,0.503,0.39893326289604075,0.15943725410993506,-0.026048329194082398,0.0030904412802025345,normal
2020-02-05,Pragmático,0.503,0.503,0.4963202866173405,0.4111078256829701,-0.12439477529850196,-0.0025464168446891443,normal
2020-03-06,Pragmático,0.503,0.503,0.7737120322326824,0.8272085425082977,-0.18127575929661,-0.0007505494663015937,crisis
2020-04-06,Pragmático,0.503,0.503,0.9142535449459177,0.23405859939223078,-0.04551229783784605,0.0007218162535368687,crisis
2020-05-06,Pragmático,0.503,0.503,0.8135422774534431,0.11939880300547304,-0.018334010610621676,0.0014000776776643647,crisis
2020-06-05,Pragmático,0.503,0.503,0.6011523838007607,0.2113984875588494,-0.039604053198710854,0.002283678863820248,estres
2020-07-07,Pragmático,0.503,0.503,0.6968402225808807,0.13410632985051765,-0.020592040339415085,0.003300076384030861,estres
2020-08-05,Pragmático,0.503,0.503,0.6029600457515726,0.21455225106683265,-0.0441288793824236,0.0028696872840523685,estres
2020-09-03,Pragmático,0.503,0.503,0.6021003822318324,0.24019210025150603,-0.06079023729730848,-0.0006526020915671401,estres
2020-10-05,Pragmático,0.503,0.503,0.5676464647066713,0.21427642321389667,-0.07969248726154299,-0.0008011305557080215,estres
2020-11-03,Pragmático,0.503,0.503,0.6245322812507104,0.12630443576211697,-0.025836775524171962,0.0023553765296967606,estres
2020-12-03,Pragmático,0.503,0.503,0.4425317387573411,0.11452265119756419,-0.015018586388446442,0.0012185014422383608,normal
2021-01-05,Pragmático,0.503,0.503,0.46451051106464,0.1616649231927344,-0.04820351211490026,-0.0003574982539327999,normal
2021-02-04,Pragmático,0.503,0.503,0.26551925001845844,0.16655538049934845,-0.10354972496312298,-0.004816624671446208,calma
2021-03-08,Pragmático,0.503,0.503,0.2930477818413677,0.1138937713413424,-0.022338904827153172,0.001768504042874231,calma
2021-04-07,Pragmático,0.503,0.503,0.14087583177785026,0.0990373422612185,-0.011760982562994293,0.001453650711187715,calma
2021-05-06,Pragmático,0.503,0.503,0.18707307491516503,0.12844388308046192,-0.03833364581415499,-0.00028948205538479666,calma
2021-06-07,Pragmático,0.503,0.503,0.1887022019969723,0.09978424468522691,-0.028493989652780383,0.0006471569560722342,calma
2021-07-07,Pragmático,0.503,0.503,0.23706523888362546,0.14391549966406952,-0.03475441673058188,0.0015023897616810093,calma
2021-08-05,Pragmático,0.503,0.503,0.28860620633743533,0.06659041352012827,-0.01610069176325346,0.0016751463382060326,calma
2021-09-03,Pragmático,0.503,0.503,0.27670663488810887,0.13327756727356407,-0.048215953919983234,-0.0020317031357754266,calma
2021-10-05,Pragmático,0.503,0.503,0.4088084475890789,0.1083258536261377,-0.015104800585763467,0.0030534949137108964,normal
2021-11-03,Pragmático,0.503,0.503,0.29105779092905637,0.1405044812006197,-0.03442146525794787,-0.000941872476893768,calma
2021-12-03,Pragmático,0.503,0.503,0.7963648512423994,0.16716158226188055,-0.03285756220390157,0.0022501252510309425,crisis
2022-01-04,Pragmático,0.503,0.503,0.44908272251675724,0.18236087546485935,-0.08003783960908184,-0.0022038595755067233,normal
2022-02-03,Pragmático,0.503,0.503,0.6416089254879993,0.15491087979788698,-0.04183712095969616,0.0005841834477299934,estres
2022-03-07,Pragmático,0.503,0.503,0.9677237987077375,0.10913046849884694,-0.0069972689073634076,0.0023166879717366976,crisis
2022-04-05,Pragmático,0.503,0.503,0.5595382007694487,0.2417846079944374,-0.07204436174940765,-0.0010702048271030043,estres
2022-05-05,Pragmático,0.503,0.503,0.7562859649619802,0.2536427270656088,-0.06770858029264837,-0.00020991999228231746,crisis
2022-06-06,Pragmático,0.503,0.503,0.5528834097827345,0.21750612446393194,-0.09504575862023668,-0.0015074592311370666,estres
2022-07-07,Pragmático,0.503,0.503,0.7411567946804063,0.11434478159893563,-0.02255645529724859,-0.00023398898404177634,estres
2022-08-05,Pragmático,0.503,0.503,0.4793588621476214,0.11187346301119973,-0.04703072445665446,-0.0005343123689480807,normal
2022-09-06,Pragmático,0.503,0.503,0.678826656723446,0.201357429274009,-0.07622468252601233,-0.00040100385862207354,estres
2022-10-05,Pragmático,0.503,0.503,0.6929078033029252,0.17164817447458197,-0.020856513661269505,0.002950866640955512,estres
2022-11-03,Pragmático,0.503,0.503,0.5486140384510735,0.12934612813023852,-0.016281324542149922,0.002552823786025151,normal
2022-12-05,Pragmático,0.503,0.503,0.2042038763842175,0.11266843062395228,-0.020116489407922433,1.382112524384521e-05,calma
2023-01-05,Pragmático,0.503,0.503,0.2588773814854376,0.1393331620038969,-0.06652545624247252,-0.002381195961636584,calma
2023-02-06,Pragmático,0.503,0.503,0.16209242166454846,0.13301908993750067,-0.03751486632205514,0.00010152461835353148,calma
2023-03-08,Pragmático,0.503,0.503,0.2755177467321659,0.13975018226556632,-0.014815249238787631,0.002464205127952395,calma
2023-04-06,Pragmático,0.503,0.503,0.27225907691117046,0.08349105305937779,-0.015129608426450725,0.0007901455813248732,calma
2023-05-08,Pragmático,0.503,0.503,0.3098551966667609,0.10939740026255373,-0.058772764009909384,-0.00270255166663197,calma
2023-06-07,Pragmático,0.503,0.503,0.19797842678240288,0.11825809495266823,-0.026963734778764237,0.0013182655050422837,calma
2023-07-10,Pragmático,0.503,0.503,0.2486917901068682,0.08893644895610132,-0.017628191892727463,0.0008775865952604183,calma
2023-08-08,Pragmático,0.503,0.503,0.17832075666789518,0.09626350676657071,-0.027443994322786658,-0.000751353913311678,calma
2023-09-07,Pragmático,0.503,0.503,0.22452649460369417,0.08321324108071708,-0.05833165148605035,-0.002491386550520073,calma
2023-10-06,Pragmático,0.503,0.503,0.3366162776269895,0.09654580316855495,-0.019468230173312007,0.0015930427820415184,calma
2023-11-06,Pragmático,0.503,0.503,0.3277590264260603,0.09118073208397441,-0.026692432975659153,-4.411618364546778e-05,calma
2023-12-06,Pragmático,0.503,0.503,0.21532965643340168,0.11464025902970103,-0.014531522956093612,0.0026234127464233197,calma
2024-01-08,Pragmático,0.503,0.503,0.25166326285782564,0.14764469076077177,-0.010929227620871784,0.0045026574093204345,calma
2024-02-07,Pragmático,0.503,0.503,0.21557760204701687,0.11621783704270555,-0.02120222258782134,0.0009637940436709997,calma
2024-03-08,Pragmático,0.503,0.503,0.34698133489287963,0.10457632994737433,-0.028694133712589887,-0.0001546484876420806,calma
2024-04-09,Pragmático,0.503,0.503,0.45198098715277846,0.1132453966529529,-0.030097755265137693,0.0009363780046641921,normal
2024-05-08,Pragmático,0.503,0.503,0.3280532503659875,0.10629211142138945,-0.010791782838744157,0.0028166073460518344,calma
2024-06-07,Pragmático,0.503,0.503,0.3143057248016583,0.08848694656890205,-0.01291077973039334,0.001123127780390251,calma
2024-07-10,Pragmático,0.503,0.503,0.4620451587148494,0.1452616855879268,-0.044773190338971314,-0.001193004866541074,normal
2024-08-08,Pragmático,0.503,0.503,0.8399784116726254,0.0999069354131665,-0.014753274935191962,0.0031882116970636844,crisis
2024-09-09,Pragmático,0.503,0.503,0.7424545221986774,0.08893827021960903,-0.027130495292046253,-0.0005576871480241953,estres
2024-10-08,Pragmático,0.503,0.503,0.62095692005465,0.09463437016635921,-0.030943199650155018,-3.834245995294817e-06,estres
2024-11-06,Pragmático,0.503,0.503,0.7413292843322346,0.1110220330469192,-0.017994791593599957,0.0026215359740954874,estres
2024-12-06,Pragmático,0.503,0.503,0.563006397788225,0.12272310194269759,-0.043404513259659105,-0.003209672462967915,estres
2016-01-04,Estratega,0.647,0.647,0.5558372874287189,0.24182695672642357,-0.06712726633030175,-0.0026260789195720834,estres
2016-02-03,Estratega,0.647,0.647,0.7066264712665054,0.14135291859952015,-0.02044820433626382,0.0008357425250125715,estres
2016-03-04,Estratega,0.647,0.647,0.4520132980936107,0.08595789691941585,-0.010175760164408243,0.001563414103038756,normal
2016-04-05,Estratega,0.647,0.647,0.28189968929260734,0.1219493028906503,-0.039895538552392806,0.0003002724686458535,calma
2016-05-04,Estratega,0.647,0.647,0.31620696664219994,0.10583681447899239,-0.03222393247565436,0.0009169277101184462,calma
2016-06-03,Estratega,0.647,0.647,0.5645430984580473,0.12775550612938338,-0.027781834461314547,0.001227481154230318,estres
2016-07-05,Estratega,0.647,0.647,0.4847790461228183,0.07025500953020962,-0.015951957166480124,0.0006843253597072783,normal
2016-08-03,Estratega,0.647,0.647,0.2753238194150591,0.050984983404315266,-0.01552513647391851,-0.00026011752386023647,calma
2016-09-01,Estratega,0.647,0.647,0.25838381074043676,0.1353931525104688,-0.02652651185401045,0.0003250137708083431,calma
2016-10-03,Estratega,0.647,0.647,0.28830227273655695,0.07768367559567843,-0.030354672550954143,-0.0013698281075620235,calma
2016-11-01,Estratega,0.647,0.647,0.7620034806981816,0.10987223157482084,-0.037408637012777635,-0.0007830098994507426,crisis
2016-12-01,Estratega,0.647,0.647,0.4424975229734057,0.08409238230302983,-0.01856482477026089,0.0008031513805751874,normal
2017-01-03,Estratega,0.647,0.647,0.4140250298856516,0.04415625524009433,-0.021414232086287566,-0.0007489798863316579,normal
2017-02-02,Estratega,0.647,0.647,0.4512816431371701,0.0858547320639538,-0.007161255916827147,0.0032663985760942532,normal
2017-03-06,Estratega,0.647,0.647,0.3762275055543672,0.0975972326908029,-0.040117354921813675,-0.0011336792947536634,normal
2017-04-04,Estratega,0.647,0.647,0.4113652846538369,0.10376102534898683,-0.013765561601576937,8.876361591005941e-05,normal
2017-05-04,Estratega,0.647,0.647,0.2941856991368125,0.10507083500710844,-0.025066625934123454,0.0007314555437344259,calma
2017-06-05,Estratega,0.647,0.647,0.27320106021620694,0.07942682910150849,-0.026720753754624238,-0.0010032674197042592,calma
2017-07-05,Estratega,0.647,0.647,0.3385836928893814,0.06785020920890728,-0.012556614496290641,9.61720912308176e-05,calma
2017-08-03,Estratega,0.647,0.647,0.36787662713061986,0.09728535136709689,-0.019937795404656344,0.00013472892090761509,normal
2017-09-01,Estratega,0.647,0.647,0.2958733934512715,0.08201802665225648,-0.02678957087733269,-0.0003090342167241589,calma
2017-10-03,Estratega,0.647,0.647,0.26536227033750814,0.07993931208571962,-0.010129364481328729,0.002191506290099506,calma
2017-11-01,Estratega,0.647,0.647,0.29891803054619104,0.09637360192366176,-0.009310081689338667,0.0025016262313097446,calma
2017-12-01,Estratega,0.647,0.647,0.5465499580235269,0.08520018770455964,-0.005975181772993832,0.0009470696624198077,normal
2018-01-03,Estratega,0.647,0.647,0.3480348576800041,0.17607128624276797,-0.04297739845680981,0.0028061000051672912,calma
2018-02-02,Estratega,0.647,0.647,0.6834053684029885,0.2682569053920762,-0.0512493332766506,-0.0021072656759905427,estres
2018-03-06,Estratega,0.647,0.647,0.8874431928694408,0.22304118152985541,-0.09539956881248113,-0.0019511893509019398,crisis
2018-04-05,Estratega,0.647,0.647,0.8507010431510746,0.15803427696757374,-0.03895292503497305,0.00041558758652480754,crisis
2018-05-04,Estratega,0.647,0.647,0.6640620929324581,0.09014906261491183,-0.010360579004030646,0.0020954585238374284,estres
2018-06-05,Estratega,0.647,0.647,0.46792549613054657,0.13229205376225708,-0.035265465463072077,0.00029359875605618045,normal
2018-07-05,Estratega,0.647,0.647,0.5370028251365915,0.13938471905010139,-0.044607089883681894,0.0018956399229511165,normal
2018-08-03,Estratega,0.647,0.647,0.3539122174348539,0.08098662847909747,-0.010903974739307043,0.0026524441635970876,normal
2018-09-04,Estratega,0.647,0.647,0.40879497190778763,0.0934391815837062,-0.018678802820989993,-0.00018783186882285043,normal
2018-10-03,Estratega,0.647,0.647,0.42826796630917097,0.34498595187243436,-0.08842802690153562,-0.0027677925956351734,normal
2018-11-01,Estratega,0.647,0.647,0.7539583994671837,0.1621372489514267,-0.052872883321146036,0.0020851187362338286,crisis
2018-12-03,Estratega,0.647,0.647,0.632651693068099,0.27585740260310343,-0.11387713107183761,-0.002840943107795054,estres
2019-01-04,Estratega,0.647,0.647,0.7180191839080741,0.13803084137204716,-0.02191489995447138,0.0013077898712836535,estres
2019-02-05,Estratega,0.647,0.647,0.37564720303641264,0.09226556021523594,-0.016167243606357573,0.0007150732538443322,normal
2019-03-07,Estratega,0.647,0.647,0.6269512603434861,0.0708907976146845,-0.00920000671982435,0.001259370499553079,estres
2019-04-05,Estratega,0.647,0.647,0.2635338021768444,0.10092305987168652,-0.018602242026477978,0.00011243721678540241,calma
2019-05-07,Estratega,0.647,0.647,0.6606276113054743,0.1237235050557254,-0.026434664406705832,0.0016399456383549256,estres
2019-06-06,Estratega,0.647,0.647,0.5371192093513621,0.08728845696489089,-0.01657837281310881,0.0017917390030809546,normal
2019-07-08,Estratega,0.647,0.647,0.5782059869568861,0.1355071371927613,-0.041687787571010104,-0.0009885489246892955,estres
2019-08-06,Estratega,0.647,0.647,0.8156413572621352,0.15189801809247636,-0.021648148114799648,0.0027186379965714593,crisis
2019-09-05,Estratega,0.647,0.647,0.640604270038364,0.11961147355033659,-0.02370129252666231,0.0003814546817945419,estres
2019-10-04,Estratega,0.647,0.647,0.43262745922280965,0.09611163871336234,-0.020275262177359976,-0.0008883179843172548,normal
2019-11-04,Estratega,0.647,0.647,0.3388501891189215,0.06971963416487002,-0.011711982984081382,0.0009342413308932274,calma
2019-12-04,Estratega,0.647,0.647,0.4271222228100318,0.0584022266388266,-0.009737107837680559,0.0009200097402047879,normal
2020-01-06,Estratega,0.647,0.647,0.39893326289604075,0.1682925787618762,-0.02734397341036754,0.003029843728666919,normal
2020-02-05,Estratega,0.647,0.647,0.4963202866173405,0.40181847695590805,-0.12321207671907164,-0.002880077487602791,normal
2020-03-06,Estratega,0.647,0.647,0.7737120322326824,0.8475501259473083,-0.17983490843977556,-0.00039052688518618047,crisis
2020-04-06,Estratega,0.647,0.647,0.9142535449459177,0.24279586694374608,-0.04255475893173388,0.0017387832150771267,crisis
2020-05-06,Estratega,0.647,0.647,0.8135422774534431,0.12011710841735093,-0.01883816128200133,0.0015780620687847915,crisis
2020-06-05,Estratega,0.647,0.647,0.6011523838007607,0.21836879999953138,-0.037982257373444184,0.0033319847438967936,estres
2020-07-07,Estratega,0.647,0.647,0.6968402225808807,0.18717783883145314,-0.026761291562805378,0.0043045025582203016,estres
2020-08-05,Estratega,0.647,0.647,0.6029600457515726,0.2605034662165789,-0.051557404331767476,0.0034574413116883937,estres
2020-09-03,Estratega,0.647,0.647,0.6021003822318324,0.27237213257747833,-0.06808218001540733,-0.000707685418252678,estres
2020-10-05,Estratega,0.647,0.647,0.5676464647066713,0.2432968199546183,-0.08483259728033687,-0.0008295277747428435,estres
2020-11-03,Estratega,0.647,0.647,0.6245322812507104,0.1477110590488231,-0.02537812348579438,0.0027764353836160784,estres
2020-12-03,Estratega,0.647,0.647,0.4425317387573411,0.12191491859127412,-0.018211668804091086,0.0012166988610881617,normal
2021-01-05,Estratega,0.647,0.647,0.46451051106464,0.17816267349087478,-0.05007442028833109,-5.4247141058938e-05,normal
2021-02-04,Estratega,0.647,0.647,0.26551925001845844,0.1669447318767237,-0.1021804950693832,-0.004735371638910877,calma
2021-03-08,Estratega,0.647,0.647,0.2930477818413677,0.12329011770083219,-0.02549092951578691,0.0015871191680071593,calma
2021-04-07,Estratega,0.647,0.647,0.14087583177785026,0.1033278667369134,-0.013969241864904558,0.0012323620697913685,calma
2021-05-06,Estratega,0.647,0.647,0.18707307491516503,0.12204115945698592,-0.0357292818758026,0.00013075472945756007,calma
2021-06-07,Estratega,0.647,0.647,0.1887022019969723,0.09831849280182364,-0.027053903345259034,0.0007911901192397096,calma
2021-07-07,Estratega,0.647,0.647,0.23706523888362546,0.15147448929770382,-0.03694042748666038,0.001337199817595636,calma
2021-08-05,Estratega,0.647,0.647,0.28860620633743533,0.06803082964527758,-0.016501312505453836,0.0017651498253623884,calma
2021-09-03,Estratega,0.647,0.647,0.27670663488810887,0.1442094088512568,-0.04145327537731913,-0.0015248548120262338,calma
2021-10-05,Estratega,0.647,0.647,0.4088084475890789,0.10459724395261824,-0.017088200889038507,0.0029142842022907103,normal
2021-11-03,Estratega,0.647,0.647,0.29105779092905637,0.16276343940212407,-0.04709224460763306,-0.0014552633984005736,calma
2021-12-03,Estratega,0.647,0.647,0.7963648512423994,0.1434289006976389,-0.032873124992463865,0.002454545561642372,crisis
2022-01-04,Estratega,0.647,0.647,0.44908272251675724,0.15991021961644683,-0.050323995230026286,-0.00027574703110503973,normal
2022-02-03,Estratega,0.647,0.647,0.6416089254879993,0.16184769341183936,-0.045382695279864604,0.0020181487863616156,estres
2022-03-07,Estratega,0.647,0.647,0.9677237987077375,0.08909910856146842,-0.006714878869248375,0.002295097368639972,crisis
2022-04-05,Estratega,0.647,0.647,0.5595382007694487,0.2444336358350794,-0.07012520707508574,-0.0005143115016783923,estres
2022-05-05,Estratega,0.647,0.647,0.7562859649619802,0.24680196829630638,-0.047719407459685614,0.0014623731408715337,crisis
2022-06-06,Estratega,0.647,0.647,0.5528834097827345,0.2884541293563114,-0.12373543837281642,-0.003606071966769143,estres
2022-07-07,Estratega,0.647,0.647,0.7411567946804063,0.14888056028147895,-0.03937699670663486,0.0008791039764369154,estres
2022-08-05,Estratega,0.647,0.647,0.4793588621476214,0.1399507533943082,-0.04306293803848682,0.0008105118856198336,normal
2022-09-06,Estratega,0.647,0.647,0.678826656723446,0.27895335685978934,-0.09300579729942504,0.0005409325545737582,estres
2022-10-05,Estratega,0.647,0.647,0.6929078033029252,0.20132583932685932,-0.023050771337150833,0.004352848564356952,estres
2022-11-03,Estratega,0.647,0.647,0.5486140384510735,0.20121183968495215,-0.03633015661454342,0.000505026764721114,normal
2022-12-05,Estratega,0.647,0.647,0.2042038763842175,0.16876149420280367,-0.02278339823449682,0.00034435663846525797,calma
2023-01-05,Estratega,0.647,0.647,0.2588773814854376,0.1676224510174112,-0.04765102429959889,-0.0014736405108475676,calma
2023-02-06,Estratega,0.647,0.647,0.16209242166454846,0.15424066753054902,-0.04320474101552352,0.00020091367801706138,calma
2023-03-08,Estratega,0.647,0.647,0.2755177467321659,0.17065549310587277,-0.024235956092608202,0.002519583958833267,calma
2023-04-06,Estratega,0.647,0.647,0.27225907691117046,0.09765634284775108,-0.02866349256633416,0.00029370708845077127,calma
2023-05-08,Estratega,0.647,0.647,0.3098551966667609,0.11243056114866987,-0.060567079423393344,-0.0028023387391032293,calma
2023-06-07,Estratega,0.647,0.647,0.19797842678240288,0.11796235412602032,-0.0263174799942274,0.0014100283788581944,calma
2023-07-10,Estratega,0.647,0.647,0.2486917901068682,0.09050657586615603,-0.01872612204712798,0.0009509010053093279,calma
2023-08-08,Estratega,0.647,0.647,0.17832075666789518,0.10821455704996073,-0.03627084194758201,-0.0013101902353218897,calma
2023-09-07,Estratega,0.647,0.647,0.22452649460369417,0.09879748263667361,-0.060569587662041235,-0.002147356001524877,calma
2023-10-06,Estratega,0.647,0.647,0.3366162776269895,0.11922371262598012,-0.030951360766474312,0.0015003143210378302,calma
2023-11-06,Estratega,0.647,0.647,0.3277590264260603,0.10299489341951024,-0.030913786235856056,0.0002725930852181429,calma
2023-12-06,Estratega,0.647,0.647,0.21532965643340168,0.11671681000232716,-0.012182644120850017,0.0031354769918664834,calma
2024-01-08,Estratega,0.647,0.647,0.25166326285782564,0.31503380812974013,-0.01765223938310534,0.007363771118934318,calma
2024-02-07,Estratega,0.647,0.647,0.21557760204701687,0.1573489126325046,-0.017545273151679197,0.001914878452256245,calma
2024-03-08,Estratega,0.647,0.647,0.34698133489287963,0.12062750661125739,-0.023839622136474503,0.00015036752478556626,calma
2024-04-09,Estratega,0.647,0.647,0.45198098715277846,0.18375750994831602,-0.06250383983521546,-0.00019144337031546567,normal
2024-05-08,Estratega,0.647,0.647,0.3280532503659875,0.1070833540834662,-0.012029790305231991,0.0028981257514753603,calma
2024-06-07,Estratega,0.647,0.647,0.3143057248016583,0.10200421940711218,-0.012177363470632807,0.0015851519072548833,calma
2024-07-10,Estratega,0.647,0.647,0.4620451587148494,0.15542129658356724,-0.0441892298684925,-0.0012259207058276005,normal
2024-08-08,Estratega,0.647,0.647,0.8399784116726254,0.11513487844212876,-0.017770929510970146,0.0029572444150541173,crisis
2024-09-09,Estratega,0.647,0.647,0.7424545221986774,0.09695199742609598,-0.024200346684074225,0.0001077320481231989,estres
2024-10-08,Estratega,0.647,0.647,0.62095692005465,0.08918027107517906,-0.028691676814003864,-0.0001896580380855246,estres
2024-11-06,Estratega,0.647,0.647,0.7413292843322346,0.10849108753257297,-0.011631367977196327,0.003339821224398456,estres
2024-12-06,Estratega,0.647,0.647,0.563006397788225,0.12232497021993498,-0.04568683857107536,-0.003096551929904674,estres
2016-01-04,Aventurero,0.693,0.693,0.5558372874287189,0.2621978317009333,-0.06898707939737003,-0.003033825136409162,estres
2016-02-03,Aventurero,0.693,0.693,0.7066264712665054,0.15689470507766926,-0.026523066521054628,0.0007889534687211444,estres
2016-03-04,Aventurero,0.693,0.693,0.4520132980936107,0.09433758344286787,-0.011873541726287962,0.0015751933854874487,normal
2016-04-05,Aventurero,0.693,0.693,0.28189968929260734,0.13246287764255443,-0.04073166574478437,0.0005896382548498814,calma
2016-05-04,Aventurero,0.693,0.693,0.31620696664219994,0.10992351438289695,-0.032243970360462115,0.0011411282468649347,calma
2016-06-03,Aventurero,0.693,0.693,0.5645430984580473,0.12945437153050035,-0.029668015534885517,0.0010840724936488546,estres
2016-07-05,Aventurero,0.693,0.693,0.4847790461228183,0.07144600080568511,-0.01552256934292795,0.0006969565559330837,normal
2016-08-03,Aventurero,0.693,0.693,0.2753238194150591,0.05271640566810535,-0.01574102171546532,-0.0001849636972836505,calma
2016-09-01,Aventurero,0.693,0.693,0.25838381074043676,0.1370671908965784,-0.02707568745433553,0.0004176832145470881,calma
2016-10-03,Aventurero,0.693,0.693,0.28830227273655695,0.07956874913007052,-0.029818803319075382,-0.0014270199261860945,calma
2016-11-01,Aventurero,0.693,0.693,0.7620034806981816,0.11383129032705949,-0.04113932678360266,-0.000988987579854041,crisis
2016-12-01,Aventurero,0.693,0.693,0.4424975229734057,0.08470261162789089,-0.01882980199198936,0.000818249948354102,normal
2017-01-03,Aventurero,0.693,0.693,0.4140250298856516,0.045575955577448236,-0.021923691267050183,-0.0008409917961279309,normal
2017-02-02,Aventurero,0.693,0.693,0.4512816431371701,0.0910452294455416,-0.007474009126254955,0.003287394589603765,normal
2017-03-06,Aventurero,0.693,0.693,0.3762275055543672,0.10448600138299476,-0.04232300450385629,-0.0012076754827517137,normal
2017-04-04,Aventurero,0.693,0.693,0.4113652846538369,0.1063934872572765,-0.014170340641298629,0.00010844314208496824,normal
2017-05-04,Aventurero,0.693,0.693,0.2941856991368125,0.10903922307400538,-0.027079110486508795,0.0006866675640215883,calma
2017-06-05,Aventurero,0.693,0.693,0.27320106021620694,0.07988577673781017,-0.02402902694296072,-0.0007592513488875208,calma
2017-07-05,Aventurero,0.693,0.693,0.3385836928893814,0.06899647664520493,-0.012382814075420967,0.00016364559982296538,calma
2017-08-03,Aventurero,0.693,0.693,0.36787662713061986,0.09909821065436066,-0.0208749921639525,9.512987713877136e-05,normal
2017-09-01,Aventurero,0.693,0.693,0.2958733934512715,0.08275332096423285,-0.02497730532587661,-0.0001291872466757844,calma
2017-10-03,Aventurero,0.693,0.693,0.26536227033750814,0.08179266826482312,-0.010542566651750684,0.0022292888822078227,calma
2017-11-01,Aventurero,0.693,0.693,0.29891803054619104,0.09690579939152144,-0.009345336526753734,0.0025211459651650874,calma
2017-12-01,Aventurero,0.693,0.693,0.5465499580235269,0.08646202625877125,-0.005928105579917742,0.0009331366875722986,normal
2018-01-03,Aventurero,0.693,0.693,0.3480348576800041,0.1754298981998155,-0.042497406447497554,0.0028389899134405225,calma
2018-02-02,Aventurero,0.693,0.693,0.6834053684029885,0.26983838931491705,-0.05450787878110863,-0.0022201957658806695,estres
2018-03-06,Aventurero,0.693,0.693,0.8874431928694408,0.22493459067565932,-0.09348155407915193,-0.0018285755466184584,crisis
2018-04-05,Aventurero,0.693,0.693,0.8507010431510746,0.1559505971353875,-0.03904881197997767,0.00038852659161048406,crisis
2018-05-04,Aventurero,0.693,0.693,0.6640620929324581,0.08997667418286252,-0.009957495744169376,0.001984348514521155,estres
2018-06-05,Aventurero,0.693,0.693,0.46792549613054657,0.1305286155325163,-0.034458661486281295,0.00022510841376870884,normal
2018-07-05,Aventurero,0.693,0.693,0.5370028251365915,0.1356270047475997,-0.04297374211059113,0.0019850751559775713,normal
2018-08-03,Aventurero,0.693,0.693,0.3539122174348539,0.08243923972098292,-0.010961600926982284,0.002621852647957499,normal
2018-09-04,Aventurero,0.693,0.693,0.40879497190778763,0.09888986220811903,-0.019289825440353292,-0.00033120040299304174,normal
2018-10-03,Aventurero,0.693,0.693,0.42826796630917097,0.345420862384556,-0.08489536477711257,-0.0026472922085405675,normal
2018-11-01,Aventurero,0.693,0.693,0.7539583994671837,0.16797461862549068,-0.057538033182273574,0.0020490434773285282,crisis
2018-12-03,Aventurero,0.693,0.693,0.632651693068099,0.29138835637164134,-0.118623963072792,-0.003034958868577811,estres
2019-01-04,Aventurero,0.693,0.693,0.7180191839080741,0.12737544326401834,-0.020637469676634268,0.001409889018122926,estres
2019-02-05,Aventurero,0.693,0.693,0.37564720303641264,0.08725668908754551,-0.013506303688826216,0.0008138521927512711,normal
2019-03-07,Aventurero,0.693,0.693,0.6269512603434861,0.07076580918735208,-0.009132794310455328,0.0011718053307485043,estres
2019-04-05,Aventurero,0.693,0.693,0.2635338021768444,0.1113693286555452,-0.02402609050545179,0.00011578228261349605,calma
2019-05-07,Aventurero,0.693,0.693,0.6606276113054743,0.12358363189223251,-0.028557661276447655,0.0015080825858335277,estres
2019-06-06,Aventurero,0.693,0.693,0.5371192093513621,0.08639451307828074,-0.01597128823947691,0.0017370851657438813,normal
2019-07-08,Aventurero,0.693,0.693,0.5782059869568861,0.13391307699800295,-0.04413959527640188,-0.0012365212849794302,estres
2019-08-06,Aventurero,0.693,0.693,0.8156413572621352,0.15383719206699073,-0.022330544253737927,0.0026148461659680775,crisis
2019-09-05,Aventurero,0.693,0.693,0.640604270038364,0.11788933114894454,-0.02280520928794516,0.0003917624303135697,estres
2019-10-04,Aventurero,0.693,0.693,0.43262745922280965,0.10002066618573839,-0.01888702725592062,-0.0008467770536308933,normal
2019-11-04,Aventurero,0.693,0.693,0.3388501891189215,0.06735891063128253,-0.009677078518224969,0.0010793597808221248,calma
2019-12-04,Aventurero,0.693,0.693,0.4271222228100318,0.058452797004035106,-0.008840838939696782,0.0010669714097779164,normal
2020-01-06,Aventurero,0.693,0.693,0.39893326289604075,0.1675386162358635,-0.027259068313337798,0.003032041183803554,normal
2020-02-05,Aventurero,0.693,0.693,0.4963202866173405,0.4003747815071197,-0.12328085241925468,-0.002935088435000856,normal
2020-03-06,Aventurero,0.693,0.693,0.7737120322326824,0.8517409782068348,-0.17827409793191018,-0.00028415824928554323,crisis
2020-04-06,Aventurero,0.693,0.693,0.9142535449459177,0.24940978767888858,-0.04238602194422625,0.0023234635733120506,crisis
2020-05-06,Aventurero,0.693,0.693,0.8135422774534431,0.12030199570531742,-0.01897244789783703,0.0016835531559378013,crisis
2020-06-05,Aventurero,0.693,0.693,0.6011523838007607,0.21746690838098717,-0.03787213637542519,0.0035652966259567395,estres
2020-07-07,Aventurero,0.693,0.693,0.6968402225808807,0.1942219452417476,-0.027771834150411068,0.004387983527340541,estres
2020-08-05,Aventurero,0.693,0.693,0.6029600457515726,0.26408769471742954,-0.052086125739690736,0.00350545791241638,estres
2020-09-03,Aventurero,0.693,0.693,0.6021003822318324,0.285879256494812,-0.0710444477213309,-0.0007271001602264114,estres
2020-10-05,Aventurero,0.693,0.693,0.5676464647066713,0.256962680221502,-0.08693423580443271,-0.0008546155471855307,estres
2020-11-03,Aventurero,0.693,0.693,0.6245322812507104,0.1569420002965694,-0.025600211948335283,0.0028944862686479753,estres
2020-12-03,Aventurero,0.693,0.693,0.4425317387573411,0.12784889042916373,-0.019961321717712477,0.0012763328933267097,normal
2021-01-05,Aventurero,0.693,0.693,0.46451051106464,0.1861030314499951,-0.051817025422100205,6.825512689316235e-05,normal
2021-02-04,Aventurero,0.693,0.693,0.26551925001845844,0.17569754677361102,-0.10707823196657029,-0.004988419008317783,calma
2021-03-08,Aventurero,0.693,0.693,0.2930477818413677,0.1260530704671592,-0.02575092579108007,0.001572439969053847,calma
2021-04-07,Aventurero,0.693,0.693,0.14087583177785026,0.10620232172860423,-0.01469035076915326,0.0011718422904151724,calma
2021-05-06,Aventurero,0.693,0.693,0.18707307491516503,0.12136142789408642,-0.035283551601658636,0.00021423300962904087,calma
2021-06-07,Aventurero,0.693,0.693,0.1887022019969723,0.09772405258236531,-0.027340114806279958,0.0007969939008190392,calma
2021-07-07,Aventurero,0.693,0.693,0.23706523888362546,0.1553489779168435,-0.038377956705002436,0.0012923113397785685,calma
2021-08-05,Aventurero,0.693,0.693,0.28860620633743533,0.0728417267634543,-0.017310010169023116,0.0018503696267584717,calma
2021-09-03,Aventurero,0.693,0.693,0.27670663488810887,0.14937037553763852,-0.036501420767266035,-0.0011779775143212741,calma
2021-10-05,Aventurero,0.693,0.693,0.4088084475890789,0.10516062809344516,-0.017449630131541327,0.0029051502454948194,normal
2021-11-03,Aventurero,0.693,0.693,0.29105779092905637,0.16817756836634695,-0.0498351430197258,-0.0015632627985431567,calma
2021-12-03,Aventurero,0.693,0.693,0.7963648512423994,0.1418243226912986,-0.03467451001592592,0.0024191084091231187,crisis
2022-01-04,Aventurero,0.693,0.693,0.44908272251675724,0.15832557052293952,-0.04581909324055544,1.851966969457236e-05,normal
2022-02-03,Aventurero,0.693,0.693,0.6416089254879993,0.16782023336698443,-0.046979969566867785,0.002366725307537666,estres
2022-03-07,Aventurero,0.693,0.693,0.9677237987077375,0.08796675153419105,-0.006850865935687844,0.002305455820049496,crisis
2022-04-05,Aventurero,0.693,0.693,0.5595382007694487,0.24397988168070378,-0.06902139439155908,-0.00037860249819576277,estres
2022-05-05,Aventurero,0.693,0.693,0.7562859649619802,0.25075736041525837,-0.0437207640728523,0.001805257656815491,crisis
2022-06-06,Aventurero,0.693,0.693,0.5528834097827345,0.3137586638489765,-0.13234009955663906,-0.004195949415606251,estres
2022-07-07,Aventurero,0.693,0.693,0.7411567946804063,0.17514956456487812,-0.04700010968678603,0.0011602164068693305,estres
2022-08-05,Aventurero,0.693,0.693,0.4793588621476214,0.1449591055163761,-0.042424440245836026,0.0009625099306474268,normal
2022-09-06,Aventurero,0.693,0.693,0.678826656723446,0.28429505401134036,-0.09461412838236072,0.0006282673665029184,estres
2022-10-05,Aventurero,0.693,0.693,0.6929078033029252,0.20384434903160673,-0.024092119349641505,0.004364189496114609,estres
2022-11-03,Aventurero,0.693,0.693,0.5486140384510735,0.21311674651099624,-0.041571414627851744,0.000246684397590142,normal
2022-12-05,Aventurero,0.693,0.693,0.2042038763842175,0.1794179287694243,-0.024050884678763707,0.0001890592734030626,calma
2023-01-05,Aventurero,0.693,0.693,0.2588773814854376,0.18507150637361955,-0.04588798916084369,-0.0010074665158472235,calma
2023-02-06,Aventurero,0.693,0.693,0.16209242166454846,0.15471049677304421,-0.04344698034819838,0.00014043141577539564,calma
2023-03-08,Aventurero,0.693,0.693,0.2755177467321659,0.16209137150667763,-0.021874173971307975,0.0025166598820142933,calma
2023-04-06,Aventurero,0.693,0.693,0.27225907691117046,0.10299338159925626,-0.03293888898504238,0.00019527495872198564,calma
2023-05-08,Aventurero,0.693,0.693,0.3098551966667609,0.1044516361492875,-0.056265691600414725,-0.0025106806547993345,calma
2023-06-07,Aventurero,0.693,0.693,0.19797842678240288,0.12005028005208773,-0.026381664905978153,0.0015360905099523594,calma
2023-07-10,Aventurero,0.693,0.693,0.2486917901068682,0.09186189848056092,-0.02123769211815374,0.0010818746847764157,calma
2023-08-08,Aventurero,0.693,0.693,0.17832075666789518,0.11365934746530222,-0.038371884533310086,-0.0014221256617288913,calma
2023-09-07,Aventurero,0.693,0.693,0.22452649460369417,0.11134794533454491,-0.06005817000075786,-0.0018154525023259367,calma
2023-10-06,Aventurero,0.693,0.693,0.3366162776269895,0.13770318748624866,-0.038320285781866525,0.001397364436492367,calma
2023-11-06,Aventurero,0.693,0.693,0.3277590264260603,0.10915848114184472,-0.033280785003192426,0.0003508646072396952,calma
2023-12-06,Aventurero,0.693,0.693,0.21532965643340168,0.12021031490765145,-0.012417718951417411,0.003295180964382157,calma
2024-01-08,Aventurero,0.693,0.693,0.25166326285782564,0.35001355155951397,-0.019438207078106062,0.007962829594615582,calma
2024-02-07,Aventurero,0.693,0.693,0.21557760204701687,0.16196200822009318,-0.015442777688530196,0.001960396868316002,calma
2024-03-08,Aventurero,0.693,0.693,0.34698133489287963,0.12495343529118522,-0.02298640953954567,0.00022094105495462738,calma
2024-04-09,Aventurero,0.693,0.693,0.45198098715277846,0.2068482688120562,-0.0744718573940687,-0.000555388462371924,normal
2024-05-08,Aventurero,0.693,0.693,0.3280532503659875,0.10824627574356231,-0.012369947308504381,0.0028728294460626334,calma
2024-06-07,Aventurero,0.693,0.693,0.3143057248016583,0.11131737826862538,-0.013193240337920242,0.0017899558836175096,calma
2024-07-10,Aventurero,0.693,0.693,0.4620451587148494,0.16098189632958185,-0.04212232414118544,-0.0012489493838243482,normal
2024-08-08,Aventurero,0.693,0.693,0.8399784116726254,0.1253226412434076,-0.020234456590528027,0.002920807597395541,crisis
2024-09-09,Aventurero,0.693,0.693,0.7424545221986774,0.10213059928192335,-0.023040288695685307,0.00039057844260907015,estres
2024-10-08,Aventurero,0.693,0.693,0.62095692005465,0.09063955253745325,-0.028782093199791303,-0.00036035178409480993,estres
2024-11-06,Aventurero,0.693,0.693,0.7413292843322346,0.09980429917972333,-0.01329025797273653,0.0031181613757499055,estres
2024-12-06,Aventurero,0.693,0.693,0.563006397788225,0.12194930093868,-0.045987589623785574,-0.00306290068587787,estres
2016-01-04,Analista,0.6,0.6,0.5558372874287189,0.2267362735329446,-0.06571386886392871,-0.0022994494724190595,estres
2016-02-03,Analista,0.6,0.6,0.7066264712665054,0.1317145986534599,-0.021270553562346306,0.0009096901154192375,estres
2016-03-04,Analista,0.6,0.6,0.4520132980936107,0.07801446301460563,-0.008577669864789583,0.0015966854305318908,normal
2016-04-05,Analista,0.6,0.6,0.28189968929260734,0.11319667862464663,-0.03828941499970062,8.141395517909641e-05,calma
2016-05-04,Analista,0.6,0.6,0.31620696664219994,0.1038428942576436,-0.03328141384071748,0.0007679076771202961,calma
2016-06-03,Analista,0.6,0.6,0.5645430984580473,0.12358008331906649,-0.02694679144211176,0.0012268157641020503,estres
2016-07-05,Analista,0.6,0.6,0.4847790461228183,0.06947899779275915,-0.01647032168166973,0.0006630038599819831,normal
2016-08-03,Analista,0.6,0.6,0.2753238194150591,0.051160667652796296,-0.01544499919941078,-0.0003301084344398782,calma
2016-09-01,Analista,0.6,0.6,0.25838381074043676,0.13351278757829235,-0.025897543141716106,0.0002172947250271095,calma
2016-10-03,Analista,0.6,0.6,0.28830227273655695,0.0738836219815688,-0.03004096239889431,-0.0012751055926471997,calma
2016-11-01,Analista,0.6,0.6,0.7620034806981816,0.10661425159221356,-0.03385463131561994,-0.0005954781744091023,crisis
2016-12-01,Analista,0.6,0.6,0.4424975229734057,0.08344841823707329,-0.018320330589101208,0.000783034504728308,normal
2017-01-03,Analista,0.6,0.6,0.4140250298856516,0.04402432804813372,-0.020831640942734486,-0.0006541494257004201,normal
2017-02-02,Analista,0.6,0.6,0.4512816431371701,0.08126264076034327,-0.006895637179527014,0.003233217570473433,normal
2017-03-06,Analista,0.6,0.6,0.3762275055543672,0.08787485878112193,-0.036496981366505254,-0.0010105046150391604,normal
2017-04-04,Analista,0.6,0.6,0.4113652846538369,0.09903894768500672,-0.01271666646183256,0.00013426844643397502,normal
2017-05-04,Analista,0.6,0.6,0.2941856991368125,0.0997090612908896,-0.02592595523277952,0.0008017885116589064,calma
2017-06-05,Analista,0.6,0.6,0.27320106021620694,0.08105902171832126,-0.031950135740430596,-0.00131288113699492,calma
2017-07-05,Analista,0.6,0.6,0.3385836928893814,0.06333342492927452,-0.009351383700683336,0.00025481844363510004,calma
2017-08-03,Analista,0.6,0.6,0.36787662713061986,0.09063795106603065,-0.01771644853433596,0.00023181791377697197,normal
2017-09-01,Analista,0.6,0.6,0.2958733934512715,0.08041273101477289,-0.027942804419751166,-0.00042449114754946173,calma
2017-10-03,Analista,0.6,0.6,0.26536227033750814,0.07893188277013262,-0.009691164596090429,0.0021687606519662926,calma
2017-11-01,Analista,0.6,0.6,0.29891803054619104,0.09838066874328355,-0.009780019453868527,0.0024795877541529295,calma
2017-12-01,Analista,0.6,0.6,0.5465499580235269,0.08086170004110903,-0.0057009728408766724,0.0009801880689753067,normal
2018-01-03,Analista,0.6,0.6,0.3480348576800041,0.17752344607416154,-0.04353827684082301,0.0027788827204463834,calma
2018-02-02,Analista,0.6,0.6,0.6834053684029885,0.267750399148663,-0.049558495056652996,-0.0020389481316342084,estres
2018-03-06,Analista,0.6,0.6,0.8874431928694408,0.22148078505668586,-0.09645427625093472,-0.00200427398805503,crisis
2018-04-05,Analista,0.6,0.6,0.8507010431510746,0.1600229132169076,-0.03856572273313785,0.00047498934418576825,crisis
2018-05-04,Analista,0.6,0.6,0.6640620929324581,0.08952332847890943,-0.011244124218724894,0.002101326652743496,estres
2018-06-05,Analista,0.6,0.6,0.46792549613054657,0.13613043411323017,-0.03608705970925319,0.00023233568666923934,normal
2018-07-05,Analista,0.6,0.6,0.5370028251365915,0.13449183099943834,-0.04235093663198819,0.0019423992760880917,normal
2018-08-03,Analista,0.6,0.6,0.3539122174348539,0.07647133192391689,-0.009941675291311514,0.002623743753542174,normal
2018-09-04,Analista,0.6,0.6,0.40879497190778763,0.10431152494515802,-0.021495219643616226,-0.00017620669985048023,normal
2018-10-03,Analista,0.6,0.6,0.42826796630917097,0.3480321142181822,-0.0956176278614096,-0.003019707059689655,normal
2018-11-01,Analista,0.6,0.6,0.7539583994671837,0.15692169874782164,-0.04669505425042342,0.0021291670824028475,crisis
2018-12-03,Analista,0.6,0.6,0.632651693068099,0.26969579596387766,-0.11220834092890519,-0.0028689811728610094,estres
2019-01-04,Analista,0.6,0.6,0.7180191839080741,0.12566104992112537,-0.01910514429087551,0.001551979348932656,estres
2019-02-05,Analista,0.6,0.6,0.37564720303641264,0.09374819834662974,-0.017641734743756188,0.0006087253841713878,normal
2019-03-07,Analista,0.6,0.6,0.6269512603434861,0.07126582233527258,-0.0097151268264567,0.0013596431014656824,estres
2019-04-05,Analista,0.6,0.6,0.2635338021768444,0.09920701650631562,-0.019654828792948553,-7.50729957763027e-05,calma
2019-05-07,Analista,0.6,0.6,0.6606276113054743,0.1236432063707749,-0.025704062854334908,0.001741167624377096,estres
2019-06-06,Analista,0.6,0.6,0.5371192093513621,0.09036969208054889,-0.0174512463164459,0.0018281174730149373,normal
2019-07-08,Analista,0.6,0.6,0.5782059869568861,0.13243106932652207,-0.04104929333347329,-0.0008749670746569499,estres
2019-08-06,Analista,0.6,0.6,0.8156413572621352,0.15101361190069432,-0.020978125498108846,0.0028026206761479376,crisis
2019-09-05,Analista,0.6,0.6,0.640604270038364,0.12413684227949726,-0.022426923608873994,0.00046230013682693164,estres
2019-10-04,Analista,0.6,0.6,0.43262745922280965,0.09691423218558017,-0.0225742002354844,-0.0009908921227464343,normal
2019-11-04,Analista,0.6,0.6,0.3388501891189215,0.07214189326733726,-0.013023687843306209,0.0008366669343382709,calma
2019-12-04,Analista,0.6,0.6,0.4271222228100318,0.05823480524106325,-0.010894791761149603,0.0007316257974655992,normal
2020-01-06,Analista,0.6,0.6,0.39893326289604075,0.17040484777867373,-0.02761999170940166,0.0030325684800532565,normal
2020-02-05,Analista,0.6,0.6,0.4963202866173405,0.40459777144535564,-0.12342126430773992,-0.00280722551773393,normal
2020-03-06,Analista,0.6,0.6,0.7737120322326824,0.8437140455118941,-0.18123168346361462,-0.000486662082225692,crisis
2020-04-06,Analista,0.6,0.6,0.9142535449459177,0.23816996524866912,-0.04272649293167918,0.0011569360081866249,crisis
2020-05-06,Analista,0.6,0.6,0.8135422774534431,0.1209429803901252,-0.018473572828291984,0.0015664753445614353,crisis
2020-06-05,Analista,0.6,0.6,0.6011523838007607,0.21260463737490704,-0.03917797073890095,0.0025339851638709896,estres
2020-07-07,Analista,0.6,0.6,0.6968402225808807,0.16924605819705624,-0.024050521542308134,0.004011343970245498,estres
2020-08-05,Analista,0.6,0.6,0.6029600457515726,0.25445612738766077,-0.050451757730040625,0.003374552061610216,estres
2020-09-03,Analista,0.6,0.6,0.6021003822318324,0.26788557887071496,-0.0673964805111098,-0.0006912851403280911,estres
2020-10-05,Analista,0.6,0.6,0.5676464647066713,0.2306669000107683,-0.08264714922630156,-0.0007948744483423282,estres
2020-11-03,Analista,0.6,0.6,0.6245322812507104,0.14069033720431162,-0.026253775689142667,0.0026545149510457254,estres
2020-12-03,Analista,0.6,0.6,0.4425317387573411,0.11847309672448472,-0.017158225730642962,0.001192030868109024,normal
2021-01-05,Analista,0.6,0.6,0.46451051106464,0.1728698001056801,-0.04904487633911825,-0.0001559499076369306,normal
2021-02-04,Analista,0.6,0.6,0.26551925001845844,0.16911718520330976,-0.10577964288199415,-0.004957677712432642,calma
2021-03-08,Analista,0.6,0.6,0.2930477818413677,0.1185844331657543,-0.02338164665136877,0.0017312661751940285,calma
2021-04-07,Analista,0.6,0.6,0.14087583177785026,0.10117223505059086,-0.013249465536510852,0.0012980213309774383,calma
2021-05-06,Analista,0.6,0.6,0.18707307491516503,0.12476675677774172,-0.03700225151232983,1.776712368044201e-05,calma
2021-06-07,Analista,0.6,0.6,0.1887022019969723,0.09855292106570092,-0.02733295089988441,0.000747619379714304,calma
2021-07-07,Analista,0.6,0.6,0.23706523888362546,0.1470047899702776,-0.03516319462671924,0.0013930751449499697,calma
2021-08-05,Analista,0.6,0.6,0.28860620633743533,0.06723487299961751,-0.01633991190898587,0.0017380241244886133,calma
2021-09-03,Analista,0.6,0.6,0.27670663488810887,0.13610902027698757,-0.04080563509066426,-0.0015842438996987944,calma
2021-10-05,Analista,0.6,0.6,0.4088084475890789,0.104608077798907,-0.016566031901337874,0.002934537607177378,normal
2021-11-03,Analista,0.6,0.6,0.29105779092905637,0.15626859497968534,-0.043540237084157996,-0.0013217554745523514,calma
2021-12-03,Analista,0.6,0.6,0.7963648512423994,0.14706040417428032,-0.03200541123490375,0.0024471285078501905,crisis
2022-01-04,Analista,0.6,0.6,0.44908272251675724,0.16263689636260445,-0.0561057045992881,-0.0006475603907333897,normal
2022-02-03,Analista,0.6,0.6,0.6416089254879993,0.1561826846966738,-0.04264886559288472,0.0015312273076418675,estres
2022-03-07,Analista,0.6,0.6,0.9677237987077375,0.09277540000910985,-0.006378367376994598,0.0023215183169457733,crisis
2022-04-05,Analista,0.6,0.6,0.5595382007694487,0.250242106260921,-0.07518154980587466,-0.0008097323086886641,estres
2022-05-05,Analista,0.6,0.6,0.7562859649619802,0.24425110448742135,-0.052683308921469885,0.001035703308575025,crisis
2022-06-06,Analista,0.6,0.6,0.5528834097827345,0.2635072819604157,-0.11449560215299281,-0.0029759211350637257,estres
2022-07-07,Analista,0.6,0.6,0.7411567946804063,0.12935126112991882,-0.03254461947554099,0.0006398995101247676,estres
2022-08-05,Analista,0.6,0.6,0.4793588621476214,0.13636583112273157,-0.044042957080065226,0.0006726175456712926,normal
2022-09-06,Analista,0.6,0.6,0.678826656723446,0.258097326766415,-0.08875038893692344,0.0003014428160441565,estres
2022-10-05,Analista,0.6,0.6,0.6929078033029252,0.18693731242677833,-0.021036028475219015,0.0038760984975972383,estres
2022-11-03,Analista,0.6,0.6,0.5486140384510735,0.18044668533779387,-0.02797635975051571,0.0009760717482225494,normal
2022-12-05,Analista,0.6,0.6,0.2042038763842175,0.1403311640826925,-0.02050445624138242,0.0001662622696686801,calma
2023-01-05,Analista,0.6,0.6,0.2588773814854376,0.15294300168912428,-0.05508729184998962,-0.0018391869806947542,calma
2023-02-06,Analista,0.6,0.6,0.16209242166454846,0.15346962134059094,-0.0426328709143301,0.00028166274533432585,calma
2023-03-08,Analista,0.6,0.6,0.2755177467321659,0.15269779629344088,-0.018875953215285124,0.0026110676084104742,calma
2023-04-06,Analista,0.6,0.6,0.27225907691117046,0.09153201698337371,-0.024723367461072843,0.0003934885053429139,calma
2023-05-08,Analista,0.6,0.6,0.3098551966667609,0.11081484391505145,-0.06012130708908492,-0.002745806177712449,calma
2023-06-07,Analista,0.6,0.6,0.19797842678240288,0.116744645180997,-0.02629835210169107,0.0012999608204459156,calma
2023-07-10,Analista,0.6,0.6,0.2486917901068682,0.10179577672960521,-0.018032408600802352,0.0007339043718017814,calma
2023-08-08,Analista,0.6,0.6,0.17832075666789518,0.1037672661359766,-0.0339273468267558,-0.001158054592948606,calma
2023-09-07,Analista,0.6,0.6,0.22452649460369417,0.08691416652028115,-0.06199113798440525,-0.0025291796145412663,calma
2023-10-06,Analista,0.6,0.6,0.3366162776269895,0.10066233164881885,-0.022541233326347165,0.0016377692972742732,calma
2023-11-06,Analista,0.6,0.6,0.3277590264260603,0.09710156235085145,-0.028574416583570295,0.00020758278922850345,calma
2023-12-06,Analista,0.6,0.6,0.21532965643340168,0.11410354805829578,-0.01295525257607788,0.0029561159503639733,calma
2024-01-08,Analista,0.6,0.6,0.25166326285782564,0.24259267143862595,-0.013392650859558874,0.006105606309142914,calma
2024-02-07,Analista,0.6,0.6,0.21557760204701687,0.14844132556590506,-0.020349090799307357,0.0017494653702993775,calma
2024-03-08,Analista,0.6,0.6,0.34698133489287963,0.11603848874067989,-0.024933022096271018,6.534768572579724e-05,calma
2024-04-09,Analista,0.6,0.6,0.45198098715277846,0.15580471808024166,-0.04795915823855956,0.00019622297500695665,normal
2024-05-08,Analista,0.6,0.6,0.3280532503659875,0.10677350378824013,-0.011686403843598758,0.002938538525814374,calma
2024-06-07,Analista,0.6,0.6,0.3143057248016583,0.09552943044012474,-0.011627483343126022,0.0014042491955105285,calma
2024-07-10,Analista,0.6,0.6,0.4620451587148494,0.1455759133166129,-0.04458121968970585,-0.0011571154572925066,normal
2024-08-08,Analista,0.6,0.6,0.8399784116726254,0.10762821347776615,-0.01648487150010114,0.0030042106378430455,crisis
2024-09-09,Analista,0.6,0.6,0.7424545221986774,0.09273189865110805,-0.02541330438457423,-0.0001764491873250611,estres
2024-10-08,Analista,0.6,0.6,0.62095692005465,0.08940351015928587,-0.02930518872788146,-0.00013285163173329815,estres
2024-11-06,Analista,0.6,0.6,0.7413292843322346,0.1060413829637693,-0.010362014769000227,0.0032822617682559726,estres
2024-12-06,Analista,0.6,0.6,0.563006397788225,0.12395505135947783,-0.04562256997781544,-0.0031571393568719914,estres
2016-01-04,Innovador,0.738,0.738,0.5558372874287189,0.28674706546779044,-0.07364159632427658,-0.0034639266676968,estres
2016-02-03,Innovador,0.738,0.738,0.7066264712665054,0.17256965863116375,-0.03327386324205284,0.0007554526602652126,estres
2016-03-04,Innovador,0.738,0.738,0.4520132980936107,0.10187026847577535,-0.012969784095623771,0.001592089226581948,normal
2016-04-05,Innovador,0.738,0.738,0.28189968929260734,0.14545781159092158,-0.04147972609969419,0.000894202085103621,calma
2016-05-04,Innovador,0.738,0.738,0.31620696664219994,0.11364075408210618,-0.029813242849235255,0.001341492885934042,calma
2016-06-03,Innovador,0.738,0.738,0.5645430984580473,0.13073964645483382,-0.03109548778478377,0.0009628616794448398,estres
2016-07-05,Innovador,0.738,0.738,0.4847790461228183,0.0737464086388762,-0.014991746647784687,0.0007195057882126405,normal
2016-08-03,Innovador,0.738,0.738,0.2753238194150591,0.05528972134525592,-0.015856709023476467,-6.836916417675092e-05,calma
2016-09-01,Innovador,0.738,0.738,0.25838381074043676,0.13906330331120886,-0.028209052317029637,0.0005382558314078053,calma
2016-10-03,Innovador,0.738,0.738,0.28830227273655695,0.0807502050655927,-0.0284389438816941,-0.0014051280617269825,calma
2016-11-01,Innovador,0.738,0.738,0.7620034806981816,0.11968080055445933,-0.04394182770570998,-0.0011438746558212693,crisis
2016-12-01,Innovador,0.738,0.738,0.4424975229734057,0.08526363148818737,-0.01910023113827486,0.0008294676751250422,normal
2017-01-03,Innovador,0.738,0.738,0.4140250298856516,0.048709569334561456,-0.02252890159068488,-0.0008731280915368875,normal
2017-02-02,Innovador,0.738,0.738,0.4512816431371701,0.09652995414555776,-0.009071302226701272,0.0032972906391472673,normal
2017-03-06,Innovador,0.738,0.738,0.3762275055543672,0.1078123353379192,-0.04289408993407817,-0.0011828912678393786,normal
2017-04-04,Innovador,0.738,0.738,0.4113652846538369,0.10084973620995273,-0.012818993996718708,0.0002323615965203082,normal
2017-05-04,Innovador,0.738,0.738,0.2941856991368125,0.11218096155175063,-0.028642546093893828,0.000664220809034348,calma
2017-06-05,Innovador,0.738,0.738,0.27320106021620694,0.08168701840795563,-0.022623845563209843,-0.0005606600435371632,calma
2017-07-05,Innovador,0.738,0.738,0.3385836928893814,0.0763247501314775,-0.01645595553393986,-6.424888745395834e-05,calma
2017-08-03,Innovador,0.738,0.738,0.36787662713061986,0.10327883234159511,-0.023193869079312868,2.9367640574477378e-05,normal
2017-09-01,Innovador,0.738,0.738,0.2958733934512715,0.08493440904573347,-0.023737398094491935,1.3918975755621721e-06,calma
2017-10-03,Innovador,0.738,0.738,0.26536227033750814,0.08203348875560866,-0.010883344297256237,0.002335069110157663,calma
2017-11-01,Innovador,0.738,0.738,0.29891803054619104,0.10060186351565358,-0.009505293725662889,0.002574733646651479,calma
2017-12-01,Innovador,0.738,0.738,0.5465499580235269,0.08774623271943785,-0.0060528923633194065,0.0009320444968761275,normal
2018-01-03,Innovador,0.738,0.738,0.3480348576800041,0.17539055863348538,-0.0420921793908704,0.0028748301370422344,calma
2018-02-02,Innovador,0.738,0.738,0.6834053684029885,0.26962133344035205,-0.054531000222276416,-0.0021823670495698506,estres
2018-03-06,Innovador,0.738,0.738,0.8874431928694408,0.22626358386213524,-0.09490479441566413,-0.0019514470100146458,crisis
2018-04-05,Innovador,0.738,0.738,0.8507010431510746,0.1536704858831238,-0.0389552401680312,0.0003711883197947917,crisis
2018-05-04,Innovador,0.738,0.738,0.6640620929324581,0.09040571102520177,-0.009819372091926626,0.0019034427896408963,estres
2018-06-05,Innovador,0.738,0.738,0.46792549613054657,0.11495811288690722,-0.029399457991080014,0.0002906218993871679,normal
2018-07-05,Innovador,0.738,0.738,0.5370028251365915,0.13585960897305546,-0.04289473809122124,0.002037843111902715,normal
2018-08-03,Innovador,0.738,0.738,0.3539122174348539,0.08544509987284213,-0.011246575556656313,0.0027085796683503235,normal
2018-09-04,Innovador,0.738,0.738,0.40879497190778763,0.10787680363149188,-0.020500314044715084,-0.0005005437525657311,normal
2018-10-03,Innovador,0.738,0.738,0.42826796630917097,0.36402102123896074,-0.08930573974110634,-0.0028189986773206454,normal
2018-11-01,Innovador,0.738,0.738,0.7539583994671837,0.17780381731448952,-0.06418239998901476,0.0019586034398186036,crisis
2018-12-03,Innovador,0.738,0.738,0.632651693068099,0.3118694960288492,-0.1248779476508447,-0.0032505903684422847,estres
2019-01-04,Innovador,0.738,0.738,0.7180191839080741,0.12538808287630035,-0.020940084899330746,0.0013920717074678661,estres
2019-02-05,Innovador,0.738,0.738,0.37564720303641264,0.08440575206007944,-0.010687208869649245,0.0009550835885943792,normal
2019-03-07,Innovador,0.738,0.738,0.6269512603434861,0.0708132226721776,-0.00909171387988117,0.0010941273201773563,estres
2019-04-05,Innovador,0.738,0.738,0.2635338021768444,0.10470122151093338,-0.019802928786725627,0.0002958044347854538,calma
2019-05-07,Innovador,0.738,0.738,0.6606276113054743,0.12354795751474995,-0.030544005547451736,0.0013839385588839512,estres
2019-06-06,Innovador,0.738,0.738,0.5371192093513621,0.08355153264412744,-0.014515806135659393,0.0016958120515416573,normal
2019-07-08,Innovador,0.738,0.738,0.5782059869568861,0.13256449885124624,-0.047244676481809744,-0.001432355031814664,estres
2019-08-06,Innovador,0.738,0.738,0.8156413572621352,0.15611237915040227,-0.0231944403613642,0.0024874409397994063,crisis
2019-09-05,Innovador,0.738,0.738,0.640604270038364,0.11558471174189229,-0.022910176492339618,0.00036598111775740857,estres
2019-10-04,Innovador,0.738,0.738,0.43262745922280965,0.1063016176580269,-0.019651977651366836,-0.0007607700224213933,normal
2019-11-04,Innovador,0.738,0.738,0.3388501891189215,0.06440992637949583,-0.005812816665366816,0.0013879177062462791,calma
2019-12-04,Innovador,0.738,0.738,0.4271222228100318,0.05841675687438144,-0.007621357826065656,0.0012706117452960265,normal
2020-01-06,Innovador,0.738,0.738,0.39893326289604075,0.16903638949439437,-0.027537323919509804,0.0030361222436811283,normal
2020-02-05,Innovador,0.738,0.738,0.4963202866173405,0.40550316633016,-0.1248822815967171,-0.0030569658346580424,normal
2020-03-06,Innovador,0.738,0.738,0.7737120322326824,0.8517280171204045,-0.17804977311952452,-0.0002130487539864894,crisis
2020-04-06,Innovador,0.738,0.738,0.9142535449459177,0.2570817211159985,-0.04228375820656938,0.002805117238892488,crisis
2020-05-06,Innovador,0.738,0.738,0.8135422774534431,0.12089943460387013,-0.018957720819351098,0.0017991871268243243,crisis
2020-06-05,Innovador,0.738,0.738,0.6011523838007607,0.2183211984987913,-0.037757365319633585,0.0037941692292269382,estres
2020-07-07,Innovador,0.738,0.738,0.6968402225808807,0.19946573295912112,-0.028418423646986213,0.0044381652313508985,estres
2020-08-05,Innovador,0.738,0.738,0.6029600457515726,0.2659621297460867,-0.05223834537242189,0.0035295674987396893,estres
2020-09-03,Innovador,0.738,0.738,0.6021003822318324,0.29816717807729026,-0.07513789856711428,-0.000742693463221121,estres
2020-10-05,Innovador,0.738,0.738,0.5676464647066713,0.26595033819982694,-0.08824884533985433,-0.0008570210549847158,estres
2020-11-03,Innovador,0.738,0.738,0.6245322812507104,0.16790818620100786,-0.025920822188264636,0.0030289611573395482,estres
2020-12-03,Innovador,0.738,0.738,0.4425317387573411,0.13489630005075492,-0.02189338276827102,0.0013438757064344515,normal
2021-01-05,Innovador,0.738,0.738,0.46451051106464,0.1910190004369148,-0.05314377483781196,0.00014630337628074276,normal
2021-02-04,Innovador,0.738,0.738,0.26551925001845844,0.18097005441025354,-0.11007992301684477,-0.005162549044044671,calma
2021-03-08,Innovador,0.738,0.738,0.2930477818413677,0.12877330248037067,-0.026080552593258144,0.001549313673610556,calma
2021-04-07,Innovador,0.738,0.738,0.14087583177785026,0.10981136402528223,-0.01563033977744399,0.0011149979481049309,calma
2021-05-06,Innovador,0.738,0.738,0.18707307491516503,0.12077922255348654,-0.0348111602962794,0.00029036958500992864,calma
2021-06-07,Innovador,0.738,0.738,0.1887022019969723,0.0975759786279712,-0.027445927265115744,0.0008079667015360068,calma
2021-07-07,Innovador,0.738,0.738,0.23706523888362546,0.1662187509120692,-0.04249304453696967,0.0011959963627036299,calma
2021-08-05,Innovador,0.738,0.738,0.28860620633743533,0.08077739005655413,-0.018466778781575433,0.0019348488667272478,calma
2021-09-03,Innovador,0.738,0.738,0.27670663488810887,0.15571815243603468,-0.03422200332452052,-0.0009320094939523629,calma
2021-10-05,Innovador,0.738,0.738,0.4088084475890789,0.10604560387153385,-0.01775017317766081,0.002899946927371235,normal
2021-11-03,Innovador,0.738,0.738,0.29105779092905637,0.17263972594454138,-0.05198152138014067,-0.0016516163300197288,calma
2021-12-03,Innovador,0.738,0.738,0.7963648512423994,0.13933529091071437,-0.03520919383401855,0.0024357375444657345,crisis
2022-01-04,Innovador,0.738,0.738,0.44908272251675724,0.15700677071235036,-0.04188206348424195,0.0002545502156589129,normal
2022-02-03,Innovador,0.738,0.738,0.6416089254879993,0.1757517120545113,-0.048627321602551454,0.0027050272660213022,estres
2022-03-07,Innovador,0.738,0.738,0.9677237987077375,0.0877974634219851,-0.006851566145111954,0.002346723889344998,crisis
2022-04-05,Innovador,0.738,0.738,0.5595382007694487,0.24623147638969145,-0.06976812659615739,-0.0003056393256517411,estres
2022-05-05,Innovador,0.738,0.738,0.7562859649619802,0.2550680464976043,-0.045055342506273854,0.002083479756645288,crisis
2022-06-06,Innovador,0.738,0.738,0.5528834097827345,0.3181593600805976,-0.1334757106892781,-0.004198572351968165,estres
2022-07-07,Innovador,0.738,0.738,0.7411567946804063,0.18439126612233034,-0.04966153083084934,0.0012427727374759803,estres
2022-08-05,Innovador,0.738,0.738,0.4793588621476214,0.15094151677447834,-0.041652707799931576,0.0011696936624284583,normal
2022-09-06,Innovador,0.738,0.738,0.678826656723446,0.2885385390085118,-0.09591843843147341,0.0006947873588212568,estres
2022-10-05,Innovador,0.738,0.738,0.6929078033029252,0.2007635287292664,-0.024367954387515156,0.004213645314603057,estres
2022-11-03,Innovador,0.738,0.738,0.5486140384510735,0.20259542164489475,-0.03849815964953929,0.00046914792387286525,normal
2022-12-05,Innovador,0.738,0.738,0.2042038763842175,0.17318541626764,-0.025211455027767782,-4.434009562044569e-05,calma
2023-01-05,Innovador,0.738,0.738,0.2588773814854376,0.17907969798245793,-0.040982686787530254,-0.0007557353849435399,calma
2023-02-06,Innovador,0.738,0.738,0.16209242166454846,0.14870091166521127,-0.04240373236267192,3.429054352375434e-05,calma
2023-03-08,Innovador,0.738,0.738,0.2755177467321659,0.1563731331886796,-0.020220248469844493,0.002512888084878263,calma
2023-04-06,Innovador,0.738,0.738,0.27225907691117046,0.10821509196908412,-0.03675868775920854,0.00011139976501733593,calma
2023-05-08,Innovador,0.738,0.738,0.3098551966667609,0.10253191048716383,-0.05470657965441483,-0.0024228207622825505,calma
2023-06-07,Innovador,0.738,0.738,0.19797842678240288,0.12276918146731984,-0.026506208133267095,0.0016611783336477255,calma
2023-07-10,Innovador,0.738,0.738,0.2486917901068682,0.09284463636966545,-0.02221540618155149,0.0012523037571223604,calma
2023-08-08,Innovador,0.738,0.738,0.17832075666789518,0.12326338848037914,-0.040528390372926104,-0.0014960466264320562,calma
2023-09-07,Innovador,0.738,0.738,0.22452649460369417,0.11993553577901103,-0.05938566192186201,-0.0015840826923789009,calma
2023-10-06,Innovador,0.738,0.738,0.3366162776269895,0.1519881891016245,-0.04599240964880902,0.0012947322076137045,calma
2023-11-06,Innovador,0.738,0.738,0.3277590264260603,0.11409894779134944,-0.03529432071433236,0.0004364427479911589,calma
2023-12-06,Innovador,0.738,0.738,0.21532965643340168,0.12419277758771613,-0.0145521872050548,0.0034360008950350632,calma
2024-01-08,Innovador,0.738,0.738,0.25166326285782564,0.32065451017713287,-0.017124651687968617,0.007451500510211501,calma
2024-02-07,Innovador,0.738,0.738,0.21557760204701687,0.16554363121357296,-0.018068255033842906,0.0019671550238191584,calma
2024-03-08,Innovador,0.738,0.738,0.34698133489287963,0.12911055773282726,-0.022284323194253997,0.0002826094594354703,calma
2024-04-09,Innovador,0.738,0.738,0.45198098715277846,0.2082342230845125,-0.07654715468646289,-0.0007273549818598142,normal
2024-05-08,Innovador,0.738,0.738,0.3280532503659875,0.11028480874699446,-0.012727884772204767,0.002866385890128435,calma
2024-06-07,Innovador,0.738,0.738,0.3143057248016583,0.11467355826884294,-0.013493960221652168,0.0016960870476776624,calma
2024-07-10,Innovador,0.738,0.738,0.4620451587148494,0.17234722131870137,-0.04313431523647593,-0.0014153191523432825,normal
2024-08-08,Innovador,0.738,0.738,0.8399784116726254,0.11936076014796819,-0.01863258497945397,0.002748653592328967,crisis
2024-09-09,Innovador,0.738,0.738,0.7424545221986774,0.10866826856576418,-0.02154259207088005,0.0007093681182076601,estres
2024-10-08,Innovador,0.738,0.738,0.62095692005465,0.08904285089564747,-0.028422911281118957,-0.00025331435393876814,estres
2024-11-06,Innovador,0.738,0.738,0.7413292843322346,0.09481110910717513,-0.01526740170449814,0.002937696193364801,estres
2024-12-06,Innovador,0.738,0.738,0.563006397788225,0.12401873196124258,-0.047376633655904055,-0.0030951865186516995,estres
2016-01-04,Visionario,0.865,0.865,0.5558372874287189,0.3607302171984809,-0.09671394815104284,-0.004579003989297378,estres
2016-02-03,Visionario,0.865,0.865,0.7066264712665054,0.20706933834573424,-0.048378885707186736,0.0006220910414564926,estres
2016-03-04,Visionario,0.865,0.865,0.4520132980936107,0.11883491701303962,-0.016895065983268398,0.0016377388003975472,normal
2016-04-05,Visionario,0.865,0.865,0.28189968929260734,0.1653331408371617,-0.04155310549442626,0.0014151603540219736,calma
2016-05-04,Visionario,0.865,0.865,0.31620696664219994,0.1296609627087971,-0.031209370796342895,0.0019187751765173424,calma
2016-06-03,Visionario,0.865,0.865,0.5645430984580473,0.13478323543262172,-0.03381666498015157,0.0007123178610520865,estres
2016-07-05,Visionario,0.865,0.865,0.4847790461228183,0.08344630817608019,-0.01149882724290019,0.001484668124709621,normal
2016-08-03,Visionario,0.865,0.865,0.2753238194150591,0.084193303347026,-0.018415075397189562,0.001405021991045504,calma
2016-09-01,Visionario,0.865,0.865,0.25838381074043676,0.16668705272900425,-0.0350724248660792,0.0014307699867301504,calma
2016-10-03,Visionario,0.865,0.865,0.28830227273655695,0.10022810263323617,-0.024294604468034775,-0.0011582983002429135,calma
2016-11-01,Visionario,0.865,0.865,0.7620034806981816,0.2962840275912833,-0.03321501471738797,0.0024798160519471195,crisis
2016-12-01,Visionario,0.865,0.865,0.4424975229734057,0.12083085670804335,-0.0313320637055593,0.002066767623170427,normal
2017-01-03,Visionario,0.865,0.865,0.4140250298856516,0.10688857754379169,-0.022928380397594372,0.0012984874087607178,normal
2017-02-02,Visionario,0.865,0.865,0.4512816431371701,0.12538239927372805,-0.017196424370032326,0.001104434375947447,normal
2017-03-06,Visionario,0.865,0.865,0.3762275055543672,0.1124571945706818,-0.037181916337115206,-0.0008535530030938763,normal
2017-04-04,Visionario,0.865,0.865,0.4113652846538369,0.09979124803652417,-0.01150947555499715,0.0005065584291058622,normal
2017-05-04,Visionario,0.865,0.865,0.2941856991368125,0.13792458458359186,-0.033419251798249006,0.0017171681865818123,calma
2017-06-05,Visionario,0.865,0.865,0.27320106021620694,0.10931196307443596,-0.02454707639479492,4.1403798662390355e-05,calma
2017-07-05,Visionario,0.865,0.865,0.3385836928893814,0.07783477717762638,-0.015744076011839248,0.0001411695093331397,calma
2017-08-03,Visionario,0.865,0.865,0.36787662713061986,0.13599116618782459,-0.03745160384148938,-0.0002463735831093887,normal
2017-09-01,Visionario,0.865,0.865,0.2958733934512715,0.09854132174032929,-0.02143839604060782,0.00032277512040867264,calma
2017-10-03,Visionario,0.865,0.865,0.26536227033750814,0.08492325380361837,-0.011665303913034775,0.0026110100068215763,calma
2017-11-01,Visionario,0.865,0.865,0.29891803054619104,0.11873712655248911,-0.010020527511885202,0.0027088752246845075,calma
2017-12-01,Visionario,0.865,0.865,0.5465499580235269,0.08888616117162716,-0.006496986062595522,0.000968015206857503,normal
2018-01-03,Visionario,0.865,0.865,0.3480348576800041,0.1721976630067308,-0.04094496147776039,0.0028720638391824447,calma
2018-02-02,Visionario,0.865,0.865,0.6834053684029885,0.27595511726407407,-0.061145363240236006,-0.0023486450885322925,estres
2018-03-06,Visionario,0.865,0.865,0.8874431928694408,0.2293004901186229,-0.096018338019493,-0.002187790015993382,crisis
2018-04-05,Visionario,0.865,0.865,0.8507010431510746,0.14730788058000194,-0.038165271351456975,0.00034262917688234894,crisis
2018-05-04,Visionario,0.865,0.865,0.6640620929324581,0.09355393254345461,-0.008019685925330089,0.0017449546991366038,estres
2018-06-05,Visionario,0.865,0.865,0.46792549613054657,0.09929399582215927,-0.02467568018820321,0.00025132940312199223,normal
2018-07-05,Visionario,0.865,0.865,0.5370028251365915,0.13053956091195515,-0.03970289062032173,0.002160756380071545,normal
2018-08-03,Visionario,0.865,0.865,0.3539122174348539,0.08269704195670739,-0.008705150084959534,0.0025419096976438847,normal
2018-09-04,Visionario,0.865,0.865,0.40879497190778763,0.12704653019042722,-0.023263433557115243,-0.0008457532228070523,normal
2018-10-03,Visionario,0.865,0.865,0.42826796630917097,0.3659652232642035,-0.08702708879103616,-0.00277162573684043,normal
2018-11-01,Visionario,0.865,0.865,0.7539583994671837,0.2045450930291557,-0.07408830631446273,0.002144734296718567,crisis
2018-12-03,Visionario,0.865,0.865,0.632651693068099,0.3567102289292825,-0.14179947068658816,-0.003728681980180361,estres
2019-01-04,Visionario,0.865,0.865,0.7180191839080741,0.12853949953432245,-0.02555003178997839,0.0015783514352862584,estres
2019-02-05,Visionario,0.865,0.865,0.37564720303641264,0.0816733550283548,-0.010449229864973875,0.0014287215433682107,normal
2019-03-07,Visionario,0.865,0.865,0.6269512603434861,0.0708084221295337,-0.008279151617717528,0.0009832211618146802,estres
2019-04-05,Visionario,0.865,0.865,0.2635338021768444,0.10585566790973217,-0.01869101732021583,0.00047531737827274695,calma
2019-05-07,Visionario,0.865,0.865,0.6606276113054743,0.12584101929438068,-0.03717365796823202,0.0010166019314697707,estres
2019-06-06,Visionario,0.865,0.865,0.5371192093513621,0.07744818682144665,-0.01388281810349612,0.00166428264725607,normal
2019-07-08,Visionario,0.865,0.865,0.5782059869568861,0.13021574578694778,-0.05960573984651518,-0.0019171312061691448,estres
2019-08-06,Visionario,0.865,0.865,0.8156413572621352,0.17129469902480976,-0.02639704746967131,0.0022139900422176763,crisis
2019-09-05,Visionario,0.865,0.865,0.640604270038364,0.10995941594300752,-0.03481037836378498,0.00012491269829634867,estres
2019-10-04,Visionario,0.865,0.865,0.43262745922280965,0.10339146731253235,-0.017528369492833873,0.00014243709844313944,normal
2019-11-04,Visionario,0.865,0.865,0.3388501891189215,0.055675018918370574,-0.009474185002789737,0.0009964936631360773,calma
2019-12-04,Visionario,0.865,0.865,0.4271222228100318,0.06544359442924648,-0.006778953144708666,0.0022286108612648587,normal
2020-01-06,Visionario,0.865,0.865,0.39893326289604075,0.1983524799701815,-0.032405538579956206,0.0030538190323864136,normal
2020-02-05,Visionario,0.865,0.865,0.4963202866173405,0.41487580415990644,-0.12750066459870302,-0.0033426039105891197,normal
2020-03-06,Visionario,0.865,0.865,0.7737120322326824,0.8826222840055599,-0.17841436183669546,-0.00016866086829665122,crisis
2020-04-06,Visionario,0.865,0.865,0.9142535449459177,0.27352970021501605,-0.04291766367333638,0.0036157206185707925,crisis
2020-05-06,Visionario,0.865,0.865,0.8135422774534431,0.12255355413113381,-0.01884117936724683,0.0020036459656696433,crisis
2020-06-05,Visionario,0.865,0.865,0.6011523838007607,0.2257066820531519,-0.037615985215755154,0.004520701672564105,estres
2020-07-07,Visionario,0.865,0.865,0.6968402225808807,0.20820636039871432,-0.029580551961375212,0.004478274646754541,estres
2020-08-05,Visionario,0.865,0.865,0.6029600457515726,0.264602503036613,-0.05116943676727803,0.0035395639281926797,estres
2020-09-03,Visionario,0.865,0.865,0.6021003822318324,0.32039510828186285,-0.08245042813789005,-0.000777622256520725,estres
2020-10-05,Visionario,0.865,0.865,0.5676464647066713,0.2639243507233663,-0.0871667409720076,-0.0008074938076104569,estres
2020-11-03,Visionario,0.865,0.865,0.6245322812507104,0.16949290800589326,-0.020633354064783394,0.0034120555800938564,estres
2020-12-03,Visionario,0.865,0.865,0.4425317387573411,0.1475451600681842,-0.025039985448712776,0.0014529369506964456,normal
2021-01-05,Visionario,0.865,0.865,0.46451051106464,0.19305956415194922,-0.05494642480723211,0.0001938831739949818,normal
2021-02-04,Visionario,0.865,0.865,0.26551925001845844,0.16696558960207553,-0.10042300199437049,-0.004688005035423793,calma
2021-03-08,Visionario,0.865,0.865,0.2930477818413677,0.13679036272178674,-0.02756223914025513,0.0014513079598045234,calma
2021-04-07,Visionario,0.865,0.865,0.14087583177785026,0.11395916788106508,-0.017841583638437686,0.0010441637393343766,calma
2021-05-06,Visionario,0.865,0.865,0.18707307491516503,0.1215753636327037,-0.033753680849205825,0.000494407556162097,calma
2021-06-07,Visionario,0.865,0.865,0.1887022019969723,0.09900232135665096,-0.02750516235744882,0.0008928433829438016,calma
2021-07-07,Visionario,0.865,0.865,0.23706523888362546,0.17550647486557644,-0.0474549701408028,0.0008965665883746059,calma
2021-08-05,Visionario,0.865,0.865,0.28860620633743533,0.0899228104047665,-0.020083678364998914,0.0017495093837578486,calma
2021-09-03,Visionario,0.865,0.865,0.27670663488810887,0.17155170338717415,-0.03583423687180998,-0.00030508752953205547,calma
2021-10-05,Visionario,0.865,0.865,0.4088084475890789,0.11039305744170608,-0.019174650937674897,0.0027490644272707785,normal
2021-11-03,Visionario,0.865,0.865,0.29105779092905637,0.18589558586559968,-0.05881752527100237,-0.0020491208671925393,calma
2021-12-03,Visionario,0.865,0.865,0.7963648512423994,0.11992622351902306,-0.025360446850773877,0.0024606992610483364,crisis
2022-01-04,Visionario,0.865,0.865,0.44908272251675724,0.1460183551328864,-0.03680955337777436,0.0008007070990671774,normal
2022-02-03,Visionario,0.865,0.865,0.6416089254879993,0.18005530519318147,-0.04876187353422379,0.0028575845653973832,estres
2022-03-07,Visionario,0.865,0.865,0.9677237987077375,0.08878217498049507,-0.007510740840470542,0.002461567910678439,crisis
2022-04-05,Visionario,0.865,0.865,0.5595382007694487,0.245166380419215,-0.06688566127267759,-6.682586062275165e-05,estres
2022-05-05,Visionario,0.865,0.865,0.7562859649619802,0.2598542763729403,-0.04887566742738003,0.0024255011705439458,crisis
2022-06-06,Visionario,0.865,0.865,0.5528834097827345,0.30859567619890943,-0.12909016954420505,-0.0038109625498974,estres
2022-07-07,Visionario,0.865,0.865,0.7411567946804063,0.20525793802376827,-0.05518576390310659,0.0014199608445656885,estres
2022-08-05,Visionario,0.865,0.865,0.4793588621476214,0.15569708095146442,-0.04056609796623856,0.0014185281526494173,normal
2022-09-06,Visionario,0.865,0.865,0.678826656723446,0.2996329590491097,-0.0994200118782268,0.0008607142259108085,estres
2022-10-05,Visionario,0.865,0.865,0.6929078033029252,0.20408395720486278,-0.025061372632235734,0.004346363045299434,estres
2022-11-03,Visionario,0.865,0.865,0.5486140384510735,0.2068663636437021,-0.04179069026937332,0.000305766246700854,normal
2022-12-05,Visionario,0.865,0.865,0.2042038763842175,0.185949306671649,-0.027745189772449108,-0.00016418240345674855,calma
2023-01-05,Visionario,0.865,0.865,0.2588773814854376,0.18414023236822427,-0.04001369067385807,-0.000160840676966321,calma
2023-02-06,Visionario,0.865,0.865,0.16209242166454846,0.15179806241965585,-0.04398055740014695,-0.00014188716000413594,calma
2023-03-08,Visionario,0.865,0.865,0.2755177467321659,0.16604134743975232,-0.022205022780837025,0.002050085500322,calma
2023-04-06,Visionario,0.865,0.865,0.27225907691117046,0.12083736551544799,-0.045636137905967655,-9.577303894940194e-05,calma
2023-05-08,Visionario,0.865,0.865,0.3098551966667609,0.09995029715768136,-0.051004588455333955,-0.002238456970937333,calma
2023-06-07,Visionario,0.865,0.865,0.19797842678240288,0.13401336083317952,-0.022343532067139127,0.0024230290857863816,calma
2023-07-10,Visionario,0.865,0.865,0.2486917901068682,0.11987620694032126,-0.027357013327577118,0.0017274263754628663,calma
2023-08-08,Visionario,0.865,0.865,0.17832075666789518,0.1638396611765903,-0.04840110642394346,-0.0018036496784152216,calma
2023-09-07,Visionario,0.865,0.865,0.22452649460369417,0.1549598320828374,-0.04909636731797362,-0.0007683124796759686,calma
2023-10-06,Visionario,0.865,0.865,0.3366162776269895,0.18765067039345784,-0.06764061886182304,0.0010392421472284852,calma
2023-11-06,Visionario,0.865,0.865,0.3277590264260603,0.1371330660308336,-0.049248168322343244,0.0008777314716255644,calma
2023-12-06,Visionario,0.865,0.865,0.21532965643340168,0.13131206714081695,-0.01842347423138413,0.0035809733598906163,calma
2024-01-08,Visionario,0.865,0.865,0.25166326285782564,0.2755936965009058,-0.01366469026775341,0.006676152698652617,calma
2024-02-07,Visionario,0.865,0.865,0.21557760204701687,0.1524974174185622,-0.01835280469788836,0.001620269169603016,calma
2024-03-08,Visionario,0.865,0.865,0.34698133489287963,0.14097506410756105,-0.02307118567317301,0.0004375509836406179,calma
2024-04-09,Visionario,0.865,0.865,0.45198098715277846,0.18564078453199523,-0.06862409392853508,-0.0007683298522268192,normal
2024-05-08,Visionario,0.865,0.865,0.3280532503659875,0.10616593269512019,-0.013209706292848344,0.0024098613437919863,calma
2024-06-07,Visionario,0.865,0.865,0.3143057248016583,0.10904429805250876,-0.016945192116581076,0.0015077240211011252,calma
2024-07-10,Visionario,0.865,0.865,0.4620451587148494,0.18251709711804767,-0.03717070719545368,-0.0012004750149687473,normal
2024-08-08,Visionario,0.865,0.865,0.8399784116726254,0.12123051879816518,-0.01735932651808947,0.0025627140699452386,crisis
2024-09-09,Visionario,0.865,0.865,0.7424545221986774,0.11261284468227634,-0.018976033010133175,0.0011344635384827532,estres
2024-10-08,Visionario,0.865,0.865,0.62095692005465,0.09680985561113754,-0.027343898946883605,-9.469501942784928e-05,estres
2024-11-06,Visionario,0.865,0.865,0.7413292843322346,0.08884320939640393,-0.01867242917976164,0.002510905918416426,estres
2024-12-06,Visionario,0.865,0.865,0.563006397788225,0.1300891017683688,-0.051216391372201575,-0.003208622380786569,estres
