date,profile,base_orness,eff_orness,stress,vol,maxdd,mean_ret,regime
2015-12-21,Guardián,0.158,0.158,0.48193775708681647,0.1836353566337099,-0.05417042569160935,-0.0016309095912318498,normal
2016-01-19,Guardián,0.158,0.158,0.8086557684369717,0.07471278568020245,-0.01266606005291293,0.0014010251144591936,crisis
2016-02-17,Guardián,0.158,0.158,0.680434721954674,0.08159932359637442,-0.00528562729194082,0.003151914404160559,estres
2016-03-17,Guardián,0.158,0.158,0.366005175172678,0.1599852043832423,-0.019596968499165035,0.0021900633324922376,normal
2016-04-15,Guardián,0.158,0.158,0.23192288644223688,0.11324187294438369,-0.03632049077612742,0.0007313214187802082,calma
2016-05-16,Guardián,0.158,0.158,0.2716421385542689,0.08879542931392144,-0.03527329546374136,-0.0013039678344462884,calma
2016-06-14,Guardián,0.158,0.158,0.7560810116347392,0.05764491735393532,-0.012040632392777084,0.000322502215278115,crisis
2016-07-13,Guardián,0.158,0.158,0.4025765286344811,0.05140190563786391,-0.013471596752650528,9.770683821414317e-05,normal
2016-08-11,Guardián,0.158,0.158,0.23689010627373613,0.06987079974740716,-0.007089833666998224,0.002002266276657469,calma
2016-09-09,Guardián,0.158,0.158,0.40892417948445703,0.1115876237703044,-0.020149570531590943,-0.000988226841552637,normal
2016-10-10,Guardián,0.158,0.158,0.28630373006857845,0.06791416644739096,-0.0165496493662034,-0.0004989948206031747,calma
2016-11-08,Guardián,0.158,0.158,0.7532805750702393,0.11944530943895391,-0.04490777556472636,-7.907903304075041e-05,crisis
2016-12-07,Guardián,0.158,0.158,0.38171145231510784,0.09128881907733069,-0.010280375701586242,0.0014255877124830425,normal
2017-01-05,Guardián,0.158,0.158,0.37505419656081895,0.07802914216055065,-0.0145176816848952,0.0005277225186465417,normal
2017-02-03,Guardián,0.158,0.158,0.4039559886230223,0.11445494951151344,-0.032539515792229134,-0.0009349771462777715,normal
2017-03-06,Guardián,0.158,0.158,0.3784683858497293,0.07331256488548368,-0.012125316424307697,0.0006355039583851247,normal
2017-04-04,Guardián,0.158,0.158,0.41176212022773845,0.041292257317621824,-0.008975058780863465,0.0004313175457593547,normal
2017-05-03,Guardián,0.158,0.158,0.30177045008382847,0.08775625307004681,-0.01639205727637938,0.0011150401624092875,calma
2017-06-01,Guardián,0.158,0.158,0.26622229445138507,0.06346469472437993,-0.018130337321899503,0.0004785417190162156,calma
2017-06-30,Guardián,0.158,0.158,0.3483590266336658,0.05711759707224334,-0.012002105916559369,0.001680101160811271,calma
2017-07-31,Guardián,0.158,0.158,0.3109861217206533,0.08497359847072462,-0.024314222570687383,-5.7480958676984055e-05,calma
2017-08-29,Guardián,0.158,0.158,0.44034172666967636,0.05962741597703822,-0.019354691321374795,7.848776205191588e-05,normal
2017-09-27,Guardián,0.158,0.158,0.27835383380723416,0.05331091202522565,-0.01531615661303376,-0.0001990481375496843,calma
2017-10-26,Guardián,0.158,0.158,0.39365389720485877,0.0850367917382593,-0.020904038778998157,-0.0008566951895022316,normal
2017-11-24,Guardián,0.158,0.158,0.23787088862288802,0.04546369741804324,-0.004445229197399203,0.0013957071963026973,calma
2017-12-25,Guardián,0.158,0.158,0.40979988490328034,0.06663378454368597,-0.015701992766119166,0.00029272369478837646,normal
2018-01-23,Guardián,0.158,0.158,0.6261722726681218,0.32781577795157574,-0.03969117892812579,0.003508995263018461,estres
2018-02-21,Guardián,0.158,0.158,0.6383712152045855,0.06585634682023245,-0.04302914323145224,-0.0019624572961387484,estres
2018-03-22,Guardián,0.158,0.158,0.9299587012398582,0.0708223455362404,-0.013278222832637798,0.00123144578652967,crisis
2018-04-20,Guardián,0.158,0.158,0.7740427430015788,0.05970028794775778,-0.02527572015700108,-0.0011073587270105513,crisis
2018-05-21,Guardián,0.158,0.158,0.5872334932347624,0.06429768280155242,-0.01333060467328373,0.0010003203715383787,estres
2018-06-19,Guardián,0.158,0.158,0.4823083995889733,0.08739610938927905,-0.03888791109535972,-0.001278732316348104,normal
2018-07-18,Guardián,0.158,0.158,0.4240453795938083,0.10949029954549488,-0.04159515889726051,-0.0009721181847108757,normal
2018-08-16,Guardián,0.158,0.158,0.41202304448774396,0.06694509151535252,-0.029639342947507696,-0.0010428047818878947,normal
2018-09-14,Guardián,0.158,0.158,0.3575298021666028,0.10497791814883248,-0.01764725414924473,-0.0016694908579706165,normal
2018-10-15,Guardián,0.158,0.158,0.691807039698189,0.15447224955217692,-0.04853975338929417,-0.0013097923627654095,estres
2018-11-13,Guardián,0.158,0.158,0.7480523010796645,0.18624832493571755,-0.08775270825880721,-0.0038006547679559056,estres
2018-12-12,Guardián,0.158,0.158,0.7517027238666126,0.22640343702053844,-0.050266986636444466,0.0006069646534696882,crisis
2019-01-10,Guardián,0.158,0.158,0.756646405431016,0.11939186886810121,-0.01239931777908121,0.0036749359309657093,crisis
2019-02-08,Guardián,0.158,0.158,0.39190882506052316,0.12093161458347754,-0.017730238762641237,0.003077132277273068,normal
2019-03-11,Guardián,0.158,0.158,0.47540519091823713,0.1369224333930202,-0.022096562562528232,0.0021319329512460546,normal
2019-04-09,Guardián,0.158,0.158,0.34789412619734966,0.08125699007627409,-0.021342178214750596,-1.0284998741960203e-05,calma
2019-05-08,Guardián,0.158,0.158,0.6046751088846531,0.100516616229322,-0.037239769270501766,-0.002586263401264938,estres
2019-06-06,Guardián,0.158,0.158,0.4794666784826319,0.0744123162663566,-0.005334063267802391,0.0031362810972200626,normal
2019-07-05,Guardián,0.158,0.158,0.47697998878847475,0.1355902025031802,-0.05459462273751026,-0.0006222885171500064,normal
2019-08-05,Guardián,0.158,0.158,0.8746966645671574,0.1408452332381582,-0.023229298116263952,0.0016152621071369696,crisis
2019-09-03,Guardián,0.158,0.158,0.7229866423871434,0.08417157811107519,-0.0050086309841267385,0.0017275985376226366,estres
2019-10-02,Guardián,0.158,0.158,0.5460536105085617,0.10379538775710494,-0.016703724493108973,0.002249930461431311,normal
2019-10-31,Guardián,0.158,0.158,0.3020378804991728,0.08621119317615222,-0.03726118770088138,-0.0008321085035586462,calma
2019-11-29,Guardián,0.158,0.158,0.3399686744601004,0.0850360584657696,-0.011817745346507147,0.0010951827131553133,calma
2019-12-30,Guardián,0.158,0.158,0.4488523080421276,0.10003751025298938,-0.010814964663829474,0.0008774373711130461,normal
2020-01-28,Guardián,0.158,0.158,0.5699221663939134,0.09049030323089714,-0.01803792705116347,0.0007616640400668371,estres
2020-02-26,Guardián,0.158,0.158,0.7690982730241946,0.7564730663288465,-0.3360424789972204,-0.013806931539122266,crisis
2020-03-26,Guardián,0.158,0.158,0.7534362731265496,0.3347383014760372,-0.05617399783375665,0.002576114407767024,crisis
2020-04-24,Guardián,0.158,0.158,0.8206245055696999,0.1612798768998039,-0.07220337965715451,-0.002938710919331047,crisis
2020-05-25,Guardián,0.158,0.158,0.7355930488250265,0.22049065362010253,-0.047588679915574805,0.0029745895119831804,estres
2020-06-23,Guardián,0.158,0.158,0.6499016494535129,0.09601844249882105,-0.0069969031626905265,0.002592906645904097,estres
2020-07-22,Guardián,0.158,0.158,0.624292451454395,0.18130775564651866,-0.053017390681508236,5.22400589213816e-05,estres
2020-08-20,Guardián,0.158,0.158,0.5884698454256521,0.1496120867117512,-0.03777606540004452,0.001700288796120581,estres
2020-09-18,Guardián,0.158,0.158,0.5126352765985653,0.10220917501370846,-0.028601175368207055,7.45049108591451e-05,normal
2020-10-19,Guardián,0.158,0.158,0.565040232998922,0.1849855766141627,-0.04535262499495152,0.0009289145692537722,estres
2020-11-17,Guardián,0.158,0.158,0.4663743193161573,0.14347315178531242,-0.02225643561816104,0.004693961328493721,normal
2020-12-16,Guardián,0.158,0.158,0.4377381879409884,0.09618199657201877,-0.015391896939821903,0.0003438209252689377,normal
2021-01-14,Guardián,0.158,0.158,0.3625702943493905,0.06233034795559397,-0.017662637611444265,0.0007634940129958642,normal
2021-02-12,Guardián,0.158,0.158,0.23266379857403796,0.06901282157112598,-0.02925561206418381,-0.0007087687989598089,calma
2021-03-15,Guardián,0.158,0.158,0.19854427643681333,0.08991918960126845,-0.02560700892554557,-0.000435770321574528,calma
2021-04-13,Guardián,0.158,0.158,0.13361713961319632,0.19371156216042276,-0.05498156749643934,0.0003952418819954559,calma
2021-05-12,Guardián,0.158,0.158,0.46012320473387774,0.1987673957584337,-0.09629423621345845,-0.0018899662917170178,normal
2021-06-10,Guardián,0.158,0.158,0.19032035491748728,0.09708330969816227,-0.019389886463989203,0.00034127317241583054,calma
2021-07-09,Guardián,0.158,0.158,0.2495792324027917,0.09648023512898568,-0.04869569677386054,-0.0019347448440351588,calma
2021-08-09,Guardián,0.158,0.158,0.28708989537621565,0.14290001060980828,-0.011521979017350747,0.0032674494265289627,calma
2021-09-07,Guardián,0.158,0.158,0.33170264342906275,0.08166063978580182,-0.018068336162610388,0.0009291631541660926,calma
2021-10-06,Guardián,0.158,0.158,0.4101598589771127,0.10035312588041606,-0.012449489503902011,0.00122236506404318,normal
2021-11-04,Guardián,0.158,0.158,0.31279487636469083,0.12109877046094836,-0.04922020942860861,-0.0011037180974106198,calma
2021-12-03,Guardián,0.158,0.158,0.8232349845601239,0.13362811294427676,-0.023340765394305518,0.0008841093878177745,crisis
2022-01-03,Guardián,0.158,0.158,0.4863538288481172,0.26507207964935225,-0.01810387635386801,0.003331370083328291,normal
2022-02-01,Guardián,0.158,0.158,0.5686231534626255,0.09417378095191398,-0.02901620960421747,-0.0017343261090724872,estres
2022-03-02,Guardián,0.158,0.158,0.9476050660000621,0.23251786248975434,-0.07283050257441026,-0.003315939882546455,crisis
2022-03-31,Guardián,0.158,0.158,0.6674859178708055,0.07817231443711516,-0.031743914142594254,-0.0006337552630087224,estres
2022-04-29,Guardián,0.158,0.158,0.7807198698483045,0.1114894211606049,-0.05193259975090159,-0.0026969846061506947,crisis
2022-05-30,Guardián,0.158,0.158,0.638337540885926,0.3238372631867443,-0.1303360540884957,-0.002619587595195895,estres
2022-06-28,Guardián,0.158,0.158,0.6001022129017732,0.23290826280511537,-0.07459235400387698,-0.0018436885162821759,estres
2022-07-27,Guardián,0.158,0.158,0.6357253716333191,0.15654088003443167,-0.05705306695094281,-0.002594413110713576,estres
2022-08-25,Guardián,0.158,0.158,0.4777248009315086,0.1688622581748047,-0.08225419333058281,-0.0038041905268769555,normal
2022-09-23,Guardián,0.158,0.158,0.7333379968157387,0.19582547752376533,-0.08702791971593682,-0.0028121510660482707,estres
2022-10-24,Guardián,0.158,0.158,0.6988526860051949,0.21219495156284643,-0.020653410737971223,0.002870381730076925,estres
2022-11-22,Guardián,0.158,0.158,0.4046959122754408,0.13185080616790393,-0.07529407367567209,-0.0029512477734697415,normal
2022-12-21,Guardián,0.158,0.158,0.18577880400616467,0.10895872190350156,-0.007619268770019505,0.003907126693049545,calma
2023-01-19,Guardián,0.158,0.158,0.21553563302032758,0.1322273640202571,-0.14844138714095656,-0.0075511911900940625,calma
2023-02-17,Guardián,0.158,0.158,0.19104329161419728,0.2419161409678859,-0.032725413496029754,0.001303229011250746,calma
2023-03-20,Guardián,0.158,0.158,0.44220461483095314,0.11152729240539704,-0.0034779175436426835,0.004613977851879665,normal
2023-04-18,Guardián,0.158,0.158,0.2506578505719949,0.12338097740323381,-0.06554581974331453,-0.0033190429198485653,calma
2023-05-17,Guardián,0.158,0.158,0.31584728397011586,0.15316729300695295,-0.02348953998988146,0.0023353858706522354,calma
2023-06-15,Guardián,0.158,0.158,0.2142258376582756,0.2025707880143475,-0.02625542368245748,-0.0012014956830364801,calma
2023-07-14,Guardián,0.158,0.158,0.23298141292921326,0.08879197496707035,-0.023830439601372433,-0.00031994947636798427,calma
2023-08-14,Guardián,0.158,0.158,0.1623642159384539,0.2931701491652862,-0.09769950320152143,-0.001658880288523934,calma
2023-09-12,Guardián,0.158,0.158,0.23150778583457865,0.20607719064588656,-0.03644192311665917,0.004470708826592056,calma
2023-10-11,Guardián,0.158,0.158,0.29932619493650237,0.0923744360401174,-0.049382437263653545,-0.0010260413101968544,calma
2023-11-09,Guardián,0.158,0.158,0.35457748557524754,0.10458338777162807,-0.021645197194650745,0.0018407380890035603,normal
2023-12-08,Guardián,0.158,0.158,0.2032250756949126,0.17536181999089392,-0.013705681227499267,0.00923648873930326,calma
2024-01-08,Guardián,0.158,0.158,0.3258538482238784,0.12095123971554081,-0.02334830164542656,0.0021581400170769373,calma
2024-02-06,Guardián,0.158,0.158,0.2226127472962112,0.1721711898065641,-0.036509701733223876,0.0031696694867508037,calma
2024-03-06,Guardián,0.158,0.158,0.3375579652151717,0.2195991839006291,-0.07955995555214102,0.0012769295840854937,calma
2024-04-04,Guardián,0.158,0.158,0.5516527481040766,0.21317441034263795,-0.053224740776197765,0.0007249607366167268,estres
2024-05-06,Guardián,0.158,0.158,0.37232915171121383,0.1398085059076224,-0.035434080449026406,0.002141708174108003,normal
2024-06-06,Guardián,0.158,0.158,0.3453940110069984,0.09266641799359578,-0.03298272960227544,-0.0007262027850269093,calma
2024-07-09,Guardián,0.158,0.158,0.3686515193384178,0.10041203424276215,-0.05279042371898235,-0.001779158312078035,normal
2024-08-07,Guardián,0.158,0.158,0.8475391371484766,0.11588697436476868,-0.020189067978869435,0.0021633336665685863,crisis
2024-09-06,Guardián,0.158,0.158,0.7948935781269026,0.0598469316926502,-0.010649428415345885,-0.00046060157324686436,crisis
2024-10-07,Guardián,0.158,0.158,0.6427672648540266,0.11193422603990334,-0.023041128131140676,0.0022284629285050485,estres
2024-11-07,Guardián,0.158,0.158,0.6958395203923546,0.09196902232534791,-0.01200481823635069,0.0009019565266865093,estres
2024-12-09,Guardián,0.158,0.158,0.6233127893792199,0.08682344460519253,-0.010844574498101944,0.0013234794732279974,estres
2015-12-21,Centinela,0.257,0.257,0.48193775708681647,0.1715661552651815,-0.049312305651236565,-0.0014723739238996104,normal
2016-01-19,Centinela,0.257,0.257,0.8086557684369717,0.0724171541921054,-0.013667283342413183,0.0012445020242936734,crisis
2016-02-17,Centinela,0.257,0.257,0.680434721954674,0.07831541768213432,-0.005673244695592383,0.003181473299841222,estres
2016-03-17,Centinela,0.257,0.257,0.366005175172678,0.15151591369298442,-0.01953802479001443,0.001988473552750831,normal
2016-04-15,Centinela,0.257,0.257,0.23192288644223688,0.10412247206924244,-0.031561655100213803,0.0008048078085230772,calma
2016-05-16,Centinela,0.257,0.257,0.2716421385542689,0.08188898096221485,-0.03186192796691867,-0.0012687099630740504,calma
2016-06-14,Centinela,0.257,0.257,0.7560810116347392,0.05595193078781719,-0.011756300874220194,0.0003170297263919674,crisis
2016-07-13,Centinela,0.257,0.257,0.4025765286344811,0.045452162784222164,-0.010379562781605123,0.00018001057824267424,normal
2016-08-11,Centinela,0.257,0.257,0.23689010627373613,0.06806526808713663,-0.0064737463176909316,0.0020591621074542536,calma
2016-09-09,Centinela,0.257,0.257,0.40892417948445703,0.1054639790766648,-0.017670923639391378,-0.0008475751723778966,normal
2016-10-10,Centinela,0.257,0.257,0.28630373006857845,0.06244202002070139,-0.014637483597862211,-0.0004968291677978368,calma
2016-11-08,Centinela,0.257,0.257,0.7532805750702393,0.11921365477757576,-0.044480990338307436,-9.400721211167887e-05,crisis
2016-12-07,Centinela,0.257,0.257,0.38171145231510784,0.09205521342486321,-0.01075309846996475,0.0012496694203471446,normal
2017-01-05,Centinela,0.257,0.257,0.37505419656081895,0.07581070803414025,-0.014193344740654368,0.00046476357783904005,normal
2017-02-03,Centinela,0.257,0.257,0.4039559886230223,0.12775899945938052,-0.03670684092467036,-0.001155896999901731,normal
2017-03-06,Centinela,0.257,0.257,0.3784683858497293,0.07298094022038232,-0.011839100124048874,0.0005924771895290554,normal
2017-04-04,Centinela,0.257,0.257,0.41176212022773845,0.03908114615216968,-0.009631607616559013,0.0004175810491828892,normal
2017-05-03,Centinela,0.257,0.257,0.30177045008382847,0.09013318685588377,-0.01639425381949533,0.0011461414944268892,calma
2017-06-01,Centinela,0.257,0.257,0.26622229445138507,0.06335831400112248,-0.017878637721524204,0.0005813212150933715,calma
2017-06-30,Centinela,0.257,0.257,0.3483590266336658,0.057436338291554694,-0.01147834855450458,0.0016491242715493206,calma
2017-07-31,Centinela,0.257,0.257,0.3109861217206533,0.08161763118322377,-0.023741394155387452,-3.69684488346176e-05,calma
2017-08-29,Centinela,0.257,0.257,0.44034172666967636,0.06066314207523905,-0.01651055206782237,0.00029147408707302653,normal
2017-09-27,Centinela,0.257,0.257,0.27835383380723416,0.051097129000825296,-0.011423503124113998,5.3238202114209776e-05,calma
2017-10-26,Centinela,0.257,0.257,0.39365389720485877,0.0907245120672006,-0.019903041766550555,-0.0008285567143860704,normal
2017-11-24,Centinela,0.257,0.257,0.23787088862288802,0.042498072772714834,-0.00461160221885859,0.0012897209607044362,calma
2017-12-25,Centinela,0.257,0.257,0.40979988490328034,0.06641338416272777,-0.015938004274573925,0.00021674365592607518,normal
2018-01-23,Centinela,0.257,0.257,0.6261722726681218,0.29636108703250424,-0.040482994477387124,0.003015639308996062,estres
2018-02-21,Centinela,0.257,0.257,0.6383712152045855,0.06583138325802879,-0.04284352393454738,-0.0019384208626383704,estres
2018-03-22,Centinela,0.257,0.257,0.9299587012398582,0.06990766284017041,-0.013050332804439235,0.0012158548410376227,crisis
2018-04-20,Centinela,0.257,0.257,0.7740427430015788,0.05836253187229301,-0.024373766581757383,-0.0010408103728233344,crisis
2018-05-21,Centinela,0.257,0.257,0.5872334932347624,0.06287482455645306,-0.012615276489046812,0.0010121650165809408,estres
2018-06-19,Centinela,0.257,0.257,0.4823083995889733,0.0862412064487083,-0.037895203950825906,-0.0012445831012555392,normal
2018-07-18,Centinela,0.257,0.257,0.4240453795938083,0.10651549558545895,-0.040074083421910545,-0.000930343411208725,normal
2018-08-16,Centinela,0.257,0.257,0.41202304448774396,0.06689920694201046,-0.02726418488294502,-0.0009287375624519158,normal
2018-09-14,Centinela,0.257,0.257,0.3575298021666028,0.10307162396166257,-0.016623810484456936,-0.001563605233737901,normal
2018-10-15,Centinela,0.257,0.257,0.691807039698189,0.15295759444429421,-0.04867930491222017,-0.0012806365143674201,estres
2018-11-13,Centinela,0.257,0.257,0.7480523010796645,0.18144802714678104,-0.08812510760025127,-0.0038934768783545665,estres
2018-12-12,Centinela,0.257,0.257,0.7517027238666126,0.22073194410806138,-0.04812622146334211,0.000628578088072547,crisis
2019-01-10,Centinela,0.257,0.257,0.756646405431016,0.11565440380606978,-0.011809672821913364,0.0038954639187996076,crisis
2019-02-08,Centinela,0.257,0.257,0.39190882506052316,0.12052775744361241,-0.01760836870634408,0.003203156978040817,normal
2019-03-11,Centinela,0.257,0.257,0.47540519091823713,0.1321478114073372,-0.02219052219915396,0.0021506121616322767,normal
2019-04-09,Centinela,0.257,0.257,0.34789412619734966,0.0802081753734236,-0.020730395623112297,6.779291995642136e-05,calma
2019-05-08,Centinela,0.257,0.257,0.6046751088846531,0.09860025627622421,-0.03661053955582816,-0.002479266586315807,estres
2019-06-06,Centinela,0.257,0.257,0.4794666784826319,0.07204418925771568,-0.004919702181611418,0.00304173939008991,normal
2019-07-05,Centinela,0.257,0.257,0.47697998878847475,0.13247222828283484,-0.05342881199267646,-0.0006434232490499477,normal
2019-08-05,Centinela,0.257,0.257,0.8746966645671574,0.13908547002219582,-0.02231782319612663,0.0016045291682919983,crisis
2019-09-03,Centinela,0.257,0.257,0.7229866423871434,0.08051986942475042,-0.004544601717143104,0.0016001573449891168,estres
2019-10-02,Centinela,0.257,0.257,0.5460536105085617,0.10864014183875917,-0.016511567865597043,0.0022562890177926266,normal
2019-10-31,Centinela,0.257,0.257,0.3020378804991728,0.08568933565516398,-0.034911870633659525,-0.0005062918708665694,calma
2019-11-29,Centinela,0.257,0.257,0.3399686744601004,0.08194805435156644,-0.011922129615650534,0.001013031004972254,calma
2019-12-30,Centinela,0.257,0.257,0.4488523080421276,0.09389210417973327,-0.010010986308712555,0.0011089837043967666,normal
2020-01-28,Centinela,0.257,0.257,0.5699221663939134,0.09126027954421205,-0.018021994952086895,0.0009070235523130888,estres
2020-02-26,Centinela,0.257,0.257,0.7690982730241946,0.7270528776941587,-0.32590020916308393,-0.013574192098279734,crisis
2020-03-26,Centinela,0.257,0.257,0.7534362731265496,0.3098240765499176,-0.05486002064946238,0.002367283474043789,crisis
2020-04-24,Centinela,0.257,0.257,0.8206245055696999,0.14607298329611657,-0.0677136769777712,-0.002910832087258016,crisis
2020-05-25,Centinela,0.257,0.257,0.7355930488250265,0.21662037930151598,-0.04798808396939658,0.002743231971925753,estres
2020-06-23,Centinela,0.257,0.257,0.6499016494535129,0.0848182383702884,-0.006075326650896051,0.002579107129643425,estres
2020-07-22,Centinela,0.257,0.257,0.624292451454395,0.17821970327908618,-0.05073875758198121,1.7597195314267222e-05,estres
2020-08-20,Centinela,0.257,0.257,0.5884698454256521,0.14129711968102654,-0.03171470163967116,0.002096336791784841,estres
2020-09-18,Centinela,0.257,0.257,0.5126352765985653,0.09073552176171583,-0.02374497131847564,-7.833229792969489e-05,normal
2020-10-19,Centinela,0.257,0.257,0.565040232998922,0.1724687030824507,-0.04399763763622522,0.0009076864147733348,estres
2020-11-17,Centinela,0.257,0.257,0.4663743193161573,0.14274835408450492,-0.02089071398547937,0.00469498028760839,normal
2020-12-16,Centinela,0.257,0.257,0.4377381879409884,0.09797896146947664,-0.016528391905469064,0.0004982822277612436,normal
2021-01-14,Centinela,0.257,0.257,0.3625702943493905,0.06818693207681688,-0.020668874458383835,0.0007226115866946456,normal
2021-02-12,Centinela,0.257,0.257,0.23266379857403796,0.06681623586885362,-0.029422704925262,-0.0008894550292070419,calma
2021-03-15,Centinela,0.257,0.257,0.19854427643681333,0.08850250224037039,-0.02525682821260422,-0.0004077054898045807,calma
2021-04-13,Centinela,0.257,0.257,0.13361713961319632,0.19124048175164507,-0.055079660773575956,0.0004126622530039338,calma
2021-05-12,Centinela,0.257,0.257,0.46012320473387774,0.20951562579061767,-0.09820914995866203,-0.0018299016327102615,normal
2021-06-10,Centinela,0.257,0.257,0.19032035491748728,0.09224068330487857,-0.018011007224446374,0.00037091680308971555,calma
2021-07-09,Centinela,0.257,0.257,0.2495792324027917,0.09643313153678995,-0.048735600636185095,-0.0019215698291448384,calma
2021-08-09,Centinela,0.257,0.257,0.28708989537621565,0.1460519584428658,-0.012338940654498365,0.0032433655159973505,calma
2021-09-07,Centinela,0.257,0.257,0.33170264342906275,0.08104056270940026,-0.018138051691867996,0.0009768207853828304,calma
2021-10-06,Centinela,0.257,0.257,0.4101598589771127,0.0991376114981368,-0.013189494789920597,0.001123879010158177,normal
2021-11-04,Centinela,0.257,0.257,0.31279487636469083,0.12377207530479188,-0.049610500194357976,-0.001073678528813194,calma
2021-12-03,Centinela,0.257,0.257,0.8232349845601239,0.12888613005562102,-0.018734199103297655,0.00154489716145503,crisis
2022-01-03,Centinela,0.257,0.257,0.4863538288481172,0.26160319833134615,-0.017806509411936955,0.003454068349856744,normal
2022-02-01,Centinela,0.257,0.257,0.5686231534626255,0.09787599388403875,-0.03130409332178141,-0.001819382621208827,estres
2022-03-02,Centinela,0.257,0.257,0.9476050660000621,0.23436467243292006,-0.07392969383652814,-0.0033150363444963034,crisis
2022-03-31,Centinela,0.257,0.257,0.6674859178708055,0.07838833013777144,-0.033136944454591255,-0.0006901115534708684,estres
2022-04-29,Centinela,0.257,0.257,0.7807198698483045,0.11461694626299994,-0.04622445486023663,-0.002439553797492585,crisis
2022-05-30,Centinela,0.257,0.257,0.638337540885926,0.3274306857003284,-0.12913930521931694,-0.001921623048561424,estres
2022-06-28,Centinela,0.257,0.257,0.6001022129017732,0.21759034515922088,-0.07626080820736392,-0.0018604095148509509,estres
2022-07-27,Centinela,0.257,0.257,0.6357253716333191,0.15016809100086748,-0.05903331711821547,-0.002735360386055039,estres
2022-08-25,Centinela,0.257,0.257,0.4777248009315086,0.16901479723748603,-0.08015363219423743,-0.0037079970365916735,normal
2022-09-23,Centinela,0.257,0.257,0.7333379968157387,0.1917015003779917,-0.08610788754448273,-0.0027901109205900653,estres
2022-10-24,Centinela,0.257,0.257,0.6988526860051949,0.20329294432233685,-0.022228868663044632,0.0024411681316219382,estres
2022-11-22,Centinela,0.257,0.257,0.4046959122754408,0.13516877856825504,-0.07205446385324177,-0.0026339177256936744,normal
2022-12-21,Centinela,0.257,0.257,0.18577880400616467,0.10511763377049636,-0.006215466149988691,0.003762206819628301,calma
2023-01-19,Centinela,0.257,0.257,0.21553563302032758,0.13644481181556303,-0.14093994687885325,-0.007067746335535736,calma
2023-02-17,Centinela,0.257,0.257,0.19104329161419728,0.23716914630719077,-0.03221514196319719,0.0010962502231401145,calma
2023-03-20,Centinela,0.257,0.257,0.44220461483095314,0.11493022671037627,-0.0052274194287206255,0.004328791131685996,normal
2023-04-18,Centinela,0.257,0.257,0.2506578505719949,0.1240510132124753,-0.059121975071200095,-0.00307525417029641,calma
2023-05-17,Centinela,0.257,0.257,0.31584728397011586,0.14820225377219623,-0.02243100367857298,0.0021527172488811585,calma
2023-06-15,Centinela,0.257,0.257,0.2142258376582756,0.20776108144962258,-0.02408891343318531,-0.0011385181949480523,calma
2023-07-14,Centinela,0.257,0.257,0.23298141292921326,0.08586999546008511,-0.023548545111720554,-0.00033386692599905477,calma
2023-08-14,Centinela,0.257,0.257,0.1623642159384539,0.2888382330898005,-0.09516116496997173,-0.0016296418351142996,calma
2023-09-12,Centinela,0.257,0.257,0.23150778583457865,0.20471702417431287,-0.0364073312802381,0.004343587255405148,calma
2023-10-11,Centinela,0.257,0.257,0.29932619493650237,0.09371329269494555,-0.050819091456841714,-0.001293361500367631,calma
2023-11-09,Centinela,0.257,0.257,0.35457748557524754,0.11047210793775536,-0.023807377609693425,0.0017100501521688668,normal
2023-12-08,Centinela,0.257,0.257,0.2032250756949126,0.18564353320889831,-0.014215098231574075,0.009116524479794014,calma
2024-01-08,Centinela,0.257,0.257,0.3258538482238784,0.12027779450533496,-0.02319579780459724,0.002097291719167854,calma
2024-02-06,Centinela,0.257,0.257,0.2226127472962112,0.1632793832402744,-0.03518540177240359,0.0026963973721755427,calma
2024-03-06,Centinela,0.257,0.257,0.3375579652151717,0.21917878360269533,-0.07972070592105251,0.0011469606069346677,calma
2024-04-04,Centinela,0.257,0.257,0.5516527481040766,0.20424496085483576,-0.050389546013965614,0.0009650854335690794,estres
2024-05-06,Centinela,0.257,0.257,0.37232915171121383,0.1445935972450161,-0.03719021692200608,0.002095413285987819,normal
2024-06-06,Centinela,0.257,0.257,0.3453940110069984,0.09136050161948037,-0.03434383270596231,-0.0008931527508075865,calma
2024-07-09,Centinela,0.257,0.257,0.3686515193384178,0.10217061710629399,-0.052442865583360976,-0.0017941053699414451,normal
2024-08-07,Centinela,0.257,0.257,0.8475391371484766,0.12297639484606855,-0.021070916200309653,0.0022504491492477143,crisis
2024-09-06,Centinela,0.257,0.257,0.7948935781269026,0.060510073109983034,-0.010739384253654949,-0.0004028545646452531,crisis
2024-10-07,Centinela,0.257,0.257,0.6427672648540266,0.10995646383078127,-0.021076211792318333,0.0017705006950454896,estres
2024-11-07,Centinela,0.257,0.257,0.6958395203923546,0.09213728624370571,-0.013180824642692324,0.000904982415066269,estres
2024-12-09,Centinela,0.257,0.257,0.6233127893792199,0.0932642344803512,-0.012676906973658864,0.001288096534271058,estres
2015-12-21,Pragmático,0.503,0.503,0.48193775708681647,0.15446139837927064,-0.04676059867024662,-0.0015326321780142383,normal
2016-01-19,Pragmático,0.503,0.503,0.8086557684369717,0.07575673071615366,-0.014182132435070494,0.0009386186186123406,crisis
2016-02-17,Pragmático,0.503,0.503,0.680434721954674,0.06810671937829327,-0.005072898506061629,0.0031031288513833416,estres
2016-03-17,Pragmático,0.503,0.503,0.366005175172678,0.1189295880004612,-0.014018025616157281,0.0019220654597161748,normal
2016-04-15,Pragmático,0.503,0.503,0.23192288644223688,0.08961770452167986,-0.026488337008765517,0.0007570218779718922,calma
2016-05-16,Pragmático,0.503,0.503,0.2716421385542689,0.07037726829777065,-0.02736294285829388,-0.0011275188518141842,calma
2016-06-14,Pragmático,0.503,0.503,0.7560810116347392,0.05072146388805237,-0.011267213369740792,0.00014204368932309937,crisis
2016-07-13,Pragmático,0.503,0.503,0.4025765286344811,0.04232207259581706,-0.0112265367119746,0.00011094952500012326,normal
2016-08-11,Pragmático,0.503,0.503,0.23689010627373613,0.07016114690972226,-0.007174827131855022,0.0021196085627723316,calma
2016-09-09,Pragmático,0.503,0.503,0.40892417948445703,0.10406535039328052,-0.01693481002853514,-0.0006367260114026743,normal
2016-10-10,Pragmático,0.503,0.503,0.28630373006857845,0.05560895179125316,-0.012060239151921004,-0.0003629731603248995,calma
2016-11-08,Pragmático,0.503,0.503,0.7532805750702393,0.113717177448404,-0.038750801014988734,-8.962579958603487e-05,crisis
2016-12-07,Pragmático,0.503,0.503,0.38171145231510784,0.08886912758186424,-0.012848356453637355,0.0009684916771511889,normal
2017-01-05,Pragmático,0.503,0.503,0.37505419656081895,0.06591555933299743,-0.013114782621106547,0.0006734094996817753,normal
2017-02-03,Pragmático,0.503,0.503,0.4039559886230223,0.13500889576479208,-0.0387538504507593,-0.0011062222973613433,normal
2017-03-06,Pragmático,0.503,0.503,0.3784683858497293,0.06625695709412463,-0.009922869039849402,0.0009296352746238029,normal
2017-04-04,Pragmático,0.503,0.503,0.41176212022773845,0.0396200516342555,-0.012411560691829138,0.0003379769735615076,normal
2017-05-03,Pragmático,0.503,0.503,0.30177045008382847,0.06789343325744156,-0.010284338986396357,0.0017959503985287184,calma
2017-06-01,Pragmático,0.503,0.503,0.26622229445138507,0.05654492922417527,-0.01644923945204213,0.0001815848490544109,calma
2017-06-30,Pragmático,0.503,0.503,0.3483590266336658,0.05034123837582896,-0.011314259513480418,0.0012680822652934329,calma
2017-07-31,Pragmático,0.503,0.503,0.3109861217206533,0.07680732046462979,-0.01998481342334768,-0.00013168486630992334,calma
2017-08-29,Pragmático,0.503,0.503,0.44034172666967636,0.06281159427640325,-0.015531229082613285,0.000512526509624205,normal
2017-09-27,Pragmático,0.503,0.503,0.27835383380723416,0.050280949800357674,-0.007754206447933676,0.0003166774286409157,calma
2017-10-26,Pragmático,0.503,0.503,0.39365389720485877,0.07519971743742371,-0.015089120708958847,-0.0005582463280256018,normal
2017-11-24,Pragmático,0.503,0.503,0.23787088862288802,0.04237230960341857,-0.005031907107759026,0.0012549152483583093,calma
2017-12-25,Pragmático,0.503,0.503,0.40979988490328034,0.06302583088806925,-0.01475991329623505,0.00011492414632411549,normal
2018-01-23,Pragmático,0.503,0.503,0.6261722726681218,0.2660334016352378,-0.040490201089717015,0.0027704573574522905,estres
2018-02-21,Pragmático,0.503,0.503,0.6383712152045855,0.06528125673764325,-0.038285328417633435,-0.0014298675571471093,estres
2018-03-22,Pragmático,0.503,0.503,0.9299587012398582,0.06003695703866117,-0.01011366930025448,0.0015210302679892769,crisis
2018-04-20,Pragmático,0.503,0.503,0.7740427430015788,0.07131237184071927,-0.01697028185440297,-0.0005417390113767485,crisis
2018-05-21,Pragmático,0.503,0.503,0.5872334932347624,0.06924756726766522,-0.015803823791343485,0.0005960099120953409,estres
2018-06-19,Pragmático,0.503,0.503,0.4823083995889733,0.08064988020304167,-0.03664556978195688,-0.0012698126384544247,normal
2018-07-18,Pragmático,0.503,0.503,0.4240453795938083,0.09770838935518905,-0.03434313571188097,-0.0006994324611808854,normal
2018-08-16,Pragmático,0.503,0.503,0.41202304448774396,0.08090193466935264,-0.0203580563099508,0.0006494951542167298,normal
2018-09-14,Pragmático,0.503,0.503,0.3575298021666028,0.08512481641800484,-0.017108732074778255,-0.000980880683819725,normal
2018-10-15,Pragmático,0.503,0.503,0.691807039698189,0.14704388126574836,-0.05125523790272701,-0.0019474325365826568,estres
2018-11-13,Pragmático,0.503,0.503,0.7480523010796645,0.15758575379982934,-0.08134493029350265,-0.0036478627090194013,estres
2018-12-12,Pragmático,0.503,0.503,0.7517027238666126,0.19190646434532604,-0.04604065723494999,0.0004283762001521655,crisis
2019-01-10,Pragmático,0.503,0.503,0.756646405431016,0.1131493943299337,-0.011243476933238461,0.004050416378052852,crisis
2019-02-08,Pragmático,0.503,0.503,0.39190882506052316,0.11188451650133137,-0.016583906990039643,0.0029439851502535467,normal
2019-03-11,Pragmático,0.503,0.503,0.47540519091823713,0.13047549556286608,-0.0207052162278919,0.002263579370212251,normal
2019-04-09,Pragmático,0.503,0.503,0.34789412619734966,0.07604858852216183,-0.01786577301231551,0.00011902365873130884,calma
2019-05-08,Pragmático,0.503,0.503,0.6046751088846531,0.09058646052826053,-0.03789058897843545,-0.0023572344419528907,estres
2019-06-06,Pragmático,0.503,0.503,0.4794666784826319,0.07322765878065639,-0.004703150179951265,0.0030264897943270926,normal
2019-07-05,Pragmático,0.503,0.503,0.47697998878847475,0.12774340177949586,-0.04966500615573921,-0.0006247044462445986,normal
2019-08-05,Pragmático,0.503,0.503,0.8746966645671574,0.13436175779319132,-0.019853392811298498,0.0014303869523503553,crisis
2019-09-03,Pragmático,0.503,0.503,0.7229866423871434,0.07328989562986722,-0.005397272296822075,0.0013822263126508564,estres
2019-10-02,Pragmático,0.503,0.503,0.5460536105085617,0.09705618806501562,-0.014329793862796425,0.0019927945651816814,normal
2019-10-31,Pragmático,0.503,0.503,0.3020378804991728,0.0836466651074078,-0.03168776543967733,-0.00021103295490453058,calma
2019-11-29,Pragmático,0.503,0.503,0.3399686744601004,0.06573224551541772,-0.009431893784949352,0.000910031628420803,calma
2019-12-30,Pragmático,0.503,0.503,0.4488523080421276,0.08449231519892857,-0.01268497760657017,0.001179294644501144,normal
2020-01-28,Pragmático,0.503,0.503,0.5699221663939134,0.0981255430668744,-0.018585684617662412,0.0010658506621928788,estres
2020-02-26,Pragmático,0.503,0.503,0.7690982730241946,0.6814898971583329,-0.30415429758817236,-0.012406521325268286,crisis
2020-03-26,Pragmático,0.503,0.503,0.7534362731265496,0.27347700735394537,-0.04995939476088418,0.0021320673051721914,crisis
2020-04-24,Pragmático,0.503,0.503,0.8206245055696999,0.13283836908935487,-0.0641301661410244,-0.002891719800935242,crisis
2020-05-25,Pragmático,0.503,0.503,0.7355930488250265,0.2092552073210431,-0.0481469185363812,0.0023473128297871798,estres
2020-06-23,Pragmático,0.503,0.503,0.6499016494535129,0.07834509933326603,-0.005581886621364052,0.0025686854985449157,estres
2020-07-22,Pragmático,0.503,0.503,0.624292451454395,0.17470215262977254,-0.049691916324491214,-7.817231852353363e-06,estres
2020-08-20,Pragmático,0.503,0.503,0.5884698454256521,0.13336435336387878,-0.023604327264441394,0.002585202840326017,estres
2020-09-18,Pragmático,0.503,0.503,0.5126352765985653,0.08189710297194426,-0.019489368141445307,-0.00022247211343253545,normal
2020-10-19,Pragmático,0.503,0.503,0.565040232998922,0.16368140159997127,-0.04356342784919809,0.0007941225035815944,estres
2020-11-17,Pragmático,0.503,0.503,0.4663743193161573,0.14417934317985748,-0.021829786887895608,0.0046481551629161755,normal
2020-12-16,Pragmático,0.503,0.503,0.4377381879409884,0.10038899305545836,-0.015414942640218032,0.0008025974593381041,normal
2021-01-14,Pragmático,0.503,0.503,0.3625702943493905,0.0914203557040581,-0.03651284465882554,2.370588833587683e-05,normal
2021-02-12,Pragmático,0.503,0.503,0.23266379857403796,0.07575812937384095,-0.029011697812878046,-0.00105571809012158,calma
2021-03-15,Pragmático,0.503,0.503,0.19854427643681333,0.09211276250901757,-0.026245275536725954,-0.0003711478387971866,calma
2021-04-13,Pragmático,0.503,0.503,0.13361713961319632,0.19114026196951706,-0.058440641654466496,0.00039071679585591296,calma
2021-05-12,Pragmático,0.503,0.503,0.46012320473387774,0.22199963582409535,-0.09947539895068058,-0.0017381654214629382,normal
2021-06-10,Pragmático,0.503,0.503,0.19032035491748728,0.08725729675932065,-0.015135065854917862,0.0005566776903678341,calma
2021-07-09,Pragmático,0.503,0.503,0.2495792324027917,0.09527458937293255,-0.05111602849925201,-0.001947658918475599,calma
2021-08-09,Pragmático,0.503,0.503,0.28708989537621565,0.14625102202028023,-0.014241286573689615,0.003019735688727273,calma
2021-09-07,Pragmático,0.503,0.503,0.33170264342906275,0.0790047090585324,-0.018666796620011916,0.0011119073102027492,calma
2021-10-06,Pragmático,0.503,0.503,0.4101598589771127,0.09582246047744014,-0.013410217476171327,0.0009193793037119579,normal
2021-11-04,Pragmático,0.503,0.503,0.31279487636469083,0.12736881314996695,-0.05170052130696379,-0.0010637219301848472,calma
2021-12-03,Pragmático,0.503,0.503,0.8232349845601239,0.13502150293798132,-0.02477946168263423,0.0007468912108922647,crisis
2022-01-03,Pragmático,0.503,0.503,0.4863538288481172,0.24980198565253925,-0.022562071341762246,0.0035913067334064847,normal
2022-02-01,Pragmático,0.503,0.503,0.5686231534626255,0.1109750824009134,-0.0367122164680036,-0.0017031492583863583,estres
2022-03-02,Pragmático,0.503,0.503,0.9476050660000621,0.20905126415931893,-0.06923774805853988,-0.0028175406175728426,crisis
2022-03-31,Pragmático,0.503,0.503,0.6674859178708055,0.09986731558084004,-0.039730665411098376,-0.0007111922610917766,estres
2022-04-29,Pragmático,0.503,0.503,0.7807198698483045,0.14008756825823643,-0.046395014753726094,-0.00201656102757773,crisis
2022-05-30,Pragmático,0.503,0.503,0.638337540885926,0.42662082047417677,-0.16562253326451515,-0.0014759618056802092,estres
2022-06-28,Pragmático,0.503,0.503,0.6001022129017732,0.20147224903983327,-0.07598075449445618,-0.0016791111058328042,estres
2022-07-27,Pragmático,0.503,0.503,0.6357253716333191,0.11894079629426157,-0.056045677222540946,-0.002618024644717556,estres
2022-08-25,Pragmático,0.503,0.503,0.4777248009315086,0.1645910437578897,-0.07618307764474708,-0.0030356978469829217,normal
2022-09-23,Pragmático,0.503,0.503,0.7333379968157387,0.15582009104203848,-0.06595646184121207,-0.0024744579112219636,estres
2022-10-24,Pragmático,0.503,0.503,0.6988526860051949,0.17080426038740185,-0.02304811291268194,0.0011088536099454652,estres
2022-11-22,Pragmático,0.503,0.503,0.4046959122754408,0.13840954055093646,-0.0610061148004436,-0.0015946556673576097,normal
2022-12-21,Pragmático,0.503,0.503,0.18577880400616467,0.08993663550596513,-0.006620909345069759,0.003149220084317213,calma
2023-01-19,Pragmático,0.503,0.503,0.21553563302032758,0.1459586561192925,-0.11563339529182148,-0.005588723890475768,calma
2023-02-17,Pragmático,0.503,0.503,0.19104329161419728,0.23749459136766551,-0.04374983818869127,-8.984591779510225e-05,calma
2023-03-20,Pragmático,0.503,0.503,0.44220461483095314,0.11479311386855132,-0.005879081354458471,0.004627688133061815,normal
2023-04-18,Pragmático,0.503,0.503,0.2506578505719949,0.1242471686873595,-0.04772098810234926,-0.0025237214255899765,calma
2023-05-17,Pragmático,0.503,0.503,0.31584728397011586,0.13856086963374767,-0.020592130290061128,0.0013231144667363518,calma
2023-06-15,Pragmático,0.503,0.503,0.2142258376582756,0.22357079049805287,-0.023687333996841753,-0.0009859700204320684,calma
2023-07-14,Pragmático,0.503,0.503,0.23298141292921326,0.08499859283191495,-0.02405956329031811,-0.00035144983234880684,calma
2023-08-14,Pragmático,0.503,0.503,0.1623642159384539,0.25009572187852125,-0.08617758441563272,-0.0018752579481067762,calma
2023-09-12,Pragmático,0.503,0.503,0.23150778583457865,0.21748723590799257,-0.03844155940169425,0.004016498741227509,calma
2023-10-11,Pragmático,0.503,0.503,0.29932619493650237,0.11962620819854244,-0.05474864355902875,-0.0014323788011207385,calma
2023-11-09,Pragmático,0.503,0.503,0.35457748557524754,0.13196560205315275,-0.026422242649383088,0.002621116633093057,normal
2023-12-08,Pragmático,0.503,0.503,0.2032250756949126,0.1847919994488301,-0.014612608256520332,0.008304039270428585,calma
2024-01-08,Pragmático,0.503,0.503,0.3258538482238784,0.12459574309296198,-0.021673836528838364,0.0021426978180802653,calma
2024-02-06,Pragmático,0.503,0.503,0.2226127472962112,0.15445294802292325,-0.029385124546675856,0.002456286724749814,calma
2024-03-06,Pragmático,0.503,0.503,0.3375579652151717,0.19472777514135672,-0.06731083075813915,0.0016805755754689406,calma
2024-04-04,Pragmático,0.503,0.503,0.5516527481040766,0.18890762733378952,-0.05093304776337637,0.00034467789980437434,estres
2024-05-06,Pragmático,0.503,0.503,0.37232915171121383,0.1615027004651853,-0.03895767606826828,0.0027270990360702234,normal
2024-06-06,Pragmático,0.503,0.503,0.3453940110069984,0.10723170220853351,-0.033846018190979654,-0.00038646873294161094,calma
2024-07-09,Pragmático,0.503,0.503,0.3686515193384178,0.11956291973911727,-0.052512790192492886,-0.0021604374505249826,normal
2024-08-07,Pragmático,0.503,0.503,0.8475391371484766,0.15061198697782768,-0.020103522738332935,0.0026795714183849915,crisis
2024-09-06,Pragmático,0.503,0.503,0.7948935781269026,0.05514449600627506,-0.01008739374702372,3.605679432761842e-05,crisis
2024-10-07,Pragmático,0.503,0.503,0.6427672648540266,0.08857001864303557,-0.013361261568213711,0.0016822970963652937,estres
2024-11-07,Pragmático,0.503,0.503,0.6958395203923546,0.10388792076884695,-0.016949038677999795,0.0012001266573553801,estres
2024-12-09,Pragmático,0.503,0.503,0.6233127893792199,0.11305880481518708,-0.020509564478962794,0.0013611521852356161,estres
2015-12-21,Estratega,0.647,0.647,0.48193775708681647,0.15791970735438496,-0.04873761168797219,-0.001680487621224633,normal
2016-01-19,Estratega,0.647,0.647,0.8086557684369717,0.08089797748974369,-0.01790598181496761,0.0007083013051299373,crisis
2016-02-17,Estratega,0.647,0.647,0.680434721954674,0.07259496163776531,-0.004876394311567611,0.0030336376166548527,estres
2016-03-17,Estratega,0.647,0.647,0.366005175172678,0.09371713435607026,-0.012057328915917265,0.002435305205122907,normal
2016-04-15,Estratega,0.647,0.647,0.23192288644223688,0.07732638738349049,-0.023222749336429538,0.0006400730132568784,calma
2016-05-16,Estratega,0.647,0.647,0.2716421385542689,0.06114739610120468,-0.02138198456337237,-0.0010064560391064808,calma
2016-06-14,Estratega,0.647,0.647,0.7560810116347392,0.05479499397156699,-0.012379515771268723,4.9365326845292977e-05,crisis
2016-07-13,Estratega,0.647,0.647,0.4025765286344811,0.04828221605904943,-0.011121431369242485,0.00019902697861896488,normal
2016-08-11,Estratega,0.647,0.647,0.23689010627373613,0.07134634437063181,-0.006796620290591027,0.0023439557595595997,calma
2016-09-09,Estratega,0.647,0.647,0.40892417948445703,0.11922493245334799,-0.015282311336777155,-0.0006727008156302603,normal
2016-10-10,Estratega,0.647,0.647,0.28630373006857845,0.04963950680043628,-0.010729908648190789,-7.856973486208609e-05,calma
2016-11-08,Estratega,0.647,0.647,0.7532805750702393,0.12260167976628268,-0.036219223723476635,-9.875509939125364e-05,crisis
2016-12-07,Estratega,0.647,0.647,0.38171145231510784,0.08351933677227709,-0.011075643138257929,0.0010217009586741678,normal
2017-01-05,Estratega,0.647,0.647,0.37505419656081895,0.06242531922919546,-0.011885800919802625,0.000989642705914851,normal
2017-02-03,Estratega,0.647,0.647,0.4039559886230223,0.12168222036001054,-0.03366905604285553,-0.0007344785863522202,normal
2017-03-06,Estratega,0.647,0.647,0.3784683858497293,0.0695979046525915,-0.009336432303561404,0.0011955712798561065,normal
2017-04-04,Estratega,0.647,0.647,0.41176212022773845,0.04060893520049852,-0.011208024197030153,0.00032921586755223746,normal
2017-05-03,Estratega,0.647,0.647,0.30177045008382847,0.058459629061628736,-0.006752674350869348,0.0022919441520492683,calma
2017-06-01,Estratega,0.647,0.647,0.26622229445138507,0.05969911278006059,-0.018551804920080683,-0.00022452982240418618,calma
2017-06-30,Estratega,0.647,0.647,0.3483590266336658,0.049048865447487155,-0.008930319459854452,0.001452603350085405,calma
2017-07-31,Estratega,0.647,0.647,0.3109861217206533,0.07186030603051428,-0.016981346100656602,-0.00027625842507720183,calma
2017-08-29,Estratega,0.647,0.647,0.44034172666967636,0.061180669171782914,-0.014689483943286619,0.0009183933275899782,normal
2017-09-27,Estratega,0.647,0.647,0.27835383380723416,0.05003693727204185,-0.007180733561083286,0.0006642672334391473,calma
2017-10-26,Estratega,0.647,0.647,0.39365389720485877,0.07874331750869357,-0.014765685140057605,-0.0007688465942152877,normal
2017-11-24,Estratega,0.647,0.647,0.23787088862288802,0.044597116588465754,-0.004872750584572261,0.0013137023185317482,calma
2017-12-25,Estratega,0.647,0.647,0.40979988490328034,0.05339027789625598,-0.012502498424200037,-3.588408385292574e-05,normal
2018-01-23,Estratega,0.647,0.647,0.6261722726681218,0.2335210242028466,-0.05455634522258834,0.0014553314249068023,estres
2018-02-21,Estratega,0.647,0.647,0.6383712152045855,0.07918398454173135,-0.03841313832684867,-0.0009105908184516899,estres
2018-03-22,Estratega,0.647,0.647,0.9299587012398582,0.07388121156033764,-0.01052371896257831,0.002001079974538704,crisis
2018-04-20,Estratega,0.647,0.647,0.7740427430015788,0.09120859294979247,-0.01643201430838459,-0.0002668312761127385,crisis
2018-05-21,Estratega,0.647,0.647,0.5872334932347624,0.08417140408536468,-0.01819015730891771,0.00023564233350639935,estres
2018-06-19,Estratega,0.647,0.647,0.4823083995889733,0.07990307766338448,-0.034872108012728664,-0.00117603903900791,normal
2018-07-18,Estratega,0.647,0.647,0.4240453795938083,0.09381709772282484,-0.02962272136684141,-0.0005433978826785322,normal
2018-08-16,Estratega,0.647,0.647,0.41202304448774396,0.10265461181367316,-0.019297246626437947,0.0016313411405324235,normal
2018-09-14,Estratega,0.647,0.647,0.3575298021666028,0.08833069188188493,-0.02034495171853412,-0.0006024869491089663,normal
2018-10-15,Estratega,0.647,0.647,0.691807039698189,0.15311950891584436,-0.06829564217537776,-0.0028166979466577808,estres
2018-11-13,Estratega,0.647,0.647,0.7480523010796645,0.15162571743065645,-0.07808926167429009,-0.0034815139761284336,estres
2018-12-12,Estratega,0.647,0.647,0.7517027238666126,0.17711456925504143,-0.046508994057920305,0.00028957910071500035,crisis
2019-01-10,Estratega,0.647,0.647,0.756646405431016,0.11049423919346053,-0.010678800898516583,0.004044219044251382,crisis
2019-02-08,Estratega,0.647,0.647,0.39190882506052316,0.10406406994834642,-0.016116758884481386,0.0029124302554379105,normal
2019-03-11,Estratega,0.647,0.647,0.47540519091823713,0.12833616238442722,-0.021376410047631578,0.00239560942682903,normal
2019-04-09,Estratega,0.647,0.647,0.34789412619734966,0.07495549949924452,-0.016581180974878262,9.492054093342759e-05,calma
2019-05-08,Estratega,0.647,0.647,0.6046751088846531,0.08918997061740408,-0.036278457345588544,-0.0021949617839867146,estres
2019-06-06,Estratega,0.647,0.647,0.4794666784826319,0.07929382061164926,-0.007913974169632243,0.0030783450998486507,normal
2019-07-05,Estratega,0.647,0.647,0.47697998878847475,0.13122129275856628,-0.05455319914947143,-0.0009103322356353084,normal
2019-08-05,Estratega,0.647,0.647,0.8746966645671574,0.1304884434688502,-0.01847936511242887,0.0014607298718080804,crisis
2019-09-03,Estratega,0.647,0.647,0.7229866423871434,0.07057275849162682,-0.006584924624284505,0.0012998598752917835,estres
2019-10-02,Estratega,0.647,0.647,0.5460536105085617,0.0945131820686429,-0.013900029119355395,0.0017865246002178737,normal
2019-10-31,Estratega,0.647,0.647,0.3020378804991728,0.08401487502390421,-0.03179442967885182,-0.0002962660109472348,calma
2019-11-29,Estratega,0.647,0.647,0.3399686744601004,0.060196684372685626,-0.008625462836887143,0.0008922681511282811,calma
2019-12-30,Estratega,0.647,0.647,0.4488523080421276,0.08439131577528582,-0.014386651401074646,0.00121807211645252,normal
2020-01-28,Estratega,0.647,0.647,0.5699221663939134,0.10363895867473787,-0.01912248066273714,0.0010554777490616603,estres
2020-02-26,Estratega,0.647,0.647,0.7690982730241946,0.6409762424051936,-0.29489242966052975,-0.012119780686385914,crisis
2020-03-26,Estratega,0.647,0.647,0.7534362731265496,0.25473616818514727,-0.046639985233290715,0.0022869490256290127,crisis
2020-04-24,Estratega,0.647,0.647,0.8206245055696999,0.13066951061678225,-0.06303906903212475,-0.00287800881799419,crisis
2020-05-25,Estratega,0.647,0.647,0.7355930488250265,0.20247101901901274,-0.04864321638121982,0.002055880202702335,estres
2020-06-23,Estratega,0.647,0.647,0.6499016494535129,0.07761903445483516,-0.005123277202350063,0.0026104849980234926,estres
2020-07-22,Estratega,0.647,0.647,0.624292451454395,0.1720399883483795,-0.048840595060468894,-1.8352340270044823e-05,estres
2020-08-20,Estratega,0.647,0.647,0.5884698454256521,0.13229438900710888,-0.023792280381135567,0.0028050697044353207,estres
2020-09-18,Estratega,0.647,0.647,0.5126352765985653,0.0796454779732878,-0.017602625363027258,-0.00023609265091334138,normal
2020-10-19,Estratega,0.647,0.647,0.565040232998922,0.16056906528162815,-0.0421515972768568,0.0008636057865424612,estres
2020-11-17,Estratega,0.647,0.647,0.4663743193161573,0.16145404322867687,-0.022765028409254096,0.004623547996168485,normal
2020-12-16,Estratega,0.647,0.647,0.4377381879409884,0.10619267497156382,-0.018750079065269265,0.001312042357478041,normal
2021-01-14,Estratega,0.647,0.647,0.3625702943493905,0.12017789815500275,-0.05627840588996624,-0.0007324472252382858,normal
2021-02-12,Estratega,0.647,0.647,0.23266379857403796,0.10200066808711039,-0.028798109262146876,-0.0011838965437275686,calma
2021-03-15,Estratega,0.647,0.647,0.19854427643681333,0.10591459072314577,-0.030205734913462345,-0.0003360610394360941,calma
2021-04-13,Estratega,0.647,0.647,0.13361713961319632,0.18385320767013044,-0.05937290028729281,0.00030933631148356275,calma
2021-05-12,Estratega,0.647,0.647,0.46012320473387774,0.2135856466884512,-0.09518492450194549,-0.0016490570826247844,normal
2021-06-10,Estratega,0.647,0.647,0.19032035491748728,0.09243182573474308,-0.014675568723223398,0.0007501525484752691,calma
2021-07-09,Estratega,0.647,0.647,0.2495792324027917,0.09478807422229335,-0.05185864014342567,-0.001848741698183054,calma
2021-08-09,Estratega,0.647,0.647,0.28708989537621565,0.14198111659723475,-0.015117426449409388,0.0028709010925955674,calma
2021-09-07,Estratega,0.647,0.647,0.33170264342906275,0.0788514682127293,-0.018982371298697065,0.0012577626824965458,calma
2021-10-06,Estratega,0.647,0.647,0.4101598589771127,0.0978226873818855,-0.013787448804327251,0.0009069012033294379,normal
2021-11-04,Estratega,0.647,0.647,0.31279487636469083,0.13500686354421304,-0.053143754948897226,-0.0009907976423665383,calma
2021-12-03,Estratega,0.647,0.647,0.8232349845601239,0.13781471614728877,-0.02794606842049252,0.00083433300296737,crisis
2022-01-03,Estratega,0.647,0.647,0.4863538288481172,0.2661333884346594,-0.028213839893854065,0.004018834677183629,normal
2022-02-01,Estratega,0.647,0.647,0.5686231534626255,0.08680561538944176,-0.03009485994407546,-0.0013123728976950568,estres
2022-03-02,Estratega,0.647,0.647,0.9476050660000621,0.12581914241037936,-0.04282579451727864,-0.0014519206155121263,crisis
2022-03-31,Estratega,0.647,0.647,0.6674859178708055,0.09513637009200882,-0.033585416676382596,-0.0001856800910157874,estres
2022-04-29,Estratega,0.647,0.647,0.7807198698483045,0.14442082174945756,-0.06292374913547127,-0.0023750351042843855,crisis
2022-05-30,Estratega,0.647,0.647,0.638337540885926,0.5102779511699772,-0.1838327887405905,-0.00068267376771228,estres
2022-06-28,Estratega,0.647,0.647,0.6001022129017732,0.1937645384480909,-0.07985446500698812,-0.0018437003860312996,estres
2022-07-27,Estratega,0.647,0.647,0.6357253716333191,0.10699182439139002,-0.05281950402188995,-0.0023845806286926954,estres
2022-08-25,Estratega,0.647,0.647,0.4777248009315086,0.16893499815636762,-0.07303724212040164,-0.002556252235535696,normal
2022-09-23,Estratega,0.647,0.647,0.7333379968157387,0.14178594454837812,-0.048425124662398455,-0.0020809895292350704,estres
2022-10-24,Estratega,0.647,0.647,0.6988526860051949,0.16125299498474824,-0.03147197433417526,-0.0005172907149300393,estres
2022-11-22,Estratega,0.647,0.647,0.4046959122754408,0.14016625724295764,-0.05080353964884343,-0.0007055132416319894,normal
2022-12-21,Estratega,0.647,0.647,0.18577880400616467,0.09687696537481463,-0.007446241662054431,0.0028369755994127493,calma
2023-01-19,Estratega,0.647,0.647,0.21553563302032758,0.1395116555651609,-0.09521531150754925,-0.0046498658833314995,calma
2023-02-17,Estratega,0.647,0.647,0.19104329161419728,0.23773418307444166,-0.040839960023996036,-0.0009178466920563377,calma
2023-03-20,Estratega,0.647,0.647,0.44220461483095314,0.1264807738209927,-0.005984313251957696,0.004784998512136824,normal
2023-04-18,Estratega,0.647,0.647,0.2506578505719949,0.13191986233900174,-0.04460671478123723,-0.0021548669165822533,calma
2023-05-17,Estratega,0.647,0.647,0.31584728397011586,0.12269622244172453,-0.02222929593730061,0.0009650405469400924,calma
2023-06-15,Estratega,0.647,0.647,0.2142258376582756,0.23843522808005285,-0.027380811826318463,-0.0006208122365170115,calma
2023-07-14,Estratega,0.647,0.647,0.23298141292921326,0.09105522232912198,-0.023913929712150228,-0.00019764425564775106,calma
2023-08-14,Estratega,0.647,0.647,0.1623642159384539,0.21468986054907638,-0.08030927692778134,-0.002124969037782815,calma
2023-09-12,Estratega,0.647,0.647,0.23150778583457865,0.21843026429976467,-0.03190954917923572,0.0042898222699686,calma
2023-10-11,Estratega,0.647,0.647,0.29932619493650237,0.12098296184267501,-0.046255330888546164,-0.00046708140654855166,calma
2023-11-09,Estratega,0.647,0.647,0.35457748557524754,0.1264946316640094,-0.021761221595563485,0.0033755306612102925,normal
2023-12-08,Estratega,0.647,0.647,0.2032250756949126,0.1675719911632682,-0.01399637164722689,0.0080647932802211,calma
2024-01-08,Estratega,0.647,0.647,0.3258538482238784,0.11719791711914987,-0.02256178537742448,0.0024657607066394137,calma
2024-02-06,Estratega,0.647,0.647,0.2226127472962112,0.18450848545312568,-0.026083060665378355,0.002834663017305977,calma
2024-03-06,Estratega,0.647,0.647,0.3375579652151717,0.15990852743732772,-0.045510070201729924,0.0027415957949475066,calma
2024-04-04,Estratega,0.647,0.647,0.5516527481040766,0.24915613140873535,-0.07166825211598438,-0.0006039824477494301,estres
2024-05-06,Estratega,0.647,0.647,0.37232915171121383,0.20747548846484837,-0.042104443550143644,0.004234596313671706,normal
2024-06-06,Estratega,0.647,0.647,0.3453940110069984,0.13944608341413117,-0.03024453827863982,0.0008093310916590505,calma
2024-07-09,Estratega,0.647,0.647,0.3686515193384178,0.14294010570461013,-0.04950341440077799,-0.0022738167251192226,normal
2024-08-07,Estratega,0.647,0.647,0.8475391371484766,0.18415583979211517,-0.019919628355718033,0.0028888199146927616,crisis
2024-09-06,Estratega,0.647,0.647,0.7948935781269026,0.05636979910160248,-0.009669758973887888,0.0002674335381933798,crisis
2024-10-07,Estratega,0.647,0.647,0.6427672648540266,0.0773218006489565,-0.009176298083874879,0.0016330610832946256,estres
2024-11-07,Estratega,0.647,0.647,0.6958395203923546,0.10948048745038219,-0.017267990630256747,0.0014941109503413524,estres
2024-12-09,Estratega,0.647,0.647,0.6233127893792199,0.1061987013821114,-0.018409511397437517,0.0016148668034397593,estres
2015-12-21,Aventurero,0.693,0.693,0.48193775708681647,0.16071567170939202,-0.04956752447805124,-0.0017410336206993943,normal
2016-01-19,Aventurero,0.693,0.693,0.8086557684369717,0.08281610774976918,-0.018961595500406436,0.0006469284631826159,crisis
2016-02-17,Aventurero,0.693,0.693,0.680434721954674,0.07775013909984432,-0.005934239409179587,0.00300572262011775,estres
2016-03-17,Aventurero,0.693,0.693,0.366005175172678,0.09436213006586529,-0.011533010900150464,0.0026054194637225047,normal
2016-04-15,Aventurero,0.693,0.693,0.23192288644223688,0.07483404662944566,-0.022327934993207288,0.0006078101581112354,calma
2016-05-16,Aventurero,0.693,0.693,0.2716421385542689,0.06379851286250117,-0.02119352992886636,-0.0009711845177658529,calma
2016-06-14,Aventurero,0.693,0.693,0.7560810116347392,0.06558055765410517,-0.015659677820168305,5.288353041352016e-05,crisis
2016-07-13,Aventurero,0.693,0.693,0.4025765286344811,0.05209569192948255,-0.011428448170742067,0.0002847141184710301,normal
2016-08-11,Aventurero,0.693,0.693,0.23689010627373613,0.0644533359095442,-0.0063460176423023595,0.002394484180423232,calma
2016-09-09,Aventurero,0.693,0.693,0.40892417948445703,0.12757225152158128,-0.016526731835322495,-0.0007187348127203393,normal
2016-10-10,Aventurero,0.693,0.693,0.28630373006857845,0.048173166573919644,-0.010459827380576603,8.30573824729663e-05,calma
2016-11-08,Aventurero,0.693,0.693,0.7532805750702393,0.11448969747386455,-0.030258587149333382,-4.626025530299586e-05,crisis
2016-12-07,Aventurero,0.693,0.693,0.38171145231510784,0.0804133958540375,-0.008737995774831808,0.0010889286108222648,normal
2017-01-05,Aventurero,0.693,0.693,0.37505419656081895,0.061248075301813115,-0.011203888327379508,0.0010485032112671985,normal
2017-02-03,Aventurero,0.693,0.693,0.4039559886230223,0.11904905066844623,-0.03275335118276901,-0.0006939471455242453,normal
2017-03-06,Aventurero,0.693,0.693,0.3784683858497293,0.07101291320825538,-0.009114863212390412,0.0012652288908857976,normal
2017-04-04,Aventurero,0.693,0.693,0.41176212022773845,0.04274474194168561,-0.011534771454084214,0.0003164333070354239,normal
2017-05-03,Aventurero,0.693,0.693,0.30177045008382847,0.058830826766940625,-0.005790783232695662,0.002478872503708953,calma
2017-06-01,Aventurero,0.693,0.693,0.26622229445138507,0.062434843561955215,-0.019374225906301668,-0.0003535588133598908,calma
2017-06-30,Aventurero,0.693,0.693,0.3483590266336658,0.0494999028309601,-0.00772019552109926,0.0015520537679995436,calma
2017-07-31,Aventurero,0.693,0.693,0.3109861217206533,0.07120155123307946,-0.016814673094753152,-0.00031192364466627157,calma
2017-08-29,Aventurero,0.693,0.693,0.44034172666967636,0.06110827117508182,-0.014410207777392658,0.0010451430838731238,normal
2017-09-27,Aventurero,0.693,0.693,0.27835383380723416,0.052213765247405064,-0.007536402119367791,0.0007109586881852751,calma
2017-10-26,Aventurero,0.693,0.693,0.39365389720485877,0.08238033654435203,-0.015510428252540343,-0.0008355824800866608,normal
2017-11-24,Aventurero,0.693,0.693,0.23787088862288802,0.044876400735746884,-0.004932267693619097,0.0012943627547274902,calma
2017-12-25,Aventurero,0.693,0.693,0.40979988490328034,0.05102155023703168,-0.011422867921012436,-2.161811662180122e-05,normal
2018-01-23,Aventurero,0.693,0.693,0.6261722726681218,0.22773025775158617,-0.05881683571695118,0.0011058052763579527,estres
2018-02-21,Aventurero,0.693,0.693,0.6383712152045855,0.08618815787557169,-0.03915837876460937,-0.0007270473225102622,estres
2018-03-22,Aventurero,0.693,0.693,0.9299587012398582,0.08285465312363344,-0.012140805488496942,0.002180369045530939,crisis
2018-04-20,Aventurero,0.693,0.693,0.7740427430015788,0.09896517218008853,-0.01753544406982699,-0.00017599521667112332,crisis
2018-05-21,Aventurero,0.693,0.693,0.5872334932347624,0.09249192709643354,-0.02010862270506797,9.657580868264188e-05,estres
2018-06-19,Aventurero,0.693,0.693,0.4823083995889733,0.08117370768117842,-0.03471461036076218,-0.0011557187036179135,normal
2018-07-18,Aventurero,0.693,0.693,0.4240453795938083,0.09233389665841787,-0.027304565647825796,-0.0004904555988852379,normal
2018-08-16,Aventurero,0.693,0.693,0.41202304448774396,0.10977371908824396,-0.019194382229822282,0.001833375416261838,normal
2018-09-14,Aventurero,0.693,0.693,0.3575298021666028,0.09151187387779937,-0.021338471404575232,-0.0005353980157157612,normal
2018-10-15,Aventurero,0.693,0.693,0.691807039698189,0.15890722255648232,-0.0753258729174604,-0.0031976471746293506,estres
2018-11-13,Aventurero,0.693,0.693,0.7480523010796645,0.15191154408582505,-0.07673045005836343,-0.003404301979154921,estres
2018-12-12,Aventurero,0.693,0.693,0.7517027238666126,0.17688871251382335,-0.046928473436081086,0.0002848208181563471,crisis
2019-01-10,Aventurero,0.693,0.693,0.756646405431016,0.10849760937681047,-0.01084027106614116,0.003974969652213525,crisis
2019-02-08,Aventurero,0.693,0.693,0.39190882506052316,0.10154316226026483,-0.015891183744354276,0.0029153907706843418,normal
2019-03-11,Aventurero,0.693,0.693,0.47540519091823713,0.1282267699048053,-0.022188808889149758,0.002444874296197215,normal
2019-04-09,Aventurero,0.693,0.693,0.34789412619734966,0.07523917134329033,-0.015668216692580228,0.00011285430201173336,calma
2019-05-08,Aventurero,0.693,0.693,0.6046751088846531,0.08767864285813434,-0.03622377758519357,-0.0020726896588738647,estres
2019-06-06,Aventurero,0.693,0.693,0.4794666784826319,0.08333828148203119,-0.009380204844622209,0.003109271718986987,normal
2019-07-05,Aventurero,0.693,0.693,0.47697998878847475,0.134085963466576,-0.056324883462214204,-0.0009790464155978187,normal
2019-08-05,Aventurero,0.693,0.693,0.8746966645671574,0.13402153224703262,-0.018218826520679632,0.001583744509211182,crisis
2019-09-03,Aventurero,0.693,0.693,0.7229866423871434,0.0732475764655075,-0.00798121963824483,0.0011861501367024724,estres
2019-10-02,Aventurero,0.693,0.693,0.5460536105085617,0.09192632789682938,-0.014390560231599903,0.00175240359553044,normal
2019-10-31,Aventurero,0.693,0.693,0.3020378804991728,0.09036923222951765,-0.03433277433300308,-0.00036620521940368444,calma
2019-11-29,Aventurero,0.693,0.693,0.3399686744601004,0.058514164675782764,-0.008230352208509095,0.000889531196072188,calma
2019-12-30,Aventurero,0.693,0.693,0.4488523080421276,0.08455855083591807,-0.014986927150696383,0.0011985585467571723,normal
2020-01-28,Aventurero,0.693,0.693,0.5699221663939134,0.10568285175317925,-0.01931861812989233,0.0010368681515485092,estres
2020-02-26,Aventurero,0.693,0.693,0.7690982730241946,0.6275676243519911,-0.29223831806723044,-0.012041358126003668,crisis
2020-03-26,Aventurero,0.693,0.693,0.7534362731265496,0.2509309732251727,-0.04610462695661144,0.00234561501909654,crisis
2020-04-24,Aventurero,0.693,0.693,0.8206245055696999,0.13101188488318663,-0.06393581838769069,-0.0028982787427637305,crisis
2020-05-25,Aventurero,0.693,0.693,0.7355930488250265,0.20057599522801806,-0.04920504216012389,0.0019108663799873953,estres
2020-06-23,Aventurero,0.693,0.693,0.6499016494535129,0.07729073481343568,-0.00492611725399994,0.002611843534250697,estres
2020-07-22,Aventurero,0.693,0.693,0.624292451454395,0.17120040921399338,-0.048481958342737386,-4.100630138708156e-05,estres
2020-08-20,Aventurero,0.693,0.693,0.5884698454256521,0.13287681960785944,-0.024209355775555053,0.002938668757461394,estres
2020-09-18,Aventurero,0.693,0.693,0.5126352765985653,0.07914464198826392,-0.0171237763419414,-0.00026799802944596523,normal
2020-10-19,Aventurero,0.693,0.693,0.565040232998922,0.1599575221513374,-0.041765884125094965,0.000851760460723885,estres
2020-11-17,Aventurero,0.693,0.693,0.4663743193161573,0.16563013503276325,-0.02301823376597445,0.004639438870356232,normal
2020-12-16,Aventurero,0.693,0.693,0.4377381879409884,0.10985527101396862,-0.020458434904384593,0.0014398241623401384,normal
2021-01-14,Aventurero,0.693,0.693,0.3625702943493905,0.12857608663906683,-0.0620123838092177,-0.000976774423711814,normal
2021-02-12,Aventurero,0.693,0.693,0.23266379857403796,0.12060634533774267,-0.029198017517762742,-0.001266241987377725,calma
2021-03-15,Aventurero,0.693,0.693,0.19854427643681333,0.11170499142619225,-0.031700643341147305,-0.0003185694522393174,calma
2021-04-13,Aventurero,0.693,0.693,0.13361713961319632,0.17316416806637625,-0.05697100078011297,0.00023512614358717424,calma
2021-05-12,Aventurero,0.693,0.693,0.46012320473387774,0.21082406986772045,-0.09355196636363583,-0.0016645003134952026,normal
2021-06-10,Aventurero,0.693,0.693,0.19032035491748728,0.09285086033881686,-0.013645784417130935,0.0008355393880771097,calma
2021-07-09,Aventurero,0.693,0.693,0.2495792324027917,0.09357664527761844,-0.049761820089048836,-0.001748929408044592,calma
2021-08-09,Aventurero,0.693,0.693,0.28708989537621565,0.13522581643321485,-0.013802534944208578,0.002871740350785078,calma
2021-09-07,Aventurero,0.693,0.693,0.33170264342906275,0.07876496200429417,-0.01885499591857842,0.0013142348057791579,calma
2021-10-06,Aventurero,0.693,0.693,0.4101598589771127,0.09931339007107971,-0.014050136059411966,0.0009372571286173331,normal
2021-11-04,Aventurero,0.693,0.693,0.31279487636469083,0.13851603497752843,-0.05378608663641271,-0.0009830353183165278,calma
2021-12-03,Aventurero,0.693,0.693,0.8232349845601239,0.13839264991764177,-0.029625102339217002,0.0007061077845973837,crisis
2022-01-03,Aventurero,0.693,0.693,0.4863538288481172,0.2914088696922232,-0.028964958715969713,0.004408338498518105,normal
2022-02-01,Aventurero,0.693,0.693,0.5686231534626255,0.07971247327738394,-0.02852199270185174,-0.00125568246891669,estres
2022-03-02,Aventurero,0.693,0.693,0.9476050660000621,0.10124138941028794,-0.03407279008985409,-0.001023778155809132,crisis
2022-03-31,Aventurero,0.693,0.693,0.6674859178708055,0.09028716998591554,-0.0304134157328253,4.886209145385098e-05,estres
2022-04-29,Aventurero,0.693,0.693,0.7807198698483045,0.143066367887613,-0.06622752732939785,-0.0024033454033368456,crisis
2022-05-30,Aventurero,0.693,0.693,0.638337540885926,0.49941685841420064,-0.18245197030343374,-0.0006350688953273396,estres
2022-06-28,Aventurero,0.693,0.693,0.6001022129017732,0.19354586348513164,-0.07958375841230036,-0.0019266194503112018,estres
2022-07-27,Aventurero,0.693,0.693,0.6357253716333191,0.10433465157887013,-0.052632783453051335,-0.0023213052727140385,estres
2022-08-25,Aventurero,0.693,0.693,0.4777248009315086,0.17431447419982846,-0.07078866122955518,-0.0022715251613959196,normal
2022-09-23,Aventurero,0.693,0.693,0.7333379968157387,0.1443594962677111,-0.0422010704228466,-0.001574205906594221,estres
2022-10-24,Aventurero,0.693,0.693,0.6988526860051949,0.17086484480419725,-0.03714112134980618,-0.0010543474274447126,estres
2022-11-22,Aventurero,0.693,0.693,0.4046959122754408,0.14472954581476427,-0.04806613309138519,-0.0004981765621231444,normal
2022-12-21,Aventurero,0.693,0.693,0.18577880400616467,0.10137542032128284,-0.00956036086303047,0.0027879990218506005,calma
2023-01-19,Aventurero,0.693,0.693,0.21553563302032758,0.13808742108166636,-0.08891940828716016,-0.0043858439814038344,calma
2023-02-17,Aventurero,0.693,0.693,0.19104329161419728,0.24131892791317938,-0.039150218787287416,-0.0012388381187763014,calma
2023-03-20,Aventurero,0.693,0.693,0.44220461483095314,0.13362939713063757,-0.006385267751880863,0.004809259604178891,normal
2023-04-18,Aventurero,0.693,0.693,0.2506578505719949,0.13733061523696438,-0.04508454509136095,-0.0021290257575847593,calma
2023-05-17,Aventurero,0.693,0.693,0.31584728397011586,0.12019321482391482,-0.023484002984175856,0.0007493029336222039,calma
2023-06-15,Aventurero,0.693,0.693,0.2142258376582756,0.232660293015938,-0.02856694537696214,-0.0005805970635474245,calma
2023-07-14,Aventurero,0.693,0.693,0.23298141292921326,0.08126643589785822,-0.02233463623087728,-0.0002741932275140751,calma
2023-08-14,Aventurero,0.693,0.693,0.1623642159384539,0.18228587804822213,-0.07317120524469023,-0.0022194462774892424,calma
2023-09-12,Aventurero,0.693,0.693,0.23150778583457865,0.21442472568485343,-0.030044716893888324,0.004357781245119337,calma
2023-10-11,Aventurero,0.693,0.693,0.29932619493650237,0.12051337370213967,-0.044241074905504996,-0.0002556983502410879,calma
2023-11-09,Aventurero,0.693,0.693,0.35457748557524754,0.126609459359077,-0.020731188478995133,0.003538812406742001,normal
2023-12-08,Aventurero,0.693,0.693,0.2032250756949126,0.1643436860981795,-0.013867317915547184,0.008003750722449597,calma
2024-01-08,Aventurero,0.693,0.693,0.3258538482238784,0.11820157461373407,-0.022678483257770332,0.002533118654738895,calma
2024-02-06,Aventurero,0.693,0.693,0.2226127472962112,0.18849507109262403,-0.025351715308655987,0.0032001381973570083,calma
2024-03-06,Aventurero,0.693,0.693,0.3375579652151717,0.15444362528831443,-0.040245532852673294,0.002987313782921531,calma
2024-04-04,Aventurero,0.693,0.693,0.5516527481040766,0.2808670606348103,-0.07819753616375036,-0.0005643252763392022,estres
2024-05-06,Aventurero,0.693,0.693,0.37232915171121383,0.1885027307489326,-0.03834373193737983,0.0039407896191141585,normal
2024-06-06,Aventurero,0.693,0.693,0.3453940110069984,0.12743155629222197,-0.028044875046806306,0.0008784345734998088,calma
2024-07-09,Aventurero,0.693,0.693,0.3686515193384178,0.15391424103468512,-0.04913937888620823,-0.0023439008843662667,normal
2024-08-07,Aventurero,0.693,0.693,0.8475391371484766,0.19214849166396628,-0.02012876201493874,0.002925514245558957,crisis
2024-09-06,Aventurero,0.693,0.693,0.7948935781269026,0.05551470886278294,-0.009669867337523064,0.00029598520848803507,crisis
2024-10-07,Aventurero,0.693,0.693,0.6427672648540266,0.0767252267715745,-0.008586183127427094,0.0016756416367842836,estres
2024-11-07,Aventurero,0.693,0.693,0.6958395203923546,0.10353727485067497,-0.016290582090262795,0.001400358854008955,estres
2024-12-09,Aventurero,0.693,0.693,0.6233127893792199,0.0988361321572351,-0.016069930386030884,0.0015932578256869,estres
2015-12-21,Analista,0.6,0.6,0.48193775708681647,0.15604649475749674,-0.048081135470056324,-0.0016293987937027925,normal
2016-01-19,Analista,0.6,0.6,0.8086557684369717,0.07904648092428955,-0.01675948267249472,0.0007725257247856588,crisis
2016-02-17,Analista,0.6,0.6,0.680434721954674,0.06943563150249771,-0.004857063301583087,0.0030591936634371533,estres
2016-03-17,Analista,0.6,0.6,0.366005175172678,0.0980481789693041,-0.012595143665444675,0.0022736866409085997,normal
2016-04-15,Analista,0.6,0.6,0.23192288644223688,0.08056439735695997,-0.024200884383679844,0.0006768248863396489,calma
2016-05-16,Analista,0.6,0.6,0.2716421385542689,0.06082413389192775,-0.02214533833493637,-0.0010451972416187405,calma
2016-06-14,Analista,0.6,0.6,0.7560810116347392,0.04805099508559839,-0.010818961857986364,4.7766824430995955e-05,crisis
2016-07-13,Analista,0.6,0.6,0.4025765286344811,0.0456107399443974,-0.011667654557447671,0.00011258839095458404,normal
2016-08-11,Analista,0.6,0.6,0.23689010627373613,0.07236314082258459,-0.007207159511575356,0.0023480056841698074,calma
2016-09-09,Analista,0.6,0.6,0.40892417948445703,0.11325462931227369,-0.014945117344023373,-0.0006509430708526529,normal
2016-10-10,Analista,0.6,0.6,0.28630373006857845,0.05091727234205593,-0.010726016391757853,-0.00016646082837306798,calma
2016-11-08,Analista,0.6,0.6,0.7532805750702393,0.11928122417255704,-0.038210003358434164,-0.00011433110680361803,crisis
2016-12-07,Analista,0.6,0.6,0.38171145231510784,0.09013730985278022,-0.014597986380886163,0.0009211901658679417,normal
2017-01-05,Analista,0.6,0.6,0.37505419656081895,0.062075073340056866,-0.012293911979816219,0.0008363006976851896,normal
2017-02-03,Analista,0.6,0.6,0.4039559886230223,0.12574529608835755,-0.03523656554435051,-0.0008165338436939565,normal
2017-03-06,Analista,0.6,0.6,0.3784683858497293,0.06777549408805872,-0.009475948615116025,0.0011304010000554236,normal
2017-04-04,Analista,0.6,0.6,0.41176212022773845,0.03921336654674497,-0.011110849257285782,0.00033819253833271675,normal
2017-05-03,Analista,0.6,0.6,0.30177045008382847,0.05938523864373628,-0.007677136219505498,0.0021277015014637105,calma
2017-06-01,Analista,0.6,0.6,0.26622229445138507,0.05870098817411736,-0.018053522175572767,-0.00010780655731417562,calma
2017-06-30,Analista,0.6,0.6,0.3483590266336658,0.04967980123532503,-0.010436957829593974,0.0013318500404848157,calma
2017-07-31,Analista,0.6,0.6,0.3109861217206533,0.07290619125620133,-0.017236329076902313,-0.00023495763331102045,calma
2017-08-29,Analista,0.6,0.6,0.44034172666967636,0.06251158826062633,-0.015071364294805045,0.0007608233392335147,normal
2017-09-27,Analista,0.6,0.6,0.27835383380723416,0.048733844317628894,-0.007132492161532555,0.0005832803995724706,calma
2017-10-26,Analista,0.6,0.6,0.39365389720485877,0.07629683742622487,-0.014837541956669975,-0.0007005256591462854,normal
2017-11-24,Analista,0.6,0.6,0.23787088862288802,0.04455409953442153,-0.0049503844219058735,0.0013083024093554615,calma
2017-12-25,Analista,0.6,0.6,0.40979988490328034,0.055976900950836954,-0.013213482012734867,1.765037166377605e-05,normal
2018-01-23,Analista,0.6,0.6,0.6261722726681218,0.24340416580321295,-0.05019465518186761,0.0019126883308747985,estres
2018-02-21,Analista,0.6,0.6,0.6383712152045855,0.07300428447044809,-0.03785747889002733,-0.0010838517453334445,estres
2018-03-22,Analista,0.6,0.6,0.9299587012398582,0.06660598398921957,-0.008952122179650912,0.0018254471618417958,crisis
2018-04-20,Analista,0.6,0.6,0.7740427430015788,0.08351893494565182,-0.015459428059211522,-0.0003704751926642629,crisis
2018-05-21,Analista,0.6,0.6,0.5872334932347624,0.07762953193537962,-0.017343348211832033,0.00035609510131114725,estres
2018-06-19,Analista,0.6,0.6,0.4823083995889733,0.07895447547476711,-0.03472584573617932,-0.001186861422694576,normal
2018-07-18,Analista,0.6,0.6,0.4240453795938083,0.0942357873683554,-0.031074409582207974,-0.0006022930929478273,normal
2018-08-16,Analista,0.6,0.6,0.41202304448774396,0.09453721106165157,-0.019602798753404538,0.0012980923794040024,normal
2018-09-14,Analista,0.6,0.6,0.3575298021666028,0.08570987821791937,-0.018915365858539812,-0.0007147783637401134,normal
2018-10-15,Analista,0.6,0.6,0.691807039698189,0.14878822797556,-0.060823955315674194,-0.0024376729522354967,estres
2018-11-13,Analista,0.6,0.6,0.7480523010796645,0.15261047577576436,-0.07922029113954832,-0.0035427709345571745,estres
2018-12-12,Analista,0.6,0.6,0.7517027238666126,0.1814190034689379,-0.04637995318087451,0.00033268142053136405,crisis
2019-01-10,Analista,0.6,0.6,0.756646405431016,0.110960285163352,-0.010720041777065537,0.00407697762477499,crisis
2019-02-08,Analista,0.6,0.6,0.39190882506052316,0.1069184615515523,-0.016294472861410725,0.00292220141222169,normal
2019-03-11,Analista,0.6,0.6,0.47540519091823713,0.1290986837490777,-0.020602300155496578,0.00234900199159514,normal
2019-04-09,Analista,0.6,0.6,0.34789412619734966,0.07561482699956114,-0.01704888487781686,0.00011120075192908666,calma
2019-05-08,Analista,0.6,0.6,0.6046751088846531,0.09120527981846104,-0.03795169298431855,-0.0023306703850304897,estres
2019-06-06,Analista,0.6,0.6,0.4794666784826319,0.07657654324347855,-0.006553234196868041,0.0030638436755575822,normal
2019-07-05,Analista,0.6,0.6,0.47697998878847475,0.12932716672785258,-0.05256908389818038,-0.0008078601829430085,normal
2019-08-05,Analista,0.6,0.6,0.8746966645671574,0.12851775571197194,-0.018833605905197004,0.001400178225060335,crisis
2019-09-03,Analista,0.6,0.6,0.7229866423871434,0.07154604371537701,-0.004787699880706153,0.0013991867868724135,estres
2019-10-02,Analista,0.6,0.6,0.5460536105085617,0.09565933454993639,-0.013596137268379604,0.0018314545012991258,normal
2019-10-31,Analista,0.6,0.6,0.3020378804991728,0.0799146553198486,-0.03200958506094331,-0.0003394751312638654,calma
2019-11-29,Analista,0.6,0.6,0.3399686744601004,0.062038800825985986,-0.00897277184632106,0.0008958661230741615,calma
2019-12-30,Analista,0.6,0.6,0.4488523080421276,0.08438473629013699,-0.014403289256546992,0.0011494790700401689,normal
2020-01-28,Analista,0.6,0.6,0.5699221663939134,0.10195832371278502,-0.019074352855494747,0.0010380995003930122,estres
2020-02-26,Analista,0.6,0.6,0.7690982730241946,0.6534923402706697,-0.29773445128825116,-0.012236008584242009,crisis
2020-03-26,Analista,0.6,0.6,0.7534362731265496,0.2586724321357345,-0.047398182974569325,0.0021680454168957904,crisis
2020-04-24,Analista,0.6,0.6,0.8206245055696999,0.1307143277840025,-0.06227294454270438,-0.0028603861402940753,crisis
2020-05-25,Analista,0.6,0.6,0.7355930488250265,0.20403226536364127,-0.04818678363627871,0.002169125349343629,estres
2020-06-23,Analista,0.6,0.6,0.6499016494535129,0.07721756899448408,-0.005310682282287038,0.002593643783942144,estres
2020-07-22,Analista,0.6,0.6,0.624292451454395,0.17282296967792293,-0.049154177011106026,1.254106838684117e-06,estres
2020-08-20,Analista,0.6,0.6,0.5884698454256521,0.13200662666897503,-0.023458024611072048,0.002698686984252322,estres
2020-09-18,Analista,0.6,0.6,0.5126352765985653,0.08027641438981252,-0.01796597616490625,-0.00020691722059198528,normal
2020-10-19,Analista,0.6,0.6,0.565040232998922,0.16126254529137551,-0.04251018815046981,0.0008628297826209529,estres
2020-11-17,Analista,0.6,0.6,0.4663743193161573,0.15619808658721593,-0.022485347114824195,0.0046273079254606645,normal
2020-12-16,Analista,0.6,0.6,0.4377381879409884,0.1037597458233619,-0.01744258374868235,0.00119664869755153,normal
2021-01-14,Analista,0.6,0.6,0.3625702943493905,0.11186427780157306,-0.050709889705495725,-0.0005130554450980508,normal
2021-02-12,Analista,0.6,0.6,0.23266379857403796,0.09006050931409987,-0.028476853448809902,-0.0011191746355643847,calma
2021-03-15,Analista,0.6,0.6,0.19854427643681333,0.09921141720150614,-0.02832639917796753,-0.000351937247267682,calma
2021-04-13,Analista,0.6,0.6,0.13361713961319632,0.1966350880777612,-0.06177924904330323,0.00039306717634155446,calma
2021-05-12,Analista,0.6,0.6,0.46012320473387774,0.21735890327448837,-0.09712927594126863,-0.001676594043491009,normal
2021-06-10,Analista,0.6,0.6,0.19032035491748728,0.09121541573963728,-0.015354372930441285,0.0006578264820615569,calma
2021-07-09,Analista,0.6,0.6,0.2495792324027917,0.09620837131274235,-0.05326132545708273,-0.0019347429694037595,calma
2021-08-09,Analista,0.6,0.6,0.28708989537621565,0.149633813263425,-0.016361804912418787,0.002887930865160728,calma
2021-09-07,Analista,0.6,0.6,0.33170264342906275,0.07952007839467401,-0.019150266435203234,0.001197582881775351,calma
2021-10-06,Analista,0.6,0.6,0.4101598589771127,0.0965593283738119,-0.01356969331551583,0.0008794576152163535,normal
2021-11-04,Analista,0.6,0.6,0.31279487636469083,0.13203829129054687,-0.05233950582305358,-0.0009960452138942071,calma
2021-12-03,Analista,0.6,0.6,0.8232349845601239,0.13802479872107085,-0.025745148036268928,0.001011901946452927,crisis
2022-01-03,Analista,0.6,0.6,0.4863538288481172,0.2504771960100096,-0.02656753344025553,0.0036869436557022328,normal
2022-02-01,Analista,0.6,0.6,0.5686231534626255,0.09740703148476883,-0.0323306297779099,-0.0013923617262726002,estres
2022-03-02,Analista,0.6,0.6,0.9476050660000621,0.14713594393088752,-0.04917169721289061,-0.0018715818680793694,crisis
2022-03-31,Analista,0.6,0.6,0.6674859178708055,0.09624406205973643,-0.0344817151794633,-0.0003190051569111954,estres
2022-04-29,Analista,0.6,0.6,0.7807198698483045,0.14652338183702057,-0.05938072912947934,-0.0023177353226669258,crisis
2022-05-30,Analista,0.6,0.6,0.638337540885926,0.4569213398039079,-0.17276807645746917,-0.0010794384031381822,estres
2022-06-28,Analista,0.6,0.6,0.6001022129017732,0.1943167217598088,-0.07894949239829929,-0.0017881639433069978,estres
2022-07-27,Analista,0.6,0.6,0.6357253716333191,0.11047212672524957,-0.05399153771726317,-0.002438143141862016,estres
2022-08-25,Analista,0.6,0.6,0.4777248009315086,0.16750347439406135,-0.07453983143224252,-0.002726769917242101,normal
2022-09-23,Analista,0.6,0.6,0.7333379968157387,0.14512055424824372,-0.05616161100603467,-0.00228990805583491,estres
2022-10-24,Analista,0.6,0.6,0.6988526860051949,0.1567851397233448,-0.026289117300829168,1.2992255986425374e-05,estres
2022-11-22,Analista,0.6,0.6,0.4046959122754408,0.13710572943720345,-0.05341981740273516,-0.0009086622590292812,normal
2022-12-21,Analista,0.6,0.6,0.18577880400616467,0.09328359229789963,-0.007035655471071323,0.002914989701510654,calma
2023-01-19,Analista,0.6,0.6,0.21553563302032758,0.14166595371086638,-0.10197135017003356,-0.004945631793928469,calma
2023-02-17,Analista,0.6,0.6,0.19104329161419728,0.23623328394503865,-0.042173720292634664,-0.0006180629336646657,calma
2023-03-20,Analista,0.6,0.6,0.44220461483095314,0.12138563520611856,-0.005521842673505528,0.004742304505229016,normal
2023-04-18,Analista,0.6,0.6,0.2506578505719949,0.12939897519374344,-0.04468111951097875,-0.002225174623946307,calma
2023-05-17,Analista,0.6,0.6,0.31584728397011586,0.12613178338674538,-0.021755927036542166,0.0010577259743646673,calma
2023-06-15,Analista,0.6,0.6,0.2142258376582756,0.22782000595090118,-0.024446855281110236,-0.0008277245691510925,calma
2023-07-14,Analista,0.6,0.6,0.23298141292921326,0.09448846239158949,-0.024487862866618304,-0.0002141485170457685,calma
2023-08-14,Analista,0.6,0.6,0.1623642159384539,0.23716311059150075,-0.08520667521406355,-0.0019716465041832087,calma
2023-09-12,Analista,0.6,0.6,0.23150778583457865,0.22330685205494577,-0.03435603034624113,0.004205848382033652,calma
2023-10-11,Analista,0.6,0.6,0.29932619493650237,0.12279443686243918,-0.049227006268518614,-0.0007581576778268327,calma
2023-11-09,Analista,0.6,0.6,0.35457748557524754,0.12698531233132165,-0.0230026434297681,0.003176935600554709,normal
2023-12-08,Analista,0.6,0.6,0.2032250756949126,0.17193817226594574,-0.014158121466369189,0.0081348400456883,calma
2024-01-08,Analista,0.6,0.6,0.3258538482238784,0.11846337157720915,-0.022570742123972698,0.0023788828333866892,calma
2024-02-06,Analista,0.6,0.6,0.2226127472962112,0.1684296801432966,-0.027510342572033553,0.0026523534026098505,calma
2024-03-06,Analista,0.6,0.6,0.3375579652151717,0.16799600269402037,-0.0517021364781588,0.002447412223822053,calma
2024-04-04,Analista,0.6,0.6,0.5516527481040766,0.20516233872270825,-0.061335116883805885,-0.0007101460387271259,estres
2024-05-06,Analista,0.6,0.6,0.37232915171121383,0.19075249260892524,-0.041566841568209,0.003671101231579251,normal
2024-06-06,Analista,0.6,0.6,0.3453940110069984,0.13708896060890244,-0.03240519379139406,0.00042347028551685615,calma
2024-07-09,Analista,0.6,0.6,0.3686515193384178,0.1409815952008315,-0.05149967122702681,-0.0023233612790438166,normal
2024-08-07,Analista,0.6,0.6,0.8475391371484766,0.1811781525147979,-0.020331105108819747,0.0029105516862950685,crisis
2024-09-06,Analista,0.6,0.6,0.7948935781269026,0.055651768193401785,-0.009468277007129267,0.0001996623276526002,crisis
2024-10-07,Analista,0.6,0.6,0.6427672648540266,0.07877890304375261,-0.00993427613959108,0.001570617516865399,estres
2024-11-07,Analista,0.6,0.6,0.6958395203923546,0.11159791683697083,-0.017768868323946863,0.001490082022860006,estres
2024-12-09,Analista,0.6,0.6,0.6233127893792199,0.11649848226808678,-0.02157321839789117,0.0016451823906601772,estres
2015-12-21,Innovador,0.738,0.738,0.48193775708681647,0.16486872370022426,-0.05047879918015108,-0.0018092944097000188,normal
2016-01-19,Innovador,0.738,0.738,0.8086557684369717,0.0847250219056465,-0.019922421474510732,0.0005892901425024708,crisis
2016-02-17,Innovador,0.738,0.738,0.680434721954674,0.0849515819549222,-0.00730786057497923,0.0029754711924445307,estres
2016-03-17,Innovador,0.738,0.738,0.366005175172678,0.10001360755588619,-0.011044967861653099,0.0027811404983065233,normal
2016-04-15,Innovador,0.738,0.738,0.23192288644223688,0.07300579528688236,-0.02151670172152953,0.0005796241759731176,calma
2016-05-16,Innovador,0.738,0.738,0.2716421385542689,0.06799466745417579,-0.023300995296608562,-0.0009392417345905968,calma
2016-06-14,Innovador,0.738,0.738,0.7560810116347392,0.07735643069969918,-0.01948019154991576,5.766702759161013e-05,crisis
2016-07-13,Innovador,0.738,0.738,0.4025765286344811,0.054872012397417916,-0.012246351011543255,0.000299312202001446,normal
2016-08-11,Innovador,0.738,0.738,0.23689010627373613,0.06212550627887464,-0.006079696140117052,0.002447843989845311,calma
2016-09-09,Innovador,0.738,0.738,0.40892417948445703,0.1276507507412925,-0.017274255466483313,-0.0007783577104277073,normal
2016-10-10,Innovador,0.738,0.738,0.28630373006857845,0.04668729763044043,-0.009972919946193093,0.00024764386059702656,calma
2016-11-08,Innovador,0.738,0.738,0.7532805750702393,0.11114019070142554,-0.029567648173222993,-1.232289611680919e-05,crisis
2016-12-07,Innovador,0.738,0.738,0.38171145231510784,0.07889689102978321,-0.007074450529712117,0.001137195378898547,normal
2017-01-05,Innovador,0.738,0.738,0.37505419656081895,0.06148906891726529,-0.010318661654572514,0.001216697071165918,normal
2017-02-03,Innovador,0.738,0.738,0.4039559886230223,0.11702073633527119,-0.03200623064172947,-0.0006603090579266515,normal
2017-03-06,Innovador,0.738,0.738,0.3784683858497293,0.06953570180213238,-0.008701257521611772,0.0013349966154019542,normal
2017-04-04,Innovador,0.738,0.738,0.41176212022773845,0.04521698317037195,-0.0118563822552884,0.00030476519755602273,normal
2017-05-03,Innovador,0.738,0.738,0.30177045008382847,0.060404804115469155,-0.00544708515361203,0.0026801911341390768,calma
2017-06-01,Innovador,0.738,0.738,0.26622229445138507,0.06595317686885607,-0.020313489535631613,-0.0004933946702575256,calma
2017-06-30,Innovador,0.738,0.738,0.3483590266336658,0.05058775850997118,-0.006979784686484081,0.0016077184552473634,calma
2017-07-31,Innovador,0.738,0.738,0.3109861217206533,0.07081802664995278,-0.016675068773247315,-0.0003427692004714787,calma
2017-08-29,Innovador,0.738,0.738,0.44034172666967636,0.06182489434140892,-0.01420827689512627,0.0011477530960490932,normal
2017-09-27,Innovador,0.738,0.738,0.27835383380723416,0.055197660957854354,-0.008344236099469438,0.0007423896325777955,calma
2017-10-26,Innovador,0.738,0.738,0.39365389720485877,0.0868534039327876,-0.016924928558559982,-0.0008826732062739214,normal
2017-11-24,Innovador,0.738,0.738,0.23787088862288802,0.044846047696227,-0.004639268843576461,0.0013357959248319524,calma
2017-12-25,Innovador,0.738,0.738,0.40979988490328034,0.04991154589295145,-0.009209716022842818,0.00018747898146289255,normal
2018-01-23,Innovador,0.738,0.738,0.6261722726681218,0.22354379158448115,-0.06383832491094432,0.00074277729076408,estres
2018-02-21,Innovador,0.738,0.738,0.6383712152045855,0.093791608958195,-0.039831424218490286,-0.0005464460155075417,estres
2018-03-22,Innovador,0.738,0.738,0.9299587012398582,0.09404665078092285,-0.013880651986369785,0.0023779464649673113,crisis
2018-04-20,Innovador,0.738,0.738,0.7740427430015788,0.1057284018156133,-0.01839908413792113,-0.00010055331412176084,crisis
2018-05-21,Innovador,0.738,0.738,0.5872334932347624,0.09979984187684027,-0.02135031187303038,-3.135497503171374e-05,estres
2018-06-19,Innovador,0.738,0.738,0.4823083995889733,0.08291455106506102,-0.03432464281726155,-0.001128970192517231,normal
2018-07-18,Innovador,0.738,0.738,0.4240453795938083,0.09054896184010305,-0.024563311681922828,-0.00045060180614798904,normal
2018-08-16,Innovador,0.738,0.738,0.41202304448774396,0.11725324221333695,-0.019142795792692735,0.0020534418355812913,normal
2018-09-14,Innovador,0.738,0.738,0.3575298021666028,0.09589781784366819,-0.022224565419135978,-0.0004756782274535404,normal
2018-10-15,Innovador,0.738,0.738,0.691807039698189,0.1654491719270041,-0.08181152776272616,-0.0035508318756875493,estres
2018-11-13,Innovador,0.738,0.738,0.7480523010796645,0.15395967345268496,-0.07518612946709269,-0.0033133677443571694,estres
2018-12-12,Innovador,0.738,0.738,0.7517027238666126,0.178212514345343,-0.047535435901244094,0.0002875934353399963,crisis
2019-01-10,Innovador,0.738,0.738,0.756646405431016,0.10645946755476936,-0.011485287707514336,0.0038860590908014114,crisis
2019-02-08,Innovador,0.738,0.738,0.39190882506052316,0.0988857947687167,-0.015299168340042413,0.0029093052001014294,normal
2019-03-11,Innovador,0.738,0.738,0.47540519091823713,0.12797272402603252,-0.02298865597630395,0.0025014137708984753,normal
2019-04-09,Innovador,0.738,0.738,0.34789412619734966,0.0779833290883471,-0.014975634341005017,8.309481031520093e-05,calma
2019-05-08,Innovador,0.738,0.738,0.6046751088846531,0.08651534898391702,-0.03562067309389849,-0.0019609312504856352,estres
2019-06-06,Innovador,0.738,0.738,0.4794666784826319,0.08957528748970191,-0.0113814302436549,0.0031627053454525078,normal
2019-07-05,Innovador,0.738,0.738,0.47697998878847475,0.13809823677631763,-0.0582505075853178,-0.0010494215125209656,normal
2019-08-05,Innovador,0.738,0.738,0.8746966645671574,0.138156800811569,-0.017984163129606934,0.0017109782766737548,crisis
2019-09-03,Innovador,0.738,0.738,0.7229866423871434,0.08109938115973729,-0.011140823950846368,0.0010999037668803062,estres
2019-10-02,Innovador,0.738,0.738,0.5460536105085617,0.09060298901068797,-0.014939367144892524,0.0017245411721889467,normal
2019-10-31,Innovador,0.738,0.738,0.3020378804991728,0.09703282236738085,-0.037107581508034615,-0.00043081826676140867,calma
2019-11-29,Innovador,0.738,0.738,0.3399686744601004,0.05785286803654902,-0.007925680943006608,0.0008979541684236899,calma
2019-12-30,Innovador,0.738,0.738,0.4488523080421276,0.08488060746912468,-0.014964324958438024,0.0012448956448963167,normal
2020-01-28,Innovador,0.738,0.738,0.5699221663939134,0.10674515735151885,-0.019311782159803337,0.0010126361485468729,estres
2020-02-26,Innovador,0.738,0.738,0.7690982730241946,0.6115723097290463,-0.28914569052536143,-0.011956100526251364,crisis
2020-03-26,Innovador,0.738,0.738,0.7534362731265496,0.24715830239170725,-0.04553378952494003,0.0024053305959719673,crisis
2020-04-24,Innovador,0.738,0.738,0.8206245055696999,0.1320504812592029,-0.06502152478874945,-0.002922428802631081,crisis
2020-05-25,Innovador,0.738,0.738,0.7355930488250265,0.1984046982664129,-0.04992066899879544,0.0017211602747678725,estres
2020-06-23,Innovador,0.738,0.738,0.6499016494535129,0.07702127685969049,-0.004705006633999531,0.0026155783937187424,estres
2020-07-22,Innovador,0.738,0.738,0.624292451454395,0.1703022406968812,-0.0480630398178199,-6.772313406114854e-05,estres
2020-08-20,Innovador,0.738,0.738,0.5884698454256521,0.13398810277402562,-0.024746398646799395,0.0031114935181969683,estres
2020-09-18,Innovador,0.738,0.738,0.5126352765985653,0.07892807589437946,-0.016498538373796223,-0.00030398028068819575,normal
2020-10-19,Innovador,0.738,0.738,0.565040232998922,0.15974041412213086,-0.04129755296722548,0.000839330622148961,estres
2020-11-17,Innovador,0.738,0.738,0.4663743193161573,0.17149108851222566,-0.02335778785596032,0.004659904665403679,normal
2020-12-16,Innovador,0.738,0.738,0.4377381879409884,0.11543370403403463,-0.022565682482884153,0.0016047626938458799,normal
2021-01-14,Innovador,0.738,0.738,0.3625702943493905,0.14064850187078837,-0.0702191717993721,-0.0013508123383416208,normal
2021-02-12,Innovador,0.738,0.738,0.23266379857403796,0.13220263153823308,-0.030415759207073734,-0.001343815563447511,calma
2021-03-15,Innovador,0.738,0.738,0.19854427643681333,0.11639886027955877,-0.03341012938269361,-0.0003036250201582446,calma
2021-04-13,Innovador,0.738,0.738,0.13361713961319632,0.1658142804326569,-0.05512863184725858,0.0001786712935983478,calma
2021-05-12,Innovador,0.738,0.738,0.46012320473387774,0.2155634675337981,-0.09533759167814404,-0.0017945133024124178,normal
2021-06-10,Innovador,0.738,0.738,0.19032035491748728,0.09514781378790677,-0.013153723072804158,0.0009292996941816208,calma
2021-07-09,Innovador,0.738,0.738,0.2495792324027917,0.09291137889317501,-0.047921916792143415,-0.0016643634589691213,calma
2021-08-09,Innovador,0.738,0.738,0.28708989537621565,0.13228163761925218,-0.013552112985627862,0.0028839621574709906,calma
2021-09-07,Innovador,0.738,0.738,0.33170264342906275,0.07916638337586272,-0.018760311774240312,0.0013681925290392068,calma
2021-10-06,Innovador,0.738,0.738,0.4101598589771127,0.10100391369468492,-0.014661180239735061,0.0009699706609389827,normal
2021-11-04,Innovador,0.738,0.738,0.31279487636469083,0.14211523007968396,-0.05433777106065241,-0.0009748352652070684,calma
2021-12-03,Innovador,0.738,0.738,0.8232349845601239,0.14097571384802612,-0.030542303810415117,0.0007492009870773925,crisis
2022-01-03,Innovador,0.738,0.738,0.4863538288481172,0.31408040761699363,-0.029495951333713633,0.0046959998833585054,normal
2022-02-01,Innovador,0.738,0.738,0.5686231534626255,0.0749065027623637,-0.027506709244530025,-0.0012145790171796003,estres
2022-03-02,Innovador,0.738,0.738,0.9476050660000621,0.08249658229197558,-0.026825838749720554,-0.0006692440184241537,crisis
2022-03-31,Innovador,0.738,0.738,0.6674859178708055,0.08894629684698033,-0.028889569785608304,0.00019459738485015684,estres
2022-04-29,Innovador,0.738,0.738,0.7807198698483045,0.1428733743477349,-0.06863664379325596,-0.002420634935032067,crisis
2022-05-30,Innovador,0.738,0.738,0.638337540885926,0.47467848278539065,-0.17721046571769572,-0.0007055771389619226,estres
2022-06-28,Innovador,0.738,0.738,0.6001022129017732,0.19515886417081174,-0.0788801553568802,-0.002037470693257821,estres
2022-07-27,Innovador,0.738,0.738,0.6357253716333191,0.10299694749116452,-0.05243120115280153,-0.0022489717077859846,estres
2022-08-25,Innovador,0.738,0.738,0.4777248009315086,0.1822820421245545,-0.0679671382881023,-0.0019363051355728875,normal
2022-09-23,Innovador,0.738,0.738,0.7333379968157387,0.1539769203796817,-0.03839282758205764,-0.0010328067028249075,estres
2022-10-24,Innovador,0.738,0.738,0.6988526860051949,0.18491602889725237,-0.046337295468200645,-0.001591725725732732,estres
2022-11-22,Innovador,0.738,0.738,0.4046959122754408,0.15088372349431303,-0.046827083675783365,-0.0002899886216912017,normal
2022-12-21,Innovador,0.738,0.738,0.18577880400616467,0.10671280711325962,-0.011753899261530365,0.0027531353573060384,calma
2023-01-19,Innovador,0.738,0.738,0.21553563302032758,0.13762342555923332,-0.0832574468112407,-0.004157986747018144,calma
2023-02-17,Innovador,0.738,0.738,0.19104329161419728,0.2435247746790405,-0.04039828846118587,-0.0014803894349414899,calma
2023-03-20,Innovador,0.738,0.738,0.44220461483095314,0.1430143554545127,-0.006873281633910322,0.004829811700158175,normal
2023-04-18,Innovador,0.738,0.738,0.2506578505719949,0.14688457127069182,-0.04588263532121195,-0.002099436338955151,calma
2023-05-17,Innovador,0.738,0.738,0.31584728397011586,0.11852701224377085,-0.0255196835853414,0.0004595041038644005,calma
2023-06-15,Innovador,0.738,0.738,0.2142258376582756,0.21689279131044265,-0.02978360392189716,-0.0006052517878271646,calma
2023-07-14,Innovador,0.738,0.738,0.23298141292921326,0.0751530650805571,-0.02188552963149404,-0.0003315771110075011,calma
2023-08-14,Innovador,0.738,0.738,0.1623642159384539,0.16595934288553899,-0.07029636004966089,-0.0021693906539582853,calma
2023-09-12,Innovador,0.738,0.738,0.23150778583457865,0.2117337778942672,-0.02862701975817039,0.004415831856556368,calma
2023-10-11,Innovador,0.738,0.738,0.29932619493650237,0.12069887109142088,-0.04281130753362161,-9.493512294122502e-05,calma
2023-11-09,Innovador,0.738,0.738,0.35457748557524754,0.12706401101526868,-0.019864531430955013,0.0036750431484287266,normal
2023-12-08,Innovador,0.738,0.738,0.2032250756949126,0.1620245357508613,-0.013764132877640334,0.007950694151495269,calma
2024-01-08,Innovador,0.738,0.738,0.3258538482238784,0.12002720429354292,-0.022846404024207123,0.0025884848098401904,calma
2024-02-06,Innovador,0.738,0.738,0.2226127472962112,0.19001459823221603,-0.024947518770584765,0.0034742536658849184,calma
2024-03-06,Innovador,0.738,0.738,0.3375579652151717,0.15093216548765445,-0.035768238620404014,0.0031930354518946344,calma
2024-04-04,Innovador,0.738,0.738,0.5516527481040766,0.3039635677696602,-0.08281796845261902,-0.0005540185432732538,estres
2024-05-06,Innovador,0.738,0.738,0.37232915171121383,0.18081070380910158,-0.03623096331756115,0.0038280901984012916,normal
2024-06-06,Innovador,0.738,0.738,0.3453940110069984,0.12214945412866714,-0.02753544487862014,0.0009307393539280516,calma
2024-07-09,Innovador,0.738,0.738,0.3686515193384178,0.16256073898307827,-0.04928350332731679,-0.002376844448885041,normal
2024-08-07,Innovador,0.738,0.738,0.8475391371484766,0.19289651004972022,-0.020037790583746218,0.0028994926297437086,crisis
2024-09-06,Innovador,0.738,0.738,0.7948935781269026,0.053971883160059596,-0.009596421119130283,0.0002959709624729277,crisis
2024-10-07,Innovador,0.738,0.738,0.6427672648540266,0.07304965138255094,-0.007572410064720203,0.001631851679899895,estres
2024-11-07,Innovador,0.738,0.738,0.6958395203923546,0.1051733954998553,-0.01689985017573037,0.0013512643876085599,estres
2024-12-09,Innovador,0.738,0.738,0.6233127893792199,0.09801339845141581,-0.015476065280097706,0.0017988296330031174,estres
2015-12-21,Visionario,0.865,0.865,0.48193775708681647,0.17951319354325843,-0.051682313807321245,-0.0018316799611610179,normal
2016-01-19,Visionario,0.865,0.865,0.8086557684369717,0.09025443816325467,-0.02233729984802868,0.00042676306645077374,crisis
2016-02-17,Visionario,0.865,0.865,0.680434721954674,0.10697246168302366,-0.00940038246459074,0.00289094025556774,estres
2016-03-17,Visionario,0.865,0.865,0.366005175172678,0.1365853996830278,-0.016688218002063993,0.0033104428785357205,normal
2016-04-15,Visionario,0.865,0.865,0.23192288644223688,0.07053447114308811,-0.01957499605959523,0.0005159689838603771,calma
2016-05-16,Visionario,0.865,0.865,0.2716421385542689,0.0839337604589803,-0.028607083591275062,-0.0008586485151860403,calma
2016-06-14,Visionario,0.865,0.865,0.7560810116347392,0.10986836385553102,-0.028356649166881187,6.198783477935298e-05,crisis
2016-07-13,Visionario,0.865,0.865,0.4025765286344811,0.05872425583611959,-0.015277599980603407,0.00027630208158052296,normal
2016-08-11,Visionario,0.865,0.865,0.23689010627373613,0.06643355334977134,-0.009285187449153187,0.002465306607970928,calma
2016-09-09,Visionario,0.865,0.865,0.40892417948445703,0.13134546772205866,-0.018364988904447377,-0.0008807148742537867,normal
2016-10-10,Visionario,0.865,0.865,0.28630373006857845,0.045289556983094656,-0.008858731752825366,0.0005942006256571886,calma
2016-11-08,Visionario,0.865,0.865,0.7532805750702393,0.11051111020624521,-0.02851797053877947,3.4208411569112024e-05,crisis
2016-12-07,Visionario,0.865,0.865,0.38171145231510784,0.07769339750896348,-0.007927865635254938,0.0012240798618302618,normal
2017-01-05,Visionario,0.865,0.865,0.37505419656081895,0.061096127147797004,-0.009119895300581882,0.0012615005198931939,normal
2017-02-03,Visionario,0.865,0.865,0.4039559886230223,0.11081526496351225,-0.030183834072426308,-0.0005317224133065719,normal
2017-03-06,Visionario,0.865,0.865,0.3784683858497293,0.06793654671336151,-0.008026327658328225,0.0014337131659526018,normal
2017-04-04,Visionario,0.865,0.865,0.41176212022773845,0.04999406336565731,-0.012100890575779455,0.00031332197666022164,normal
2017-05-03,Visionario,0.865,0.865,0.30177045008382847,0.06651471853061311,-0.006258304522758884,0.003082085207167321,calma
2017-06-01,Visionario,0.865,0.865,0.26622229445138507,0.07960098100226702,-0.02356995411459606,-0.0009422521124277613,calma
2017-06-30,Visionario,0.865,0.865,0.3483590266336658,0.05704598386550567,-0.0052654810580407,0.001724774327554254,calma
2017-07-31,Visionario,0.865,0.865,0.3109861217206533,0.07090533043381898,-0.016232019943699494,-0.00041087053645433037,calma
2017-08-29,Visionario,0.865,0.865,0.44034172666967636,0.06638263806572245,-0.013464726676274075,0.0014312777648517964,normal
2017-09-27,Visionario,0.865,0.865,0.27835383380723416,0.06242027724780103,-0.009558199841696813,0.0007962406011897465,calma
2017-10-26,Visionario,0.865,0.865,0.39365389720485877,0.09963801954991361,-0.02232269652247576,-0.0009420545716062797,normal
2017-11-24,Visionario,0.865,0.865,0.23787088862288802,0.04674643074800163,-0.004071755815625799,0.0015413187078557593,calma
2017-12-25,Visionario,0.865,0.865,0.40979988490328034,0.053292191099365095,-0.010860960651826734,0.0007353573128060553,normal
2018-01-23,Visionario,0.865,0.865,0.6261722726681218,0.2175378163748059,-0.07985662777049363,-0.0004951492325005454,estres
2018-02-21,Visionario,0.865,0.865,0.6383712152045855,0.11501766566036832,-0.04170629469221787,-0.00017508661082630948,estres
2018-03-22,Visionario,0.865,0.865,0.9299587012398582,0.12049747582452552,-0.01775034522427721,0.002772752378501136,crisis
2018-04-20,Visionario,0.865,0.865,0.7740427430015788,0.12416653646632211,-0.020809631848747734,8.11928977944865e-05,crisis
2018-05-21,Visionario,0.865,0.865,0.5872334932347624,0.1171116879869035,-0.023657277880297922,-0.00031921874029430304,estres
2018-06-19,Visionario,0.865,0.865,0.4823083995889733,0.08686254304618239,-0.032144593494547014,-0.0010101747273729106,normal
2018-07-18,Visionario,0.865,0.865,0.4240453795938083,0.09231945573762466,-0.020316267953366718,-0.0003576459316686808,normal
2018-08-16,Visionario,0.865,0.865,0.41202304448774396,0.13791611456316158,-0.019102274359468985,0.0026236693062011494,normal
2018-09-14,Visionario,0.865,0.865,0.3575298021666028,0.11067550535171028,-0.024997241437794693,-0.00033915710061344686,normal
2018-10-15,Visionario,0.865,0.865,0.691807039698189,0.18863532186536833,-0.10120708050211791,-0.004554532313737951,estres
2018-11-13,Visionario,0.865,0.865,0.7480523010796645,0.16984574272934277,-0.06908267095198095,-0.0029064727569307175,estres
2018-12-12,Visionario,0.865,0.865,0.7517027238666126,0.17676095844760448,-0.04889575556085857,0.00028694205499305025,crisis
2019-01-10,Visionario,0.865,0.865,0.756646405431016,0.10151694608577391,-0.014251519406921043,0.0034213317617514433,crisis
2019-02-08,Visionario,0.865,0.865,0.39190882506052316,0.09379822306503323,-0.012619954887950424,0.002651837304348421,normal
2019-03-11,Visionario,0.865,0.865,0.47540519091823713,0.1266462689255326,-0.0258763194214523,0.0027037125051180963,normal
2019-04-09,Visionario,0.865,0.865,0.34789412619734966,0.09733345919481744,-0.015116446750649715,-0.00014329171789634971,calma
2019-05-08,Visionario,0.865,0.865,0.6046751088846531,0.08254185092983254,-0.032248197502828035,-0.0013882773579581786,estres
2019-06-06,Visionario,0.865,0.865,0.4794666784826319,0.11683584543495867,-0.02223955547532197,0.003273772015781585,normal
2019-07-05,Visionario,0.865,0.865,0.47697998878847475,0.15594165710861335,-0.06625472735176774,-0.0012568955727695695,normal
2019-08-05,Visionario,0.865,0.865,0.8746966645671574,0.1529148060099302,-0.0197530841816278,0.002092980593038123,crisis
2019-09-03,Visionario,0.865,0.865,0.7229866423871434,0.11744117726172494,-0.027118095589163338,0.0008893195260905072,estres
2019-10-02,Visionario,0.865,0.865,0.5460536105085617,0.09215803070007927,-0.016736182453663928,0.0016677033461514447,normal
2019-10-31,Visionario,0.865,0.865,0.3020378804991728,0.1169434938720845,-0.04443270727093729,-0.0006087257678058208,calma
2019-11-29,Visionario,0.865,0.865,0.3399686744601004,0.056901863033791335,-0.00818466010756802,0.0008718213935790379,calma
2019-12-30,Visionario,0.865,0.865,0.4488523080421276,0.08637314241239526,-0.015243551575962133,0.0013219925452902462,normal
2020-01-28,Visionario,0.865,0.865,0.5699221663939134,0.109646101395286,-0.019392583580053357,0.0008787373995194759,estres
2020-02-26,Visionario,0.865,0.865,0.7690982730241946,0.5455458309782508,-0.27355317047691063,-0.011471165554546433,crisis
2020-03-26,Visionario,0.865,0.865,0.7534362731265496,0.23783978195317484,-0.043437132270680134,0.002632364874034592,crisis
2020-04-24,Visionario,0.865,0.865,0.8206245055696999,0.14799921221672394,-0.07057096392601103,-0.003041716077874309,crisis
2020-05-25,Visionario,0.865,0.865,0.7355930488250265,0.19225043110810544,-0.056135418517948454,0.0007111828725286038,estres
2020-06-23,Visionario,0.865,0.865,0.6499016494535129,0.07676581379730271,-0.0045709402723441706,0.002640618926212262,estres
2020-07-22,Visionario,0.865,0.865,0.624292451454395,0.16756440026281183,-0.04620881761600293,-0.00018798372876368763,estres
2020-08-20,Visionario,0.865,0.865,0.5884698454256521,0.14806420077179738,-0.027901344533165395,0.00413271625909454,estres
2020-09-18,Visionario,0.865,0.865,0.5126352765985653,0.0833402822545379,-0.017041778603706925,-0.00034707988917666977,normal
2020-10-19,Visionario,0.865,0.865,0.565040232998922,0.1634301928142208,-0.038790630128453296,0.0008303625830847404,estres
2020-11-17,Visionario,0.865,0.865,0.4663743193161573,0.19840928458729176,-0.02446528885715671,0.004734677516707549,normal
2020-12-16,Visionario,0.865,0.865,0.4377381879409884,0.142388756044696,-0.02962064700936795,0.0022702504195037977,normal
2021-01-14,Visionario,0.865,0.865,0.3625702943493905,0.18915337197926846,-0.10069649071938036,-0.002780469337930607,normal
2021-02-12,Visionario,0.865,0.865,0.23266379857403796,0.13011428807710743,-0.03312623368047818,-0.0014037814490259197,calma
2021-03-15,Visionario,0.865,0.865,0.19854427643681333,0.126758667303379,-0.04034123573433779,-0.00033393010785456184,calma
2021-04-13,Visionario,0.865,0.865,0.13361713961319632,0.16074436583968277,-0.05577747585040149,9.554186079334078e-05,calma
2021-05-12,Visionario,0.865,0.865,0.46012320473387774,0.23549434954214707,-0.10247390065278439,-0.0020894174300347796,normal
2021-06-10,Visionario,0.865,0.865,0.19032035491748728,0.10902618651266965,-0.012923132794019465,0.0012742379152643059,calma
2021-07-09,Visionario,0.865,0.865,0.2495792324027917,0.0920211748909415,-0.044982934077554826,-0.0015534527053832254,calma
2021-08-09,Visionario,0.865,0.865,0.28708989537621565,0.12700603670364174,-0.01399165128133839,0.0029360928976750154,calma
2021-09-07,Visionario,0.865,0.865,0.33170264342906275,0.07907270014973813,-0.0181899157165879,0.0014351039046146578,calma
2021-10-06,Visionario,0.865,0.865,0.4101598589771127,0.10738102678423793,-0.017255728997438657,0.0010907217379122573,normal
2021-11-04,Visionario,0.865,0.865,0.31279487636469083,0.15842539421406956,-0.05397499912091619,-0.0007562019463834478,calma
2021-12-03,Visionario,0.865,0.865,0.8232349845601239,0.14138916294913953,-0.03340299316222206,0.0005046264909805609,crisis
2022-01-03,Visionario,0.865,0.865,0.4863538288481172,0.3627300745135975,-0.03225050382243899,0.005212315422570304,normal
2022-02-01,Visionario,0.865,0.865,0.5686231534626255,0.06891362855754511,-0.026252113893462048,-0.0011115065875566636,estres
2022-03-02,Visionario,0.865,0.865,0.9476050660000621,0.0541374659706559,-0.01092672417489371,0.00010927275760201099,crisis
2022-03-31,Visionario,0.865,0.865,0.6674859178708055,0.08901941464028192,-0.025659946501973896,0.0005457799067197763,estres
2022-04-29,Visionario,0.865,0.865,0.7807198698483045,0.14978160297847892,-0.07564581413283888,-0.002497536251399314,crisis
2022-05-30,Visionario,0.865,0.865,0.638337540885926,0.4446306242231896,-0.17060310673858148,-0.0007997730028359593,estres
2022-06-28,Visionario,0.865,0.865,0.6001022129017732,0.21433058700189406,-0.08549230026362609,-0.0024637578542553453,estres
2022-07-27,Visionario,0.865,0.865,0.6357253716333191,0.10786580747093301,-0.05192437081517465,-0.002018436162721741,estres
2022-08-25,Visionario,0.865,0.865,0.4777248009315086,0.20494942570102692,-0.06160582953352167,-0.001281479149234539,normal
2022-09-23,Visionario,0.865,0.865,0.7333379968157387,0.21393614520415494,-0.036733893588514754,0.0006286521145841782,estres
2022-10-24,Visionario,0.865,0.865,0.6988526860051949,0.23964996865087454,-0.07174909967784182,-0.003069216500506291,estres
2022-11-22,Visionario,0.865,0.865,0.4046959122754408,0.17741081045897242,-0.04882750878219899,0.00030520530969413445,normal
2022-12-21,Visionario,0.865,0.865,0.18577880400616467,0.1314364405951629,-0.017634624099430396,0.002366399728480116,calma
2023-01-19,Visionario,0.865,0.865,0.21553563302032758,0.14110938288444091,-0.07172706809394214,-0.003688431850741222,calma
2023-02-17,Visionario,0.865,0.865,0.19104329161419728,0.2563890367584006,-0.04796109121204939,-0.002081989804104597,calma
2023-03-20,Visionario,0.865,0.865,0.44220461483095314,0.2035144592521347,-0.01637863087669278,0.005127682431652065,normal
2023-04-18,Visionario,0.865,0.865,0.2506578505719949,0.16224759773879008,-0.04538433214228432,-0.0014515941695146517,calma
2023-05-17,Visionario,0.865,0.865,0.31584728397011586,0.10440663358915493,-0.031158461093142464,-1.3599178124551557e-05,calma
2023-06-15,Visionario,0.865,0.865,0.2142258376582756,0.19307294423570448,-0.038053047480185564,-0.0008112217849208583,calma
2023-07-14,Visionario,0.865,0.865,0.23298141292921326,0.07030012785106858,-0.01922769728664353,-0.0003901121730513509,calma
2023-08-14,Visionario,0.865,0.865,0.1623642159384539,0.16102719942595745,-0.06849884502435977,-0.0019766089741432994,calma
2023-09-12,Visionario,0.865,0.865,0.23150778583457865,0.2271621877054443,-0.028201055233666117,0.004670617240371199,calma
2023-10-11,Visionario,0.865,0.865,0.29932619493650237,0.13927543471386145,-0.04322467582008904,0.00048579749407859585,calma
2023-11-09,Visionario,0.865,0.865,0.35457748557524754,0.13808157634063187,-0.017329629989901396,0.004346414405667631,normal
2023-12-08,Visionario,0.865,0.865,0.2032250756949126,0.15713965860331774,-0.013165578561626257,0.007886327990920854,calma
2024-01-08,Visionario,0.865,0.865,0.3258538482238784,0.1338339992136749,-0.02552050454747523,0.0028172235016700378,calma
2024-02-06,Visionario,0.865,0.865,0.2226127472962112,0.20268777307495656,-0.023227090229030578,0.004128520212189434,calma
2024-03-06,Visionario,0.865,0.865,0.3375579652151717,0.146254877780158,-0.029712963570665885,0.0036329036463495852,calma
2024-04-04,Visionario,0.865,0.865,0.5516527481040766,0.35305850514625836,-0.09400736230085671,-0.0007622482370141624,estres
2024-05-06,Visionario,0.865,0.865,0.37232915171121383,0.20219213633450586,-0.030560076831223526,0.004579659091547108,normal
2024-06-06,Visionario,0.865,0.865,0.3453940110069984,0.14221964869259784,-0.018704194860319157,0.0019227702799705,calma
2024-07-09,Visionario,0.865,0.865,0.3686515193384178,0.1754599685264431,-0.05668620453692119,-0.002753144435043423,normal
2024-08-07,Visionario,0.865,0.865,0.8475391371484766,0.20856684865383865,-0.02442644812824113,0.0027585156685502746,crisis
2024-09-06,Visionario,0.865,0.865,0.7948935781269026,0.07107635028844946,-0.011971969503456914,0.0003058799353492259,crisis
2024-10-07,Visionario,0.865,0.865,0.6427672648540266,0.07007439494572867,-0.006992833691144784,0.0015789533524373576,estres
2024-11-07,Visionario,0.865,0.865,0.6958395203923546,0.09948778658652188,-0.019923382158906988,0.0009262561813297931,estres
2024-12-09,Visionario,0.865,0.865,0.6233127893792199,0.08453323793508938,-0.01147058726521799,0.001994920429873929,estres
