date,profile,base_orness,eff_orness,stress,vol,maxdd,mean_ret,regime
2015-12-21,Guardián,0.158,0.14243341044609584,0.48193775708681647,0.18611799752029007,-0.054667618741053636,-0.001646104079618055,normal
2016-01-19,Guardián,0.158,0.1318804186794858,0.8086557684369717,0.07548891322308386,-0.012734249240321849,0.001573649986050104,crisis
2016-02-17,Guardián,0.158,0.136021958480864,0.680434721954674,0.08229962546110303,-0.005235375213770155,0.003146630380690811,estres
2016-03-17,Guardián,0.158,0.1461780328419225,0.366005175172678,0.16099095190296533,-0.019591082220226763,0.0022108609744407605,normal
2016-04-15,Guardián,0.158,0.15050889076791574,0.23192288644223688,0.11379977451254651,-0.03655757079479405,0.0007286259115197964,calma
2016-05-16,Guardián,0.158,0.14922595892469712,0.2716421385542689,0.0894551872598436,-0.035780846150289425,-0.001303785684273195,calma
2016-06-14,Guardián,0.158,0.13357858332419792,0.7560810116347392,0.05903270634220328,-0.012278852363144188,0.000336009586638718,crisis
2016-07-13,Guardián,0.158,0.14499677812510625,0.4025765286344811,0.05227070655074921,-0.013966467319866394,8.185750859322043e-05,normal
2016-08-11,Guardián,0.158,0.15034844956735832,0.23689010627373613,0.07014109717042456,-0.007165798997648798,0.0019938431738149446,calma
2016-09-09,Guardián,0.158,0.14479174900265204,0.40892417948445703,0.11263992371689927,-0.0204516254251228,-0.0009861751062308567,normal
2016-10-10,Guardián,0.158,0.14875238951878492,0.28630373006857845,0.06826796300661644,-0.01672075868724754,-0.0004960437525850993,calma
2016-11-08,Guardián,0.158,0.13366903742523129,0.7532805750702393,0.1197228510789998,-0.04505995469474944,-7.461247528903678e-05,crisis
2016-12-07,Guardián,0.158,0.14567072009022203,0.38171145231510784,0.09146177794095778,-0.010346277132251003,0.0014300721667541377,normal
2017-01-05,Guardián,0.158,0.14588574945108554,0.37505419656081895,0.0770584809991051,-0.014260466483014156,0.0005282796501162183,normal
2017-02-03,Guardián,0.158,0.1449522215674764,0.4039559886230223,0.11495863065379883,-0.03267713440957598,-0.0009359545363485277,normal
2017-03-06,Guardián,0.158,0.14577547113705375,0.3784683858497293,0.07318353759942729,-0.012087811830646222,0.0006268278605371981,normal
2017-04-04,Guardián,0.158,0.14470008351664404,0.41176212022773845,0.04120290839923342,-0.008715578985139416,0.00042449400390753297,normal
2017-05-03,Guardián,0.158,0.14825281446229233,0.30177045008382847,0.08749322417138088,-0.016358898268299615,0.0011131137078432309,calma
2017-06-01,Guardián,0.158,0.14940101988922028,0.26622229445138507,0.06342670112203345,-0.01807224624599857,0.00046985786997905024,calma
2017-06-30,Guardián,0.158,0.1467480034397326,0.3483590266336658,0.05646873671869512,-0.01205425609114319,0.001661037853852677,calma
2017-07-31,Guardián,0.158,0.1479551482684229,0.3109861217206533,0.0827482358411916,-0.023873261723847183,-6.519657551226414e-05,calma
2017-08-29,Guardián,0.158,0.14377696222856945,0.44034172666967636,0.05970427142740935,-0.019877880118264746,4.553942178853941e-05,normal
2017-09-27,Guardián,0.158,0.14900917116802634,0.27835383380723416,0.05350618808360827,-0.015607009817691364,-0.00021832215381362494,calma
2017-10-26,Guardián,0.158,0.14528497912028307,0.39365389720485877,0.0846555432450296,-0.020973073867727732,-0.0008587042827781329,normal
2017-11-24,Guardián,0.158,0.15031677029748072,0.23787088862288802,0.04577766579138721,-0.004497529297436742,0.001406622637084928,calma
2017-12-25,Guardián,0.158,0.14476346371762405,0.40979988490328034,0.06633180205541025,-0.015508868598228642,0.00031284889555855484,normal
2018-01-23,Guardián,0.158,0.13777463559281966,0.6261722726681218,0.33619388327009764,-0.03970205506063418,0.003643950082992119,estres
2018-02-21,Guardián,0.158,0.13738060974889188,0.6383712152045855,0.06607646062254152,-0.04346622641017095,-0.0019830641875714827,estres
2018-03-22,Guardián,0.158,0.12796233394995257,0.9299587012398582,0.07143153917036979,-0.013404979958739238,0.0012397321947210313,crisis
2018-04-20,Guardián,0.158,0.132998419401049,0.7740427430015788,0.06012723928339294,-0.025404119041547935,-0.0011209618963502835,crisis
2018-05-21,Guardián,0.158,0.13903235816851717,0.5872334932347624,0.06475036600375429,-0.013551228231831192,0.0009925062475027368,estres
2018-06-19,Guardián,0.158,0.14242143869327617,0.4823083995889733,0.08780975267574663,-0.03930600880938018,-0.0012996987696347368,normal
2018-07-18,Guardián,0.158,0.14430333423911998,0.4240453795938083,0.1109584654434082,-0.04214559412358165,-0.0009822046772017593,normal
2018-08-16,Guardián,0.158,0.14469165566304587,0.41202304448774396,0.066643275518348,-0.02946149544209964,-0.0010343217907955412,normal
2018-09-14,Guardián,0.158,0.14645178739001874,0.3575298021666028,0.10499441597302477,-0.018085045298636637,-0.00168542101993145,normal
2018-10-15,Guardián,0.158,0.1356546326177485,0.691807039698189,0.15513985506840972,-0.04857928135556355,-0.001326425389147949,estres
2018-11-13,Guardián,0.158,0.13383791067512685,0.7480523010796645,0.18844073830623684,-0.08866958491504795,-0.003832849202142581,estres
2018-12-12,Guardián,0.158,0.1337200020191084,0.7517027238666126,0.2198891964058921,-0.05004574705502274,0.000564624415183177,crisis
2019-01-10,Guardián,0.158,0.1335603211045782,0.756646405431016,0.12033049743191657,-0.012549674856967452,0.0036153534074411043,crisis
2019-02-08,Guardián,0.158,0.1453413449505451,0.39190882506052316,0.12117834149446828,-0.0177234430370532,0.003068878359277371,normal
2019-03-11,Guardián,0.158,0.14264441233334094,0.47540519091823713,0.13803378437562164,-0.022051050760318436,0.002130309171611555,normal
2019-04-09,Guardián,0.158,0.1467630197238256,0.34789412619734966,0.08140656094798387,-0.02138184034031243,-2.067252388996045e-05,calma
2019-05-08,Guardián,0.158,0.1384689939830257,0.6046751088846531,0.1010223346829848,-0.03745616661453233,-0.002613102399817536,estres
2019-06-06,Guardián,0.158,0.14251322628501098,0.4794666784826319,0.07482466036225889,-0.005399886066396076,0.003152501861951747,normal
2019-07-05,Guardián,0.158,0.14259354636213226,0.47697998878847475,0.1362165659069595,-0.054814735278785,-0.0006183765418489107,normal
2019-08-05,Guardián,0.158,0.12974729773448082,0.8746966645671574,0.14136094920059444,-0.02354756584562001,0.0016176131749992709,crisis
2019-09-03,Guardián,0.158,0.13464753145089528,0.7229866423871434,0.08248723579880964,-0.005232241706690566,0.0016401111484934579,estres
2019-10-02,Guardián,0.158,0.14036246838057345,0.5460536105085617,0.10401285590230526,-0.016794051930523968,0.0022514778231881106,normal
2019-10-31,Guardián,0.158,0.14824417645987673,0.3020378804991728,0.08652910969877747,-0.03743288240963838,-0.0008397899415227921,calma
2019-11-29,Guardián,0.158,0.14701901181493876,0.3399686744601004,0.08535970709557116,-0.011772384885847198,0.0011080032249620561,calma
2019-12-30,Guardián,0.158,0.14350207045023927,0.4488523080421276,0.10139623002631971,-0.01097558291602585,0.0008486915553163068,normal
2020-01-28,Guardián,0.158,0.1395915140254766,0.5699221663939134,0.09043226426722435,-0.01804892723251883,0.0007298767039641522,estres
2020-02-26,Guardián,0.158,0.13315812578131853,0.7690982730241946,0.7623786039350126,-0.33849641876782266,-0.013878017425485585,crisis
2020-03-26,Guardián,0.158,0.13366400837801246,0.7534362731265496,0.34039553701804626,-0.05646572612151168,0.0026446250798797893,crisis
2020-04-24,Guardián,0.158,0.1314938284700987,0.8206245055696999,0.16785708259166193,-0.07414959277268995,-0.0029694773452867617,crisis
2020-05-25,Guardián,0.158,0.13424034452295164,0.7355930488250265,0.22213584383998172,-0.04739952086320098,0.0030559512488634276,estres
2020-06-23,Guardián,0.158,0.13700817672265153,0.6499016494535129,0.09578460127118107,-0.008210016344456728,0.0025927613448379597,estres
2020-07-22,Guardián,0.158,0.13783535381802303,0.624292451454395,0.18246667151475207,-0.05390537240452853,6.361988141335009e-05,estres
2020-08-20,Guardián,0.158,0.13899242399275144,0.5884698454256521,0.15288981092733342,-0.03982700777209158,0.0015631973246528618,estres
2020-09-18,Guardián,0.158,0.14144188056586635,0.5126352765985653,0.10396528175264833,-0.028386934933025354,5.061808462850423e-05,normal
2020-10-19,Guardián,0.158,0.1397492004741348,0.565040232998922,0.18939231579225033,-0.04619824006452822,0.00093287680461971,estres
2020-11-17,Guardián,0.158,0.14293610948608812,0.4663743193161573,0.14387920489583153,-0.022629221618378548,0.004689260052023508,normal
2020-12-16,Guardián,0.158,0.14386105652950607,0.4377381879409884,0.0959097328674882,-0.015589667174377264,0.00032474111249944024,normal
2021-01-14,Guardián,0.158,0.14628897949251468,0.3625702943493905,0.06155056642111412,-0.017071935323715204,0.0007766802906195713,normal
2021-02-12,Guardián,0.158,0.15048495930605857,0.23266379857403796,0.06954836649452949,-0.029404859450851695,-0.0006911224018317366,calma
2021-03-15,Guardián,0.158,0.15158701987109094,0.19854427643681333,0.09009886997132265,-0.02564119516977037,-0.0004382442513280665,calma
2021-04-13,Guardián,0.158,0.15368416639049376,0.13361713961319632,0.19389229221747778,-0.054993411372572076,0.00039375536271920035,calma
2021-05-12,Guardián,0.158,0.14313802048709576,0.46012320473387774,0.19728922500507243,-0.09604237206431543,-0.0019007295728724668,normal
2021-06-10,Guardián,0.158,0.15185265253616517,0.19032035491748728,0.09729351442800667,-0.01935373936840168,0.000342341924222481,calma
2021-07-09,Guardián,0.158,0.14993859079338984,0.2495792324027917,0.0968642867521277,-0.048815975825818536,-0.001938263610488153,calma
2021-08-09,Guardián,0.158,0.14872699637934825,0.28708989537621565,0.14287086825207496,-0.011514810867267133,0.0032688943775928767,calma
2021-09-07,Guardián,0.158,0.14728600461724128,0.33170264342906275,0.08165179108259807,-0.018033568063377636,0.0009279055029694256,calma
2021-10-06,Guardián,0.158,0.14475183655503926,0.4101598589771127,0.10043925986010305,-0.012385447090486057,0.001227036034309816,normal
2021-11-04,Guardián,0.158,0.14789672549342048,0.31279487636469083,0.12103454462308033,-0.049222529835185824,-0.0011033052268098324,calma
2021-12-03,Guardián,0.158,0.13140950999870799,0.8232349845601239,0.1344266651912215,-0.024163811704410176,0.0007848378743457291,crisis
2022-01-03,Guardián,0.158,0.1422907713282058,0.4863538288481172,0.2652623665444306,-0.018167620930834016,0.0033114904884903418,normal
2022-02-01,Guardián,0.158,0.1396334721431572,0.5686231534626255,0.09333169123984152,-0.028874895594425576,-0.0017291393151549327,estres
2022-03-02,Guardián,0.158,0.12739235636819798,0.9476050660000621,0.22960755199137142,-0.0717969732370366,-0.003288925876822572,crisis
2022-03-31,Guardián,0.158,0.13644020485277297,0.6674859178708055,0.07652536509730508,-0.03056738271289905,-0.0005697481700941366,estres
2022-04-29,Guardián,0.158,0.13278274820389976,0.7807198698483045,0.1111153536903147,-0.05322642894349716,-0.002755224996764602,crisis
2022-05-30,Guardián,0.158,0.13738169742938458,0.638337540885926,0.32475085496674216,-0.1310194802240916,-0.0026548160035968966,estres
2022-06-28,Guardián,0.158,0.1386166985232727,0.6001022129017732,0.23333255696453853,-0.07469019507048824,-0.0018547027147528456,estres
2022-07-27,Guardián,0.158,0.1374660704962438,0.6357253716333191,0.15744714448824187,-0.058219468614222,-0.0026337327262414964,estres
2022-08-25,Guardián,0.158,0.14256948892991228,0.4777248009315086,0.16813902492136693,-0.08218554927524513,-0.003806020832211756,normal
2022-09-23,Guardián,0.158,0.13431318270285164,0.7333379968157387,0.19826103096726572,-0.08666337483605135,-0.002786403840107459,estres
2022-10-24,Guardián,0.158,0.13542705824203222,0.6988526860051949,0.21409129383687805,-0.020013311463888628,0.002974064966664491,estres
2022-11-22,Guardián,0.158,0.14492832203350325,0.4046959122754408,0.13198344954003224,-0.07573220971583816,-0.002977522606141928,normal
2022-12-21,Guardián,0.158,0.15199934463060089,0.18577880400616467,0.1089329697709039,-0.007578879427980967,0.003914641649406839,calma
2023-01-19,Guardián,0.158,0.15103819905344343,0.21553563302032758,0.13222400032754178,-0.1490193744365128,-0.0075905899634044,calma
2023-02-17,Guardián,0.158,0.15182930168086142,0.19104329161419728,0.24248052009397542,-0.03280886623151236,0.0013112295344048191,calma
2023-03-20,Guardián,0.158,0.1437167909409602,0.44220461483095314,0.11157185763600622,-0.0036400733459790446,0.004669224477289638,normal
2023-04-18,Guardián,0.158,0.14990375142652457,0.2506578505719949,0.12343869047235005,-0.06617096972974446,-0.003342797738803454,calma
2023-05-17,Guardián,0.158,0.14779813272776526,0.31584728397011586,0.15373377730906043,-0.023637612907532746,0.0023503174438623525,calma
2023-06-15,Guardián,0.158,0.15108050544363769,0.2142258376582756,0.20221997372512154,-0.026427920442662733,-0.001208030710611559,calma
2023-07-14,Guardián,0.158,0.15047470036238642,0.23298141292921326,0.08913330279299515,-0.023884367404892304,-0.0003192787968353197,calma
2023-08-14,Guardián,0.158,0.15275563582518795,0.1623642159384539,0.29304451154165156,-0.09795279314608962,-0.0016761842728326988,calma
2023-09-12,Guardián,0.158,0.15052229851754312,0.23150778583457865,0.2065168654899544,-0.03668535440485288,0.004466772392282277,calma
2023-10-11,Guardián,0.158,0.14833176390355096,0.29932619493650237,0.09238173179429185,-0.0492587783330426,-0.0010002976545334355,calma
2023-11-09,Guardián,0.158,0.1465471472159195,0.35457748557524754,0.10443592986715476,-0.021577616728871263,0.0018543789707425084,normal
2023-12-08,Guardián,0.158,0.15143583005505432,0.2032250756949126,0.17461336471608288,-0.01364566288269986,0.009240257675914933,calma
2024-01-08,Guardián,0.158,0.14747492070236873,0.3258538482238784,0.1207301121963761,-0.023365672206784094,0.0021667179687519947,calma
2024-02-06,Guardián,0.158,0.1508096082623324,0.2226127472962112,0.17281595905024866,-0.03658170105907077,0.0032092013584611935,calma
2024-03-06,Guardián,0.158,0.14709687772354996,0.3375579652151717,0.21814140995365636,-0.07886123197782013,0.0013176466156151175,calma
2024-04-04,Guardián,0.158,0.14018161623623832,0.5516527481040766,0.21495456290052783,-0.054277092785762204,0.000642316532191911,estres
2024-05-06,Guardián,0.158,0.14597376839972778,0.37232915171121383,0.1386334850201227,-0.03499356970845868,0.0021477964563214147,normal
2024-06-06,Guardián,0.158,0.14684377344447394,0.3453940110069984,0.09250233095714647,-0.0326365819115354,-0.0006805925266520834,calma
2024-07-09,Guardián,0.158,0.1460925559253691,0.3686515193384178,0.09999981423233796,-0.05274639688378191,-0.001780570355064789,normal
2024-08-07,Guardián,0.158,0.1306244858701042,0.8475391371484766,0.11445760185852781,-0.020035018023222273,0.002147230330984292,crisis
2024-09-06,Guardián,0.158,0.13232493742650103,0.7948935781269026,0.0596201593080059,-0.010627602266879532,-0.0004583485394365983,crisis
2024-10-07,Guardián,0.158,0.13723861734521495,0.6427672648540266,0.1118911742963038,-0.023205764679657626,0.0022960340707392883,estres
2024-11-07,Guardián,0.158,0.13552438349132695,0.6958395203923546,0.09197715299772023,-0.011978641523789801,0.0008800951296237873,estres
2024-12-09,Guardián,0.158,0.1378669969030512,0.6233127893792199,0.08581385716658987,-0.010536396198780218,0.0013243647734676462,estres
2015-12-21,Centinela,0.257,0.20087834818724024,0.48193775708681647,0.17803467406356788,-0.05191946545193615,-0.0015645966510300356,normal
2016-01-19,Centinela,0.257,0.16283203576551464,0.8086557684369717,0.0745964703735343,-0.012866373892107319,0.0013639315487737566,crisis
2016-02-17,Centinela,0.257,0.1777633766283782,0.680434721954674,0.08099924222647077,-0.00534860110756985,0.0031573664830094163,estres
2016-03-17,Centinela,0.257,0.21437869735114165,0.366005175172678,0.155111953546116,-0.019589540549535878,0.002080695137593827,normal
2016-04-15,Centinela,0.257,0.2299925798738015,0.23192288644223688,0.10630464408572235,-0.032598104911727765,0.0007975268744717769,calma
2016-05-16,Centinela,0.257,0.2253672729653554,0.2716421385542689,0.0838559262518734,-0.03252073544370859,-0.0012831070040688574,calma
2016-06-14,Centinela,0.257,0.16895436619513463,0.7560810116347392,0.057392285518998276,-0.012001143065299313,0.00032568439360168187,crisis
2016-07-13,Centinela,0.257,0.21011996324051468,0.4025765286344811,0.04817886157542268,-0.011600782718078517,0.0001494041742406298,normal
2016-08-11,Centinela,0.257,0.22941414712442343,0.23689010627373613,0.0683549067351771,-0.006601156575521072,0.0020386492704693175,calma
2016-09-09,Centinela,0.257,0.20938077929903498,0.40892417948445703,0.10811157725802199,-0.019176857736662334,-0.0009254230574240087,normal
2016-10-10,Centinela,0.257,0.22365993063351405,0.28630373006857845,0.06385416503285181,-0.01516150088798729,-0.000500678126355209,calma
2016-11-08,Centinela,0.257,0.16928047703307064,0.7532805750702393,0.11935978275468108,-0.044847647827999104,-8.088440933405684e-05,crisis
2016-12-07,Centinela,0.257,0.2125497013779057,0.38171145231510784,0.09144817249315844,-0.010455024285826564,0.0013472473773018935,normal
2017-01-05,Centinela,0.257,0.21332493881049264,0.37505419656081895,0.07761235696311558,-0.014586352865697871,0.00048246832136834855,normal
2017-02-03,Centinela,0.257,0.20995932512484905,0.4039559886230223,0.11924546713083525,-0.03291954188982904,-0.0009301110456641814,normal
2017-03-06,Centinela,0.257,0.21292735646779903,0.3784683858497293,0.07332970106996017,-0.012024956133294351,0.0006177737141680218,normal
2017-04-04,Centinela,0.257,0.20905030109947986,0.41176212022773845,0.039667076883176264,-0.009185038858269934,0.0004193103786903467,normal
2017-05-03,Centinela,0.257,0.22185883108773818,0.30177045008382847,0.0903477951044445,-0.016635967446339328,0.0011321463903839588,calma
2017-06-01,Centinela,0.257,0.22599841381113622,0.26622229445138507,0.06415607118056815,-0.018549096468044923,0.0005640332404190409,calma
2017-06-30,Centinela,0.257,0.21643359134850962,0.3483590266336658,0.060733104343358886,-0.011766738067963689,0.0017566733702269915,calma
2017-07-31,Centinela,0.257,0.22078566612562991,0.3109861217206533,0.08293896599265468,-0.023976096485848974,-4.043322332057557e-05,calma
2017-08-29,Centinela,0.257,0.2057222059293162,0.44034172666967636,0.0599569963931817,-0.01797056303453526,0.00018179423685991074,normal
2017-09-27,Centinela,0.257,0.2245856960531476,0.27835383380723416,0.051691807066509665,-0.012254168930199594,5.566788579294096e-06,calma
2017-10-26,Centinela,0.257,0.2111590036704942,0.39365389720485877,0.08764180696048374,-0.020530253446379598,-0.0008494196083583277,normal
2017-11-24,Centinela,0.257,0.2292999350198647,0.23787088862288802,0.04315550827850412,-0.004512837046700469,0.0013140759098793351,calma
2017-12-25,Centinela,0.257,0.209278803403013,0.40979988490328034,0.06809687824880763,-0.01642476406689808,0.00020948738605499942,normal
2018-01-23,Centinela,0.257,0.18408223884779723,0.6261722726681218,0.3182011295176655,-0.03986922174652252,0.0033556822821214096,estres
2018-02-21,Centinela,0.257,0.182661671989426,0.6383712152045855,0.0656870322713837,-0.04269207075210035,-0.0019451754319507778,estres
2018-03-22,Centinela,0.257,0.1487063092406185,0.9299587012398582,0.07099415776025357,-0.013313717970862338,0.001233764232924746,crisis
2018-04-20,Centinela,0.257,0.16686272257746615,0.7740427430015788,0.05956493780157196,-0.025228688292481816,-0.0011026576863554553,crisis
2018-05-21,Centinela,0.257,0.18861665971281194,0.5872334932347624,0.06370312872177214,-0.013038374146372989,0.001008791957000144,estres
2018-06-19,Centinela,0.257,0.20083518686786406,0.4823083995889733,0.0864516534180381,-0.03785558572982106,-0.0012282822279076461,normal
2018-07-18,Centinela,0.257,0.20761991554630102,0.4240453795938083,0.1052651496889584,-0.03997666367732089,-0.0009419404321759731,normal
2018-08-16,Centinela,0.257,0.2090199164694022,0.41202304448774396,0.06783601497773759,-0.029969117315617688,-0.001057891393040073,normal
2018-09-14,Centinela,0.257,0.21536565453769912,0.3575298021666028,0.1046835498288403,-0.01675077045930884,-0.0015905668580398953,normal
2018-10-15,Centinela,0.257,0.1764390702271459,0.691807039698189,0.15399785605629296,-0.04850096424967232,-0.001297482287392531,estres
2018-11-13,Centinela,0.257,0.16988930953927306,0.7480523010796645,0.18512325601623852,-0.08721905645285832,-0.003779259711728876,estres
2018-12-12,Centinela,0.257,0.16946421780573295,0.7517027238666126,0.23106211337204818,-0.050448332476140445,0.0006343452625056084,crisis
2019-01-10,Centinela,0.257,0.1688885260875582,0.756646405431016,0.11882315956847779,-0.012316473640696657,0.003706657070442318,crisis
2019-02-08,Centinela,0.257,0.21136221732170207,0.39190882506052316,0.12039704145748463,-0.01770339020113787,0.0031295908550785117,normal
2019-03-11,Centinela,0.257,0.2016390655175713,0.47540519091823713,0.1344140807906443,-0.02217256321374106,0.0021383258278394788,normal
2019-04-09,Centinela,0.257,0.21648772900431862,0.34789412619734966,0.08061487918629363,-0.021036778270657863,3.865873537324455e-05,calma
2019-05-08,Centinela,0.257,0.18658558357038216,0.6046751088846531,0.09989239406637716,-0.03698167339420577,-0.002550957267977772,estres
2019-06-06,Centinela,0.257,0.2011661052906975,0.4794666784826319,0.07333914522973298,-0.005152233895556857,0.0030934596942198953,normal
2019-07-05,Centinela,0.257,0.2014556803055821,0.47697998878847475,0.13395384910148148,-0.05408538460253032,-0.0006357806589395636,normal
2019-08-05,Centinela,0.257,0.15514157341115453,0.8746966645671574,0.14089839130833925,-0.023260112915770237,0.0016155034129424867,crisis
2019-09-03,Centinela,0.257,0.17280820549401715,0.7229866423871434,0.08398244029368,-0.0048660268846192345,0.001725636107675865,estres
2019-10-02,Centinela,0.257,0.193412057056278,0.5460536105085617,0.10307251450716681,-0.016502315755447583,0.0022445971969716817,normal
2019-10-31,Centinela,0.257,0.22182768881587134,0.3020378804991728,0.08566216754126238,-0.03565025004103073,-0.0006211355759993029,calma
2019-11-29,Centinela,0.257,0.21741064785912131,0.3399686744601004,0.08330712843208955,-0.011907407309005524,0.0010397906719801656,calma
2019-12-30,Centinela,0.257,0.20473114872849424,0.4488523080421276,0.09628343161607798,-0.01038995179218738,0.0009687278393025092,normal
2020-01-28,Centinela,0.257,0.1906325637234288,0.5699221663939134,0.09061453518151598,-0.018006010189013266,0.0008166324637736368,estres
2020-02-26,Centinela,0.257,0.16743850610633254,0.7690982730241946,0.754061731553248,-0.3351268447515692,-0.01378390173822214,crisis
2020-03-26,Centinela,0.257,0.1692623459944133,0.7534362731265496,0.33203496133507154,-0.05601636105911878,0.002539228006739543,crisis
2020-04-24,Centinela,0.257,0.16143827632640845,0.8206245055696999,0.16046542974301942,-0.07197722409506202,-0.002937102483400177,crisis
2020-05-25,Centinela,0.257,0.17134018946432567,0.7355930488250265,0.21976118485317075,-0.04767188034628911,0.002935303036783038,estres
2020-06-23,Centinela,0.257,0.18131895292113842,0.6499016494535129,0.09202919375692975,-0.006648083707049501,0.002591169855051667,estres
2020-07-22,Centinela,0.257,0.1843011440281357,0.624292451454395,0.18013647733791252,-0.05209090535358385,4.072007954814465e-05,estres
2020-08-20,Centinela,0.257,0.1884726865001828,0.5884698454256521,0.1457331640896192,-0.03514550860753829,0.0018731858679691719,estres
2020-09-18,Centinela,0.257,0.19730362204009708,0.5126352765985653,0.09625130857082372,-0.02629192678370207,5.422413378254646e-06,normal
2020-10-19,Centinela,0.257,0.19120106486727553,0.565040232998922,0.1792393120913602,-0.04475628540361798,0.0009222526111123671,estres
2020-11-17,Centinela,0.257,0.20269071051563348,0.4663743193161573,0.14292511202067526,-0.021467346849041835,0.004698778663403268,normal
2020-12-16,Centinela,0.257,0.2060253880142719,0.4377381879409884,0.09647730461588347,-0.015650496006994974,0.00041646923105666256,normal
2021-01-14,Centinela,0.257,0.2147786892230135,0.3625702943493905,0.06670704802942057,-0.019910724210329356,0.0007277853051796403,normal
2021-02-12,Centinela,0.257,0.22990630065605328,0.23266379857403796,0.06676800927311954,-0.029048930145982754,-0.0008475758137752811,calma
2021-03-15,Centinela,0.257,0.23387951900893308,0.19854427643681333,0.08865486576284144,-0.02530757576342768,-0.00041288180101987687,calma
2021-04-13,Centinela,0.257,0.2414402840920433,0.13361713961319632,0.1914279659330652,-0.05503008621277672,0.00041136707782336575,calma
2021-05-12,Centinela,0.257,0.20341865280873994,0.46012320473387774,0.203633137956787,-0.09716235596966427,-0.0018601259469852526,normal
2021-06-10,Centinela,0.257,0.2348371946698586,0.19032035491748728,0.09360959058874967,-0.0188725818027885,0.00035030530054968993,calma
2021-07-09,Centinela,0.257,0.2279364983866949,0.2495792324027917,0.0963460617416321,-0.04858058806772847,-0.0019202179050382634,calma
2021-08-09,Centinela,0.257,0.22356838168343968,0.28708989537621565,0.14451057472829826,-0.011932150560512889,0.0032531613430577316,calma
2021-09-07,Centinela,0.257,0.21837322717268565,0.33170264342906275,0.08183636560320816,-0.01830445810045722,0.0009382311118712574,calma
2021-10-06,Centinela,0.257,0.20923688442211524,0.4101598589771127,0.09978295663887515,-0.012899248006234987,0.001168946020239442,normal
2021-11-04,Centinela,0.257,0.22057503664733175,0.31279487636469083,0.12264743104288203,-0.04952568882258668,-0.0011043143797765647,calma
2021-12-03,Centinela,0.257,0.16113428604797359,0.8232349845601239,0.13351697718827416,-0.02322987513348662,0.0008975903426850432,crisis
2022-01-03,Centinela,0.257,0.20036409663063676,0.4863538288481172,0.26391209597953036,-0.017951102956620724,0.0033831530335303502,normal
2022-02-01,Centinela,0.257,0.19078383377927727,0.5686231534626255,0.09556930312038765,-0.02951730035494482,-0.0017530628781611348,estres
2022-03-02,Centinela,0.257,0.14665139006429276,0.9476050660000621,0.2315800486299197,-0.0724888914941918,-0.003307508982473765,crisis
2022-03-31,Centinela,0.257,0.1792712648639447,0.6674859178708055,0.0796822414822652,-0.032793048344150755,-0.0006890267901951575,estres
2022-04-29,Centinela,0.257,0.16608517115616495,0.7807198698483045,0.11164429128690104,-0.051499228087377724,-0.002677388389419081,crisis
2022-05-30,Centinela,0.257,0.18266559336383392,0.638337540885926,0.3232820111725056,-0.12947397380126757,-0.002453133843424971,estres
2022-06-28,Centinela,0.257,0.1871180973075885,0.6001022129017732,0.2274420620186477,-0.07519411900495532,-0.0018614976836604635,estres
2022-07-27,Centinela,0.257,0.18296978047329998,0.6357253716333191,0.15469384611256123,-0.05819254303256649,-0.0026589323507437116,estres
2022-08-25,Centinela,0.257,0.20136894693152582,0.4777248009315086,0.1721517121531365,-0.08244658440662833,-0.0037944333841133738,normal
2022-09-23,Centinela,0.257,0.17160279027080722,0.7333379968157387,0.19463518994262055,-0.08721142360749556,-0.0028255696828120434,estres
2022-10-24,Centinela,0.257,0.17561860471469504,0.6988526860051949,0.21063245434937394,-0.021106132877745876,0.0027933523480447526,estres
2022-11-22,Centinela,0.257,0.20987316101552492,0.4046959122754408,0.13431821465056157,-0.0743196732499164,-0.0028455763456588434,normal
2022-12-21,Centinela,0.257,0.23536605827348211,0.18577880400616467,0.10686915752732971,-0.0070568688287229175,0.0038007530035315262,calma
2023-01-19,Centinela,0.257,0.23190087553478286,0.21553563302032758,0.13316522235808262,-0.14221479899424128,-0.0071545271091118705,calma
2023-02-17,Centinela,0.257,0.23475300869152674,0.19104329161419728,0.23801879169614928,-0.03219198232923026,0.0011381710382841112,calma
2023-03-20,Centinela,0.257,0.2055052726029355,0.44220461483095314,0.11285008953024138,-0.004454222945557196,0.00444069413489601,normal
2023-04-18,Centinela,0.257,0.2278108933008912,0.2506578505719949,0.12362776708388597,-0.060827446520980155,-0.0031398933791288745,calma
2023-05-17,Centinela,0.257,0.22021958378168,0.31584728397011586,0.14996586286940383,-0.022758425417256145,0.002227124556041902,calma
2023-06-15,Centinela,0.257,0.2320534012046938,0.2142258376582756,0.2064548279968316,-0.024581124901416618,-0.0011504231869651172,calma
2023-07-14,Centinela,0.257,0.22986931446439313,0.23298141292921326,0.08643719249226389,-0.023565311642988584,-0.0003296504597728966,calma
2023-08-14,Centinela,0.257,0.23809268705396705,0.1623642159384539,0.29036264397060174,-0.09529992495933781,-0.001597252182673691,calma
2023-09-12,Centinela,0.257,0.23004091833956333,0.23150778583457865,0.2043741608905044,-0.03587295405269142,0.004414242652865615,calma
2023-10-11,Centinela,0.257,0.2221434645996443,0.29932619493650237,0.09289180563086048,-0.05027968390612558,-0.0012005733123765842,calma
2023-11-09,Centinela,0.257,0.21570945180476242,0.35457748557524754,0.10749277366291513,-0.022822770211189614,0.0017501033680465937,normal
2023-12-08,Centinela,0.257,0.23333443993532743,0.2032250756949126,0.18335038108713334,-0.014165371106528046,0.009158898147405368,calma
2024-01-08,Centinela,0.257,0.21905431937432937,0.3258538482238784,0.12094565622943755,-0.023259458773087216,0.0021130025191352063,calma
2024-02-06,Centinela,0.257,0.23107674557735622,0.2226127472962112,0.16605027819125096,-0.035677663834586926,0.002768253873815863,calma
2024-03-06,Centinela,0.257,0.21769137495069327,0.3375579652151717,0.22114141707040116,-0.08045618539213095,0.0011616793715283345,calma
2024-04-04,Centinela,0.257,0.1927600374832803,0.5516527481040766,0.20993011795581787,-0.05192694875042947,0.0008455125747967153,estres
2024-05-06,Centinela,0.257,0.21364227028322916,0.37232915171121383,0.14433169041184227,-0.037056215401646164,0.0021159611631633183,normal
2024-06-06,Centinela,0.257,0.21677886741823504,0.3453940110069984,0.09232740106138983,-0.03418547497464497,-0.0008818527803654436,calma
2024-07-09,Centinela,0.257,0.21407053057304126,0.3686515193384178,0.10262216405242228,-0.053098289113258645,-0.001782930389042379,normal
2024-08-07,Centinela,0.257,0.1583040674790599,0.8475391371484766,0.11590921067699003,-0.020192585850455358,0.0021635109752804094,crisis
2024-09-06,Centinela,0.257,0.1644346428271222,0.7948935781269026,0.05990434503492799,-0.010655249244974407,-0.0004601085233912641,crisis
2024-10-07,Centinela,0.257,0.1821497520077486,0.6427672648540266,0.11180187638332811,-0.022759682413069027,0.0021386422489412856,estres
2024-11-07,Centinela,0.257,0.1759694878503103,0.6958395203923546,0.09193315317471817,-0.012139895068064566,0.000906622801898422,estres
2024-12-09,Centinela,0.257,0.18441522567678986,0.6233127893792199,0.08827842092676252,-0.011275606065296095,0.0013181402273884392,estres
2015-12-21,Pragmático,0.503,0.3461051631803869,0.48193775708681647,0.16190119979402592,-0.04531367557898336,-0.0014213548494906168,normal
2016-01-19,Pragmático,0.503,0.2397421145853439,0.8086557684369717,0.07254469627265765,-0.013618448780235881,0.0012491158129408892,crisis
2016-02-17,Pragmático,0.503,0.2814844762676558,0.680434721954674,0.0772175461869387,-0.005724430712675033,0.003184177871468035,estres
2016-03-17,Pragmático,0.503,0.38384701522253467,0.366005175172678,0.1393890248214411,-0.01870242854337778,0.0018055174642892617,normal
2016-04-15,Pragmático,0.503,0.4274975043187298,0.23192288644223688,0.09612174380561257,-0.028859377320690882,0.0007860131361686956,calma
2016-05-16,Pragmático,0.503,0.41456690179365774,0.2716421385542689,0.07383440819390788,-0.029214567534711966,-0.0011823695384187154,calma
2016-06-14,Pragmático,0.503,0.25685782666231066,0.7560810116347392,0.05595924956199267,-0.01175761053365032,0.00031723416572196177,crisis
2016-07-13,Pragmático,0.503,0.3719412111030447,0.4025765286344811,0.04246493033099562,-0.008310522149966748,0.00030181293164313166,normal
2016-08-11,Pragmático,0.503,0.4258804259025852,0.23689010627373613,0.0686837595762895,-0.007011561510403719,0.0020662753237182204,calma
2016-09-09,Pragmático,0.503,0.36987473336883503,0.40892417948445703,0.10032176311783889,-0.016140623260903153,-0.0007167315499775727,normal
2016-10-10,Pragmático,0.503,0.4097938206761743,0.28630373006857845,0.05732635309966016,-0.013686961749892368,-0.0004374185377045194,calma
2016-11-08,Pragmático,0.503,0.2577695087858836,0.7532805750702393,0.11921525182694592,-0.04447810195105795,-9.413312881628346e-05,crisis
2016-12-07,Pragmático,0.503,0.37873383669881666,0.38171145231510784,0.09242250126257723,-0.011859171591591333,0.0011021237509273162,normal
2017-01-05,Pragmático,0.503,0.38090110630962537,0.37505419656081895,0.07124680591758198,-0.013468318320571826,0.00048694305872964847,normal
2017-02-03,Pragmático,0.503,0.37149212790377506,0.4039559886230223,0.13788642158531866,-0.03970964450843284,-0.0012742627362053208,normal
2017-03-06,Pragmático,0.503,0.3797896169866206,0.3784683858497293,0.07122922778498679,-0.010903011550562058,0.0005909481421646984,normal
2017-04-04,Pragmático,0.503,0.36895084175985976,0.41176212022773845,0.03835309002510292,-0.010820067718194548,0.0004075080688400176,normal
2017-05-03,Pragmático,0.503,0.4047586299752096,0.30177045008382847,0.08410691812780283,-0.014228056779100662,0.0012905373954472115,calma
2017-06-01,Pragmático,0.503,0.4163313320413516,0.26622229445138507,0.059151282486166065,-0.016040139940661446,0.0005372791539649412,calma
2017-06-30,Pragmático,0.503,0.38959171887941013,0.3483590266336658,0.05186046696717692,-0.011056795812759868,0.0013835767914111342,calma
2017-07-31,Pragmático,0.503,0.4017584680738413,0.3109861217206533,0.08120276181446295,-0.02331120072923032,-1.1776846368876197e-05,calma
2017-08-29,Pragmático,0.503,0.3596467508826868,0.44034172666967636,0.06215831110087507,-0.01370559732607457,0.00047669512127608186,normal
2017-09-27,Pragmático,0.503,0.41238190940405495,0.27835383380723416,0.050062523379694295,-0.01003745774119591,0.00012726714064900752,calma
2017-10-26,Pragmático,0.503,0.3748459737649582,0.39365389720485877,0.08099211206777043,-0.016771595318739507,-0.000603531140531121,normal
2017-11-24,Pragmático,0.503,0.4255611322088188,0.23787088862288802,0.041263998847051724,-0.004934374775411143,0.001242225158036401,calma
2017-12-25,Pragmático,0.503,0.3695896474697371,0.40979988490328034,0.06395447562530335,-0.015145137374449336,0.00021306002010585955,normal
2018-01-23,Pragmático,0.503,0.29914961663289297,0.6261722726681218,0.2860700780069101,-0.040733297257840584,0.002860379220430048,estres
2018-02-21,Pragmático,0.503,0.2951782508901472,0.6383712152045855,0.06574227930256443,-0.042832754645576565,-0.0019352197548603233,estres
2018-03-22,Pragmático,0.503,0.20025194481136416,0.9299587012398582,0.07021939423719123,-0.0131514816961672,0.0012230752880251505,crisis
2018-04-20,Pragmático,0.503,0.251010385015836,0.7740427430015788,0.058462971806516856,-0.024525376646564068,-0.001049476051135618,crisis
2018-05-21,Pragmático,0.503,0.3118261362774231,0.5872334932347624,0.06307954518907398,-0.012679314152696075,0.0009815450000734422,estres
2018-06-19,Pragmático,0.503,0.3459845005138097,0.4823083995889733,0.08781882754785857,-0.04010338567125049,-0.0014057183151514978,normal
2018-07-18,Pragmático,0.503,0.3649520266732357,0.4240453795938083,0.10495982906321621,-0.0382991440501641,-0.0008474449146453212,normal
2018-08-16,Pragmático,0.503,0.36886589786701496,0.41202304448774396,0.06967687481260844,-0.024464877132523988,-0.0003926994663796371,normal
2018-09-14,Pragmático,0.503,0.3866061729046625,0.3575298021666028,0.09479780808802325,-0.015750846505054428,-0.0013191613932818662,normal
2018-10-15,Pragmático,0.503,0.2777822182262546,0.691807039698189,0.15298071294135548,-0.048860269836066395,-0.0012884335143280641,estres
2018-11-13,Pragmático,0.503,0.25947157338351523,0.7480523010796645,0.18123878897050966,-0.08808250371565518,-0.0038932705386346754,estres
2018-12-12,Pragmático,0.503,0.2582831782452243,0.7517027238666126,0.22042864714595883,-0.048083078550150815,0.0006275955935096907,crisis
2019-01-10,Pragmático,0.503,0.25667376271193276,0.756646405431016,0.11566323950625214,-0.011811207384798794,0.003894923290773386,crisis
2019-02-08,Pragmático,0.503,0.3754140820015467,0.39190882506052316,0.11782240846688301,-0.017114640995049335,0.0032016532228778855,normal
2019-03-11,Pragmático,0.503,0.34823184009656794,0.47540519091823713,0.12975427254600788,-0.02208133364193432,0.0021820194582943065,normal
2019-04-09,Pragmático,0.503,0.3897430672164528,0.34789412619734966,0.07741127285680134,-0.01915784454429692,0.00010861292687061935,calma
2019-05-08,Pragmático,0.503,0.3061480183026012,0.6046751088846531,0.0975797891882903,-0.03654725801945413,-0.002438490317013618,estres
2019-06-06,Pragmático,0.503,0.34690962281997917,0.4794666784826319,0.0709505333654149,-0.0047584056032098365,0.002990330710840304,normal
2019-07-05,Pragmático,0.503,0.34771916464991204,0.47697998878847475,0.1310386430359641,-0.05212612014985896,-0.0006362199059882993,normal
2019-08-05,Pragmático,0.503,0.2182425008501619,0.8746966645671574,0.1397582635900171,-0.02264165308905164,0.0016089496905884882,crisis
2019-09-03,Pragmático,0.503,0.2676316985708655,0.7229866423871434,0.08012948519800997,-0.004651257669769371,0.0015858539521684523,estres
2019-10-02,Pragmático,0.503,0.3252322470989377,0.5460536105085617,0.10501428444655175,-0.015640787225416952,0.002189223588246333,normal
2019-10-31,Pragmático,0.503,0.4046715680034943,0.3020378804991728,0.08907357815748891,-0.03229788294124902,-0.00013366652227348838,calma
2019-11-29,Pragmático,0.503,0.3923231980295143,0.3399686744601004,0.07210392055467525,-0.010387096182137068,0.0009391894872388888,calma
2019-12-30,Pragmático,0.503,0.3568761311168853,0.4488523080421276,0.08813650234275545,-0.009554051446371004,0.0012181453822098693,normal
2020-01-28,Pragmático,0.503,0.3174618387304615,0.5699221663939134,0.09205466847967862,-0.018007533967951406,0.0009831808816343787,estres
2020-02-26,Pragmático,0.503,0.25262005721697345,0.7690982730241946,0.7282468903811696,-0.32640185825179546,-0.01359367646362102,crisis
2020-03-26,Pragmático,0.503,0.25771882128365176,0.7534362731265496,0.3096811213670874,-0.054849361183487155,0.00236616802890469,crisis
2020-04-24,Pragmático,0.503,0.2358456922117842,0.8206245055696999,0.14832811863643136,-0.06842096442091083,-0.00291411221991865,crisis
2020-05-25,Pragmático,0.503,0.2635276829550126,0.7355930488250265,0.21643921227533733,-0.04800363539222341,0.002731118821900239,estres
2020-06-23,Pragmático,0.503,0.2914245180204089,0.6499016494535129,0.08303025438175035,-0.005964418035045438,0.0025737565215834556,estres
2020-07-22,Pragmático,0.503,0.2997615924290217,0.624292451454395,0.1777461636739373,-0.05058649872873511,5.744406086774066e-06,estres
2020-08-20,Pragmático,0.503,0.311423641821679,0.5884698454256521,0.13877214089238718,-0.02943737311354011,0.0022352825685624023,estres
2020-09-18,Pragmático,0.503,0.33611158570333705,0.5126352765985653,0.08685071826647119,-0.02145973645159338,-0.00016130148630488035,normal
2020-10-19,Pragmático,0.503,0.3190511521472009,0.565040232998922,0.168952762018851,-0.04365256463070877,0.0008866836565690999,estres
2020-11-17,Pragmático,0.503,0.35117184034662496,0.4663743193161573,0.14228676340798557,-0.02048789613880375,0.004680628433033446,normal
2020-12-16,Pragmático,0.503,0.36049433291581123,0.4377381879409884,0.100685416673763,-0.017533069266351786,0.00058770898444098,normal
2021-01-14,Pragmático,0.503,0.38496524067455595,0.3625702943493905,0.06682400508383651,-0.0210929151255006,0.0007860904253375377,normal
2021-02-12,Pragmático,0.503,0.42725630037422196,0.23266379857403796,0.07058003700466337,-0.029511056335102648,-0.001013125550279231,calma
2021-03-15,Pragmático,0.503,0.43836391080599546,0.19854427643681333,0.09018703420745361,-0.025653869288672193,-0.0003801616544935376,calma
2021-04-13,Pragmático,0.503,0.45950094019892396,0.13361713961319632,0.18454502453371044,-0.05661240422508795,0.00036204972431844564,calma
2021-05-12,Pragmático,0.503,0.3532068906988861,0.46012320473387774,0.21916794481874766,-0.10012323275667723,-0.001786918942220878,normal
2021-06-10,Pragmático,0.503,0.44104120845661204,0.19032035491748728,0.08690654603711216,-0.015293646838833386,0.0005140421034952566,calma
2021-07-09,Pragmático,0.503,0.4217494808912712,0.2495792324027917,0.09675357514171815,-0.05083338399903248,-0.0019618740445414944,calma
2021-08-09,Pragmático,0.503,0.409537884560273,0.28708989537621565,0.14577228797581454,-0.013186057178441679,0.003116605225989691,calma
2021-09-07,Pragmático,0.503,0.3950142044316686,0.33170264342906275,0.07992202472082847,-0.018399411596801696,0.0010381573436092036,calma
2021-10-06,Pragmático,0.503,0.36947245791000094,0.4101598589771127,0.09704436509411822,-0.013508676672639108,0.0010304885538951927,normal
2021-11-04,Pragmático,0.503,0.40116962799947486,0.31279487636469083,0.12546882394950334,-0.05128491255416223,-0.0011106532220798374,calma
2021-12-03,Pragmático,0.503,0.2349958507764517,0.8232349845601239,0.13000083498405943,-0.01989178014522175,0.0013668853586268246,crisis
2022-01-03,Pragmático,0.503,0.34466751101849546,0.4863538288481172,0.25255880372636713,-0.016674819340109615,0.0034305944056497225,normal
2022-02-01,Pragmático,0.503,0.3178847323902423,0.5686231534626255,0.09951624362618208,-0.03353124786874462,-0.0019005546190204673,estres
2022-03-02,Pragmático,0.503,0.1945071707636798,0.9476050660000621,0.2344677359138635,-0.07361496075531015,-0.0033307987576721024,crisis
2022-03-31,Pragmático,0.503,0.2856999594371593,0.6674859178708055,0.07796380373238322,-0.03307774164737476,-0.0006723006471593127,estres
2022-04-29,Pragmático,0.503,0.24883664637088443,0.7807198698483045,0.11424860776117286,-0.04671402192581242,-0.002461447880314809,crisis
2022-05-30,Pragmático,0.503,0.2951892135645868,0.638337540885926,0.33405591202253787,-0.13153892826112912,-0.0018305113340131686,estres
2022-06-28,Pragmático,0.503,0.3076367245898277,0.6001022129017732,0.21852491561849618,-0.0752926110111044,-0.0017017454076881729,estres
2022-07-27,Pragmático,0.503,0.29603960526477296,0.6357253716333191,0.14463587127341188,-0.05890055272743211,-0.0027330699614779306,estres
2022-08-25,Pragmático,0.503,0.3474766910567474,0.4777248009315086,0.16465315244204037,-0.07914496114949843,-0.0035221622723507866,normal
2022-09-23,Pragmático,0.503,0.26426181513663627,0.7333379968157387,0.1919012983465676,-0.08570974175284696,-0.002771262491592036,estres
2022-10-24,Pragmático,0.503,0.2754885080710088,0.6988526860051949,0.2012916919294616,-0.02207487625526594,0.0023395620602644565,estres
2022-11-22,Pragmático,0.503,0.37125124575873025,0.4046959122754408,0.134873155411113,-0.0651286633966045,-0.0020899374617834713,normal
2022-12-21,Pragmático,0.503,0.44251971035579307,0.18577880400616467,0.09218722448139996,-0.006256910601661225,0.0032926008132751505,calma
2023-01-19,Pragmático,0.503,0.4328323746702324,0.21553563302032758,0.14651865584270288,-0.12389326712472837,-0.006019337393611042,calma
2023-02-17,Pragmático,0.503,0.4408058564149981,0.19104329161419728,0.24151002145414263,-0.04339353443681748,0.0001557457791175887,calma
2023-03-20,Pragmático,0.503,0.3590402876417832,0.44220461483095314,0.11211174166124195,-0.004214873391643281,0.00447469010483046,normal
2023-04-18,Pragmático,0.503,0.42139833674628707,0.2506578505719949,0.1234841099461018,-0.054058065908309194,-0.002865908896593409,calma
2023-05-17,Pragmático,0.503,0.4001759167035288,0.31584728397011586,0.14177341683705977,-0.02157240202931654,0.001833587703593635,calma
2023-06-15,Pragmático,0.503,0.4332587785503484,0.2142258376582756,0.21793565645706642,-0.023224161837243518,-0.00105139334768558,calma
2023-07-14,Pragmático,0.503,0.42715290102089465,0.23298141292921326,0.08465483163403104,-0.023858228388435432,-0.00035158154464016305,calma
2023-08-14,Pragmático,0.503,0.45014232950123634,0.1623642159384539,0.26035418170832436,-0.08697657977335571,-0.0017959422653793116,calma
2023-09-12,Pragmático,0.503,0.4276326403215529,0.23150778583457865,0.2141152326530841,-0.04088515343372179,0.003939011289930405,calma
2023-10-11,Pragmático,0.503,0.40555435723842165,0.29932619493650237,0.1038131722419803,-0.05331659075531903,-0.0015444898357930598,calma
2023-11-09,Pragmático,0.503,0.38756729957097813,0.35457748557524754,0.12300974943401166,-0.02656812808072395,0.0018950267844496742,normal
2023-12-08,Pragmático,0.503,0.4368400766075212,0.2032250756949126,0.1938107352023269,-0.014397081998279715,0.008484007076595709,calma
2024-01-08,Pragmático,0.503,0.39691827971071636,0.3258538482238784,0.12367434635428083,-0.02184264023979654,0.0020152669947735608,calma
2024-02-06,Pragmático,0.503,0.4305284201177184,0.2226127472962112,0.15301730852027315,-0.0312586620460088,0.002408456866756285,calma
2024-03-06,Pragmático,0.503,0.39310800442420085,0.3375579652151717,0.2088529623481808,-0.07539838375247065,0.001270388175020882,calma
2024-04-04,Pragmático,0.503,0.32340944785471787,0.5516527481040766,0.18916168533519273,-0.05018697542591721,0.0008756291879195603,estres
2024-05-06,Pragmático,0.503,0.38178824466041433,0.37232915171121383,0.1515526925146662,-0.037914806042232074,0.0022882236427589366,normal
2024-06-06,Pragmático,0.503,0.3905569797166717,0.3453940110069984,0.09525485620574305,-0.034780738301694925,-0.0008114740809372642,calma
2024-07-09,Pragmático,0.503,0.3829854978793781,0.3686515193384178,0.10437161031743733,-0.05163951733379468,-0.0019081906663923663,normal
2024-08-07,Pragmático,0.503,0.22708363390131342,0.8475391371484766,0.12249984840727517,-0.021193328736724748,0.0022174283026685495,crisis
2024-09-06,Pragmático,0.503,0.24422239564078685,0.7948935781269026,0.060466805700310156,-0.010729323667449164,-0.00041661174345724493,crisis
2024-10-07,Pragmático,0.503,0.29374711692677163,0.6427672648540266,0.10816453488847697,-0.01965583310590835,0.0015327316074677788,estres
2024-11-07,Pragmático,0.503,0.27646944413626895,0.6958395203923546,0.09240789149341692,-0.013503975710251082,0.0009049792266823306,estres
2024-12-09,Pragmático,0.503,0.300080521417595,0.6233127893792199,0.09715642028070795,-0.01370979564494168,0.0012660363583600646,estres
2015-12-21,Estratega,0.647,0.4311159817129606,0.48193775708681647,0.1565916655942842,-0.04559473158870886,-0.0014714464706069694,normal
2016-01-19,Estratega,0.647,0.28476264852865857,0.8086557684369717,0.07244143330695353,-0.013735093701232048,0.0012372015822806625,crisis
2016-02-17,Estratega,0.647,0.34219926630040376,0.680434721954674,0.0740916503862439,-0.005687815616810199,0.003177044646264992,estres
2016-03-17,Estratega,0.647,0.4830479817813989,0.366005175172678,0.12553838960527003,-0.015624390749003236,0.0018304327073893705,normal
2016-04-15,Estratega,0.647,0.5431101430182,0.23192288644223688,0.08541873313276885,-0.025456507339096324,0.0007265166701411129,calma
2016-05-16,Estratega,0.647,0.5253179040346153,0.2716421385542689,0.06735319826343533,-0.025721915498321035,-0.0011038929069143058,calma
2016-06-14,Estratega,0.647,0.3083135108382186,0.7560810116347392,0.05434936565356928,-0.01152075860984092,0.00026038223875211994,crisis
2016-07-13,Estratega,0.647,0.4666658439981842,0.4025765286344811,0.04152166300998933,-0.010451132925626161,0.00015938081908810047,normal
2016-08-11,Estratega,0.647,0.5408850768946799,0.23689010627373613,0.07148560263394796,-0.0073500432807098726,0.002129407383467586,calma
2016-09-09,Estratega,0.647,0.4638224137999375,0.40892417948445703,0.10134381171889595,-0.0168447901925326,-0.000653985271200144,normal
2016-10-10,Estratega,0.647,0.5187502441157803,0.28630373006857845,0.0546598604339794,-0.011783982197176024,-0.00032923609343787685,calma
2016-11-08,Estratega,0.647,0.30956796639728634,0.7532805750702393,0.11848593206051929,-0.043828140349137956,-6.831225523183705e-05,crisis
2016-12-07,Estratega,0.647,0.47601235493544747,0.38171145231510784,0.09080341623475215,-0.012913467611757268,0.0009943632521669243,normal
2017-01-05,Estratega,0.647,0.47899447265058115,0.37505419656081895,0.06850922816982599,-0.013394092366689092,0.0006459267411209795,normal
2017-02-03,Estratega,0.647,0.46604791489631714,0.4039559886230223,0.13639916058662027,-0.03922336385507008,-0.0011577647820232727,normal
2017-03-06,Estratega,0.647,0.47746508655861375,0.3784683858497293,0.06663558208286843,-0.010140229554117974,0.000837060178814181,normal
2017-04-04,Estratega,0.647,0.4625511582439846,0.41176212022773845,0.039836259225960895,-0.012602444416497605,0.0003493583223230747,normal
2017-05-03,Estratega,0.647,0.5118219268849491,0.30177045008382847,0.0668268323378898,-0.010000623874475423,0.0018310825450260694,calma
2017-06-01,Estratega,0.647,0.5277457232005021,0.26622229445138507,0.05693581675891043,-0.01692365499128967,0.00010080800010465859,calma
2017-06-30,Estratega,0.647,0.4909525740194494,0.3483590266336658,0.05042729658019489,-0.011272764949805891,0.0012797636407656837,calma
2017-07-31,Estratega,0.647,0.5076937667752334,0.3109861217206533,0.07654927921310252,-0.019793943068313724,-0.00013729824825984297,calma
2017-08-29,Estratega,0.647,0.44974892353831847,0.44034172666967636,0.06158172382512221,-0.015344127992959589,0.0004528328185686028,normal
2017-09-27,Estratega,0.647,0.5223114001460495,0.27835383380723416,0.051095431998251145,-0.00778991356982317,0.0003660524344724043,calma
2017-10-26,Estratega,0.647,0.4706627367470835,0.39365389720485877,0.07736216665685514,-0.01519013719987472,-0.0005121897980943079,normal
2017-11-24,Estratega,0.647,0.5404457354413773,0.23787088862288802,0.04425031780194837,-0.005011653076177014,0.0012914688974535568,calma
2017-12-25,Estratega,0.647,0.46343014155757556,0.40979988490328034,0.06415926464592082,-0.015027788660276764,0.00013264511402632444,normal
2018-01-23,Estratega,0.647,0.3665061304583148,0.6261722726681218,0.27196096894751026,-0.04103479093047058,0.0026536031922274905,estres
2018-02-21,Estratega,0.647,0.36104161414910596,0.6383712152045855,0.06382704478160539,-0.04175531965399559,-0.0018741185403995896,estres
2018-03-22,Estratega,0.647,0.2304249997796055,0.9299587012398582,0.06997375834203273,-0.013089356205175373,0.001218777869641631,crisis
2018-04-20,Estratega,0.647,0.30026755327244276,0.7740427430015788,0.05767894847323946,-0.02305843247946371,-0.0009671394613895203,crisis
2018-05-21,Estratega,0.647,0.3839487567054882,0.5872334932347624,0.06495636644384413,-0.01419545258023669,0.0008443310338184865,estres
2018-06-19,Estratega,0.647,0.4309499524041194,0.4823083995889733,0.08388043005811141,-0.0385349088333522,-0.0013558433407799277,normal
2018-07-18,Estratega,0.647,0.4570488722109536,0.4240453795938083,0.10039644467051922,-0.036454542012246294,-0.0007443633249754137,normal
2018-08-16,Estratega,0.647,0.46243427722171515,0.41202304448774396,0.07604109737549061,-0.02156607014411882,0.0003149667660065776,normal
2018-09-14,Estratega,0.647,0.4868445251194703,0.3575298021666028,0.08627520048613203,-0.016841845809754896,-0.0010234745676962985,normal
2018-10-15,Estratega,0.647,0.33710503656719626,0.691807039698189,0.15121739957517275,-0.04861338941445237,-0.0013299795781751644,estres
2018-11-13,Estratega,0.647,0.3119099717313643,0.7480523010796645,0.1770728515161293,-0.08713099642317612,-0.003881535522580855,estres
2018-12-12,Estratega,0.647,0.3102747648439509,0.7517027238666126,0.2091595380279632,-0.046467639660211946,0.0005881089670273494,crisis
2019-01-10,Estratega,0.647,0.3080602426871764,0.756646405431016,0.11440560286538273,-0.011585170473335182,0.003970515536677087,crisis
2019-02-08,Estratega,0.647,0.4714444418141387,0.39190882506052316,0.1137728662004507,-0.0166771827982366,0.003052279488889597,normal
2019-03-11,Estratega,0.647,0.4340422447281757,0.47540519091823713,0.12920286633283423,-0.021632011185082956,0.00222028854939066,normal
2019-04-09,Estratega,0.647,0.4911608261698972,0.34789412619734966,0.07607880096594984,-0.01797099485796816,0.00011890518867578202,calma
2019-05-08,Estratega,0.647,0.3761357849751197,0.6046751088846531,0.094060842722578,-0.03689888879372305,-0.002395267135313625,estres
2019-06-06,Estratega,0.647,0.432222901373705,0.4794666784826319,0.07227627062718713,-0.004815762815747138,0.0030111111171226813,normal
2019-07-05,Estratega,0.647,0.43333681402220275,0.47697998878847475,0.12930654986969814,-0.051877064160433806,-0.000684635740007806,normal
2019-08-05,Estratega,0.647,0.2551796291071418,0.8746966645671574,0.1391166822721461,-0.02233217752818384,0.0016047317679376565,crisis
2019-09-03,Estratega,0.647,0.3231381335426792,0.7229866423871434,0.07817936419876119,-0.005151124241718152,0.001513184986796926,estres
2019-10-02,Estratega,0.647,0.4023952851726898,0.5460536105085617,0.09867144301589517,-0.014659467464412157,0.0020971391924008813,normal
2019-10-31,Estratega,0.647,0.5117021314303956,0.3020378804991728,0.08321422435144313,-0.03171170704317139,-0.00022239188607092508,calma
2019-11-29,Estratega,0.647,0.4947110322755981,0.3399686744601004,0.06613360862578582,-0.009471346642034528,0.0009116514755191318,calma
2019-12-30,Estratega,0.647,0.44593660861252893,0.4488523080421276,0.08542620973764838,-0.01117563505745467,0.0012281092983518263,normal
2020-01-28,Estratega,0.647,0.39170336556384655,0.5699221663939134,0.09362039505142912,-0.018007618376584933,0.0010648117567649477,estres
2020-02-26,Estratega,0.647,0.302482428598812,0.7690982730241946,0.7142513829592201,-0.32072887017936635,-0.013374668499817837,crisis
2020-03-26,Estratega,0.647,0.3094982214529621,0.7534362731265496,0.30026571543878294,-0.054012152082751674,0.002294743105970307,crisis
2020-04-24,Estratega,0.647,0.27940125273005295,0.8206245055696999,0.14402484071578553,-0.06711227034320844,-0.0029085802460485444,crisis
2020-05-25,Estratega,0.647,0.3174910937788294,0.7355930488250265,0.2150969983388709,-0.0481169476153116,0.0026376146225892605,estres
2020-06-23,Estratega,0.647,0.3558765561272989,0.6499016494535129,0.08084390192431452,-0.0058673736095441464,0.0025666512907930902,estres
2020-07-22,Estratega,0.647,0.36734819637100374,0.624292451454395,0.17715173528170372,-0.05037457074129981,-8.719300403989503e-06,estres
2020-08-20,Estratega,0.647,0.38339493274157915,0.5884698454256521,0.13639669423252812,-0.026606981987775558,0.002399742907969362,estres
2020-09-18,Estratega,0.647,0.41736502784767265,0.5126352765985653,0.08429097122636565,-0.020799031646033583,-0.00022626538944797085,normal
2020-10-19,Estratega,0.647,0.39389022762813286,0.565040232998922,0.16624199699761985,-0.043468495361978055,0.0008600900273418568,estres
2020-11-17,Estratega,0.647,0.43808762366232734,0.4663743193161573,0.13712873691296867,-0.021346244250087465,0.004666717632850974,normal
2020-12-16,Estratega,0.647,0.4509151787118343,0.4377381879409884,0.0997512753958801,-0.017468482372939742,0.0005608966739912783,normal
2021-01-14,Estratega,0.647,0.48458663664619056,0.3625702943493905,0.0871329727339555,-0.03380065885010586,0.00013924368240603505,normal
2021-02-12,Estratega,0.647,0.5427782514287597,0.23266379857403796,0.08113967386073541,-0.02812537703874818,-0.0010664970180593123,calma
2021-03-15,Estratega,0.647,0.5580620913701295,0.19854427643681333,0.09523084232653158,-0.02717073391489233,-0.00036176401514602125,calma
2021-04-13,Estratega,0.647,0.5871462023102687,0.13361713961319632,0.19627383276545957,-0.06138406327418999,0.00039569363802320943,calma
2021-05-12,Estratega,0.647,0.44088781043945946,0.46012320473387774,0.21924185125341164,-0.09932137276714115,-0.0017406538897362083,normal
2021-06-10,Estratega,0.647,0.5617459970147116,0.19032035491748728,0.08876018235243945,-0.01513484257754183,0.0006106479703727769,calma
2021-07-09,Estratega,0.647,0.5352009828451695,0.2495792324027917,0.09509531937490381,-0.051587034670179666,-0.001943026481488142,calma
2021-08-09,Estratega,0.647,0.5183980813662242,0.28708989537621565,0.1465371528733174,-0.014493293218737935,0.003001615866811618,calma
2021-09-07,Estratega,0.647,0.49841380087595133,0.33170264342906275,0.07901453002882851,-0.018649016336814483,0.00110851984901853,calma
2021-10-06,Estratega,0.647,0.4632688911712024,0.4101598589771127,0.09590402469501066,-0.013509285972926222,0.0009562782813261969,normal
2021-11-04,Estratega,0.647,0.5068835351324368,0.31279487636469083,0.12749420320191884,-0.05172055897757111,-0.0010612477096366968,calma
2021-12-03,Estratega,0.647,0.2782318886662925,0.8232349845601239,0.12867044058865576,-0.01916925282940174,0.0014753278475711684,crisis
2022-01-03,Estratega,0.647,0.42913780236748594,0.4863538288481172,0.25169264047177015,-0.016500538323982683,0.0035479861681529693,normal
2022-02-01,Estratega,0.647,0.3922852584064169,0.5686231534626255,0.1013271653315418,-0.036540396194983615,-0.0020080364826400173,estres
2022-03-02,Estratega,0.647,0.22252031068527217,0.9476050660000621,0.23492872154110328,-0.07390934087045253,-0.0033299550970358064,crisis
2022-03-31,Estratega,0.647,0.3479996830897727,0.6674859178708055,0.07723655695071957,-0.032653931809212056,-0.0006050759341491059,estres
2022-04-29,Estratega,0.647,0.297276534301452,0.7807198698483045,0.11678701385270095,-0.04513529639852376,-0.0023330460158721596,crisis
2022-05-30,Estratega,0.647,0.3610566985601495,0.638337540885926,0.35545545000432227,-0.13974997933790922,-0.0017492370575350172,estres
2022-06-28,Estratega,0.647,0.3781842137306507,0.6001022129017732,0.2148819883389564,-0.07538523437850453,-0.0016638790831874583,estres
2022-07-27,Estratega,0.647,0.3622268197768547,0.6357253716333191,0.13575330653068282,-0.05888406519841971,-0.002731428022014485,estres
2022-08-25,Estratega,0.647,0.4330031754227307,0.4777248009315086,0.16235833092304136,-0.07726263493543462,-0.0032747163203689983,normal
2022-09-23,Estratega,0.647,0.3185012443263898,0.7333379968157387,0.18463129460273184,-0.08140925266310584,-0.002676460363488042,estres
2022-10-24,Estratega,0.647,0.33394893930397296,0.6988526860051949,0.19407412597056078,-0.022989548684885452,0.0019944638457186524,estres
2022-11-22,Estratega,0.647,0.4657164660962163,0.4046959122754408,0.13615790722152685,-0.062127031097399255,-0.0017420924905787384,normal
2022-12-21,Estratega,0.647,0.5637803847454386,0.18577880400616467,0.09118884682692475,-0.0069297278210178614,0.003004682811397566,calma
2023-01-19,Estratega,0.647,0.5504508131885443,0.21553563302032758,0.14412045571323462,-0.10912413609688099,-0.005273921009812548,calma
2023-02-17,Estratega,0.647,0.5614221575214203,0.19104329161419728,0.23620307452868758,-0.042984375948004305,-0.0003932383933225256,calma
2023-03-20,Estratega,0.647,0.4489144427864746,0.44220461483095314,0.11397936136824072,-0.005245161699149015,0.004523745658562711,normal
2023-04-18,Estratega,0.647,0.5347178158362749,0.2506578505719949,0.12477188505550685,-0.04641875865326406,-0.002402707756477128,calma
2023-05-17,Estratega,0.647,0.5055162091455866,0.31584728397011586,0.13837904491875527,-0.02058495071122335,0.0013175392956629713,calma
2023-06-15,Estratega,0.647,0.5510375360209755,0.2142258376582756,0.22093637695254048,-0.022625026821645577,-0.000945154762710113,calma
2023-07-14,Estratega,0.647,0.5426359760783589,0.23298141292921326,0.0854729285904,-0.024135255496086527,-0.000346447869542772,calma
2023-08-14,Estratega,0.647,0.5742689494703695,0.1623642159384539,0.23998689694442638,-0.08533055519229982,-0.0019512444573021332,calma
2023-09-12,Estratega,0.647,0.5432960873354005,0.23150778583457865,0.21974107314278724,-0.03684570590009162,0.004084418561653251,calma
2023-10-11,Estratega,0.647,0.5129168309781937,0.29932619493650237,0.12183146927034953,-0.054865660831589946,-0.0014034982445133924,calma
2023-11-09,Estratega,0.647,0.48816701533656787,0.35457748557524754,0.13354110861429727,-0.027083281029238404,0.0025123729852264635,normal
2023-12-08,Estratega,0.647,0.555965327342464,0.2032250756949126,0.17712668590901562,-0.014342324896326586,0.00820771000370885,calma
2024-01-08,Estratega,0.647,0.5010337686881137,0.3258538482238784,0.12440568879169768,-0.021613534970110204,0.0021402669146103836,calma
2024-02-06,Estratega,0.647,0.5472806198486622,0.2226127472962112,0.15856981861781483,-0.028671232058960716,0.002521343527052054,calma
2024-03-06,Estratega,0.647,0.4957909094818639,0.3375579652151717,0.19697037707583256,-0.06850715831532028,0.0016206657448761467,calma
2024-04-04,Estratega,0.647,0.3998871514867789,0.5516527481040766,0.1850275058692415,-0.05066284028144552,0.0007427611135896367,estres
2024-05-06,Estratega,0.647,0.4802151564909618,0.37232915171121383,0.15730424554314681,-0.03845342924726336,0.0025848265283524873,normal
2024-06-06,Estratega,0.647,0.4922807527694151,0.3453940110069984,0.10540216120142125,-0.033964964422995014,-0.0004435326642691433,calma
2024-07-09,Estratega,0.647,0.4818625519123557,0.3686515193384178,0.11500655434231333,-0.05224889021004753,-0.0021004110448530375,normal
2024-08-07,Estratega,0.647,0.2673448435143399,0.8475391371484766,0.12316799508938533,-0.021026578754496983,0.0022621136419677967,crisis
2024-09-06,Estratega,0.647,0.29092742167805397,0.7948935781269026,0.06054439009976232,-0.01075921122401291,-0.00035654339174761375,crisis
2024-10-07,Estratega,0.647,0.3590724037086388,0.6427672648540266,0.10277413973375277,-0.01889514741592402,0.0017776646566501752,estres
2024-11-07,Estratega,0.647,0.3352986868402448,0.6958395203923546,0.09424231948538228,-0.014674896816220917,0.0009083620072211511,estres
2024-12-09,Estratega,0.647,0.3677870359975785,0.6233127893792199,0.10543177280618037,-0.016829512998985274,0.0012381687243368288,estres
2015-12-21,Aventurero,0.693,0.45827221541086605,0.48193775708681647,0.15542284716605956,-0.04605004145410829,-0.0014924698048319619,normal
2016-01-19,Aventurero,0.693,0.2991442079827729,0.8086557684369717,0.07254649621363239,-0.01376554849200462,0.0012333965186673995,crisis
2016-02-17,Aventurero,0.693,0.36159426867197597,0.680434721954674,0.07303316763561425,-0.00561348247219795,0.003169625749828026,estres
2016-03-17,Aventurero,0.693,0.5147371794321471,0.366005175172678,0.11542904038628338,-0.013834011253000877,0.001975399097623292,normal
2016-04-15,Aventurero,0.693,0.5800419581583085,0.23192288644223688,0.08215310043636484,-0.02463357106871944,0.0006936116220543542,calma
2016-05-16,Aventurero,0.693,0.5606966964171433,0.2716421385542689,0.0628703446261693,-0.02277789850812517,-0.0010768835218973845,calma
2016-06-14,Aventurero,0.693,0.3247507432833003,0.7560810116347392,0.053405185114250846,-0.011357255683547618,0.0002351427571657218,crisis
2016-07-13,Aventurero,0.693,0.49692510172857596,0.4025765286344811,0.04216013053488363,-0.011099484262896309,0.00011879890681611078,normal
2016-08-11,Aventurero,0.693,0.5776226737393768,0.23689010627373613,0.07204361549584065,-0.0072850362347365305,0.0022580967885088062,calma
2016-09-09,Aventurero,0.693,0.4938334783820952,0.40892417948445703,0.1034361757992895,-0.017049312664201732,-0.0006383646406522175,normal
2016-10-10,Aventurero,0.693,0.5535557682700989,0.28630373006857845,0.05284372183856901,-0.01118721716659743,-0.00025762070457862663,calma
2016-11-08,Aventurero,0.693,0.32611469591203995,0.7532805750702393,0.11840562970279273,-0.043672038445003,-6.300810610559973e-05,crisis
2016-12-07,Aventurero,0.693,0.5070874371499267,0.38171145231510784,0.0885990951975843,-0.01283921711133107,0.0009649059503526808,normal
2017-01-05,Aventurero,0.693,0.5103298535650531,0.37505419656081895,0.06526899336252827,-0.01303656342595716,0.0006814223226741528,normal
2017-02-03,Aventurero,0.693,0.496253235741157,0.4039559886230223,0.1353862177849296,-0.03888838862555066,-0.0011186444901322996,normal
2017-03-06,Aventurero,0.693,0.5086669726718893,0.3784683858497293,0.0662058403299326,-0.00987772144998722,0.0009483934794352283,normal
2017-04-04,Aventurero,0.693,0.49245125934308,0.41176212022773845,0.03984170953352364,-0.012597015842114812,0.0003388978110714396,normal
2017-05-03,Aventurero,0.693,0.5460227022866713,0.30177045008382847,0.0632972426586499,-0.008996673269039857,0.0019572082885747884,calma
2017-06-01,Aventurero,0.693,0.5633364314874529,0.26622229445138507,0.0582138951788141,-0.017636666469806883,-5.420605263542811e-07,calma
2017-06-30,Aventurero,0.693,0.523331736078073,0.3483590266336658,0.05025941605695652,-0.011388906161659107,0.0012490920039107372,calma
2017-07-31,Aventurero,0.693,0.5415342094159558,0.3109861217206533,0.07491860340150291,-0.018493297205431025,-0.00017584447576822238,calma
2017-08-29,Aventurero,0.693,0.4785315620255341,0.44034172666967636,0.0616736062337381,-0.015816886139037978,0.0004444492370492176,normal
2017-09-27,Aventurero,0.693,0.5574277652441866,0.27835383380723416,0.0486427737631824,-0.0074298956754378365,0.0004787529045122877,calma
2017-10-26,Aventurero,0.693,0.5012708693663734,0.39365389720485877,0.07528483795689128,-0.015092730242565522,-0.0005558207360898003,normal
2017-11-24,Aventurero,0.693,0.5771449836962224,0.23787088862288802,0.043955507334566095,-0.005027424969466288,0.0012948607733223258,calma
2017-12-25,Aventurero,0.693,0.4934069660578573,0.40979988490328034,0.06320477806300749,-0.01472685320112277,0.00013725323204449014,normal
2018-01-23,Aventurero,0.693,0.38802279459699124,0.6261722726681218,0.2679238544724655,-0.04111258123954031,0.0025957949071647285,estres
2018-02-21,Aventurero,0.693,0.38208129963460663,0.6383712152045855,0.06311418787616516,-0.04122650529696603,-0.0018549108963131133,estres
2018-03-22,Aventurero,0.693,0.24006361456112701,0.9299587012398582,0.06993187586974314,-0.01307363322280053,0.0012176342684992083,crisis
2018-04-20,Aventurero,0.693,0.316002482021081,0.7740427430015788,0.05748167191613409,-0.022452798960657216,-0.0009338735379758774,crisis
2018-05-21,Aventurero,0.693,0.406987927120009,0.5872334932347624,0.06537150927307557,-0.014526403675013233,0.0007959618275781027,estres
2018-06-19,Aventurero,0.693,0.4580916939801905,0.4823083995889733,0.08221782880101781,-0.03745594530093188,-0.001306780600760665,normal
2018-07-18,Aventurero,0.693,0.4864686978688356,0.4240453795938083,0.09906559953691954,-0.03531859914304514,-0.0007156751622602383,normal
2018-08-16,Aventurero,0.693,0.4923241761822443,0.41202304448774396,0.07954207116250873,-0.020449066322591136,0.0005886580473373822,normal
2018-09-14,Aventurero,0.693,0.5188651098547561,0.3575298021666028,0.08428616576960309,-0.01736826972616401,-0.0009392405863801332,normal
2018-10-15,Aventurero,0.693,0.35605538131499703,0.691807039698189,0.15042888059113335,-0.04871175565735186,-0.001388498269203779,estres
2018-11-13,Aventurero,0.693,0.32866112675914944,0.7480523010796645,0.1758280605918574,-0.08679899333252339,-0.003874530387090101,estres
2018-12-12,Aventurero,0.693,0.3268831883407663,0.7517027238666126,0.20592060478019988,-0.0459975381982799,0.0005756470268859301,crisis
2019-01-10,Aventurero,0.693,0.32447536823482365,0.756646405431016,0.11404634818412943,-0.011517710106258239,0.003991202403890057,crisis
2019-02-08,Aventurero,0.693,0.5021208067542722,0.39190882506052316,0.11193561413196895,-0.016586728246820948,0.0029469374370952807,normal
2019-03-11,Aventurero,0.693,0.4614539017632726,0.47540519091823713,0.1296451691163013,-0.02129141272328905,0.0022347276125125625,normal
2019-04-09,Aventurero,0.693,0.5235581658355808,0.34789412619734966,0.07582169744414484,-0.017734545806281088,0.00011089879722536119,calma
2019-05-08,Aventurero,0.693,0.3984929882177297,0.6046751088846531,0.09341198121633204,-0.03695423326169922,-0.0023842496222530978,estres
2019-06-06,Aventurero,0.693,0.45947575424503406,0.4794666784826319,0.07251354084069349,-0.004618036521329194,0.0030142924492181067,normal
2019-07-05,Aventurero,0.693,0.46068689646057337,0.47697998878847475,0.12875145946551866,-0.051380285445914,-0.000678312449512977,normal
2019-08-05,Aventurero,0.693,0.266978989522566,0.8746966645671574,0.13891501193681505,-0.022240572747186826,0.001603434603901548,crisis
2019-09-03,Aventurero,0.693,0.34086935582534184,0.7229866423871434,0.07758134323868561,-0.005294756575620507,0.0014903202112009576,estres
2019-10-02,Aventurero,0.693,0.42704458900180503,0.5460536105085617,0.09689517731083966,-0.014403136207415401,0.0020692597538983673,normal
2019-10-31,Aventurero,0.693,0.5458924503028779,0.3020378804991728,0.08170530626911493,-0.03182299292212465,-0.0002685482353098902,calma
2019-11-29,Aventurero,0.693,0.5274182571042081,0.3399686744601004,0.06462913517487016,-0.009315191949428092,0.0009056814127681288,calma
2019-12-30,Aventurero,0.693,0.47438648336808176,0.4488523080421276,0.08483436617310763,-0.011949911619990372,0.0012025032770623717,normal
2020-01-28,Aventurero,0.693,0.4154194088578445,0.5699221663939134,0.09429655753921021,-0.018017204544446774,0.001087692363040507,estres
2020-02-26,Aventurero,0.693,0.318410686123566,0.7690982730241946,0.7108624534421213,-0.3189954459185863,-0.013282630264042814,crisis
2020-03-26,Aventurero,0.693,0.326038863173714,0.7534362731265496,0.2975463118300161,-0.053716769263851494,0.002275174089660382,crisis
2020-04-24,Aventurero,0.693,0.2933148345622777,0.8206245055696999,0.14289606699179705,-0.06687271722162413,-0.002907750602908114,crisis
2020-05-25,Aventurero,0.693,0.3347294055697708,0.7355930488250265,0.2147149248094094,-0.04815094372214601,0.002609509717053082,estres
2020-06-23,Aventurero,0.693,0.37646540163366654,0.6499016494535129,0.08034918587723458,-0.005853629195709309,0.002565307115375702,estres
2020-07-22,Aventurero,0.693,0.38893836151913685,0.624292451454395,0.17749158465835982,-0.05042818878199973,-1.1500203097749864e-05,estres
2020-08-20,Aventurero,0.693,0.4063857617854361,0.5884698454256521,0.1359090612740026,-0.02571713358936123,0.002450527285832486,estres
2020-09-18,Aventurero,0.693,0.4433209885326687,0.5126352765985653,0.08360932245408684,-0.020552315272519994,-0.0002338146594566805,normal
2020-10-19,Aventurero,0.693,0.41779715451787497,0.565040232998922,0.1656477008599453,-0.043462938070236934,0.0008501721979279471,estres
2020-11-17,Aventurero,0.693,0.46585238777706556,0.4663743193161573,0.13967699756791746,-0.02156961300622373,0.004658482439023838,normal
2020-12-16,Aventurero,0.693,0.4797996155633416,0.4377381879409884,0.0999763174488889,-0.01534516076587511,0.0006974430974406315,normal
2021-01-14,Aventurero,0.693,0.5164101381371293,0.3625702943493905,0.09448386557510659,-0.03856827054896639,-5.766933850216401e-05,normal
2021-02-12,Aventurero,0.693,0.5796810969045147,0.23266379857403796,0.0862919166027803,-0.02835279163676252,-0.0010948348171528498,calma
2021-03-15,Aventurero,0.693,0.59629901016145,0.19854427643681333,0.09877419919717612,-0.028201118996685648,-0.0003529522611324383,calma
2021-04-13,Aventurero,0.693,0.6279217721513927,0.13361713961319632,0.18952170342580948,-0.060550516903028484,0.0003460696346073821,calma
2021-05-12,Aventurero,0.693,0.46889699313436484,0.46012320473387774,0.2205891211846851,-0.09941727723337279,-0.0017384838654542615,normal
2021-06-10,Aventurero,0.693,0.6003044711374378,0.19032035491748728,0.09124153877832938,-0.015356649144552148,0.0006582799446152947,calma
2021-07-09,Aventurero,0.693,0.5714424348582203,0.2495792324027917,0.0954009250326723,-0.052440868582910194,-0.0019382614450091813,calma
2021-08-09,Aventurero,0.693,0.5531728664570141,0.28708989537621565,0.1474834032498409,-0.015167596435459618,0.0029573392525787064,calma
2021-09-07,Aventurero,0.693,0.5314442275178749,0.33170264342906275,0.07901901713538535,-0.018792161019955178,0.0011338086646609396,calma
2021-10-06,Aventurero,0.693,0.4932316406851972,0.4101598589771127,0.09585001040056365,-0.013401294694488142,0.0009256846291929653,normal
2021-11-04,Aventurero,0.693,0.5406532554665773,0.31279487636469083,0.12883405614069238,-0.05191369017283509,-0.0010367221669696604,calma
2021-12-03,Aventurero,0.693,0.29204340076999163,0.8232349845601239,0.12862627356998468,-0.019463078573144776,0.0014280900940672311,crisis
2022-01-03,Aventurero,0.693,0.4561213676595245,0.4863538288481172,0.251905099011257,-0.019205659035140266,0.003594135496101546,normal
2022-02-01,Aventurero,0.693,0.41605209310602825,0.5686231534626255,0.10192940668024002,-0.03750463845874907,-0.0020420050168063466,estres
2022-03-02,Aventurero,0.693,0.2314689526046697,0.9476050660000621,0.2348982671947766,-0.07394993607851807,-0.003327524113306591,crisis
2022-03-31,Aventurero,0.693,0.3679009837010242,0.6674859178708055,0.07708003205317687,-0.03244546626707456,-0.0005766547521433959,estres
2022-04-29,Aventurero,0.693,0.31275038739038324,0.7807198698483045,0.11779172306984736,-0.04481501798011378,-0.0022933647245700676,crisis
2022-05-30,Aventurero,0.693,0.3820977007115098,0.638337540885926,0.36601626820877425,-0.1438123464333083,-0.00173096772628928,estres
2022-06-28,Aventurero,0.693,0.40072021720619133,0.6001022129017732,0.212902253657596,-0.07543017185520418,-0.0016570670247184024,estres
2022-07-27,Aventurero,0.693,0.3833699577459919,0.6357253716333191,0.1331208629302687,-0.05886941893095643,-0.0027290701584656916,estres
2022-08-25,Aventurero,0.693,0.4603241357063087,0.4777248009315086,0.1623083133371369,-0.07672160102709602,-0.003189252912490515,normal
2022-09-23,Aventurero,0.693,0.33582772865089444,0.7333379968157387,0.18070908565366497,-0.07986926180116771,-0.0026605329102074313,estres
2022-10-24,Aventurero,0.693,0.3526237992811698,0.6988526860051949,0.1918206796858572,-0.023149442333198045,0.0018844204521642684,estres
2022-11-22,Aventurero,0.693,0.49589285592624655,0.4046959122754408,0.13789387195225622,-0.06123809540548952,-0.0016243770270499805,normal
2022-12-21,Aventurero,0.693,0.6025164335087975,0.18577880400616467,0.09347130066163614,-0.007040648229298729,0.0029086754466441872,calma
2023-01-19,Aventurero,0.693,0.5880233699374494,0.21553563302032758,0.1422687230334877,-0.10371159650840489,-0.0050239948436365655,calma
2023-02-17,Aventurero,0.693,0.5999523648193051,0.19104329161419728,0.2362326605876541,-0.0421748766968294,-0.0006177734895208814,calma
2023-03-20,Aventurero,0.693,0.4776242423465843,0.44220461483095314,0.11430891392971203,-0.005611750824500827,0.004579436780225894,normal
2023-04-18,Aventurero,0.693,0.5709170938789099,0.2506578505719949,0.1256594729471377,-0.04507773073269117,-0.0022791306090165437,calma
2023-05-17,Aventurero,0.693,0.5391665803423551,0.31584728397011586,0.1351347329888012,-0.020955159868518813,0.001071942326984159,calma
2023-06-15,Aventurero,0.693,0.5886613057685368,0.2142258376582756,0.22561651660151993,-0.023824827891005373,-0.0008614904091938654,calma
2023-07-14,Aventurero,0.693,0.5795264028328266,0.23298141292921326,0.08992672173867491,-0.024100892721783396,-0.00027376591961786426,calma
2023-08-14,Aventurero,0.693,0.613920508627176,0.1623642159384539,0.23578757309102916,-0.085209830421065,-0.00198136608476945,calma
2023-09-12,Aventurero,0.693,0.5802441329092685,0.23150778583457865,0.22202362470946185,-0.03524857983668561,0.00416055691151696,calma
2023-10-11,Aventurero,0.693,0.5472131767561765,0.29932619493650237,0.12824571085697284,-0.05450540422547456,-0.001239554299520183,calma
2023-11-09,Aventurero,0.693,0.5203030356505757,0.35457748557524754,0.13047916831952933,-0.02570508012983297,0.0027386478233807003,normal
2023-12-08,Aventurero,0.693,0.5940192268827927,0.2032250756949126,0.17257879111817545,-0.014181168385835163,0.008144327291723222,calma
2024-01-08,Aventurero,0.693,0.53429288322256,0.3258538482238784,0.12928669268248436,-0.023775545173305268,0.002198526256699438,calma
2024-02-06,Aventurero,0.693,0.5845764614293802,0.2226127472962112,0.16482863042985355,-0.027891186900407594,0.002607078010958236,calma
2024-03-06,Aventurero,0.693,0.5285923930419506,0.3375579652151717,0.18626495385441452,-0.06282708362120282,0.0019047031481013923,calma
2024-04-04,Aventurero,0.693,0.42431752903590947,0.5516527481040766,0.18992155685960588,-0.050934480690536965,0.0007301639294339422,estres
2024-05-06,Aventurero,0.693,0.5116570866590533,0.37232915171121383,0.16328512117887553,-0.03915738703955851,0.0027873116618807943,normal
2024-06-06,Aventurero,0.693,0.5247758469390414,0.3453940110069984,0.11160905421788211,-0.03357573307274553,-0.0002554167720104044,calma
2024-07-09,Aventurero,0.693,0.5134482775062236,0.3686515193384178,0.12199833057283306,-0.05258792959643355,-0.0021884655173229966,normal
2024-08-07,Aventurero,0.693,0.28020606325183445,0.8475391371484766,0.12349817075202972,-0.020981945786740064,0.002276924272254269,crisis
2024-09-06,Aventurero,0.693,0.3058470827732921,0.7948935781269026,0.060525291852158644,-0.010763619988877204,-0.0003315183122306066,crisis
2024-10-07,Aventurero,0.693,0.3799402036528463,0.6427672648540266,0.10145865047259624,-0.018687920381684098,0.0018503252200617476,estres
2024-11-07,Aventurero,0.693,0.35409136159290366,0.6958395203923546,0.09526540502222385,-0.015112283623419431,0.0009108823089928217,estres
2024-12-09,Aventurero,0.693,0.38941550593285096,0.6233127893792199,0.10885602970890446,-0.018178339545596223,0.0012341773689921824,estres
2015-12-21,Analista,0.6,0.4033693951085789,0.48193775708681647,0.15793427335075252,-0.045197391007208876,-0.001453193570102245,normal
2016-01-19,Analista,0.6,0.27006844647771555,0.8086557684369717,0.07239647686986349,-0.013700765164643358,0.0012410618924689643,crisis
2016-02-17,Analista,0.6,0.32238263344249296,0.680434721954674,0.07522706202827258,-0.0057724432608909915,0.0031854315182903445,estres
2016-03-17,Analista,0.6,0.45066988852954737,0.366005175172678,0.13416348066967743,-0.018097002345548896,0.0018095524381317885,normal
2016-04-15,Analista,0.6,0.5053754623315674,0.23192288644223688,0.08934469020457668,-0.026423836648540533,0.0007551391699462116,calma
2016-05-16,Analista,0.6,0.4891700074698583,0.2716421385542689,0.07105360533317626,-0.027737499286467626,-0.0011418712072623607,calma
2016-06-14,Analista,0.6,0.2915189472530264,0.7560810116347392,0.05514332385165199,-0.011647340052743815,0.00028178095122769674,crisis
2016-07-13,Analista,0.6,0.4357487763171317,0.4025765286344811,0.041245068416786386,-0.009765290098960433,0.00020339909335948518,normal
2016-08-11,Analista,0.6,0.5033488366403156,0.23689010627373613,0.07017154105973493,-0.00717634549000945,0.0021196724145683718,calma
2016-09-09,Analista,0.6,0.4331589347703415,0.40892417948445703,0.10004160320173788,-0.016331034224048913,-0.0006736285448386876,normal
2016-10-10,Analista,0.6,0.48318807813201997,0.28630373006857845,0.056935770809137705,-0.012415101294063868,-0.00040692949954428885,calma
2016-11-08,Analista,0.6,0.2926615253713424,0.7532805750702393,0.11860589068621774,-0.043980435350878144,-7.337238561946803e-05,crisis
2016-12-07,Analista,0.6,0.444261727455436,0.38171145231510784,0.09160175424468271,-0.01254720529327602,0.001032703567029553,normal
2017-01-05,Analista,0.6,0.4469778878031858,0.37505419656081895,0.07143380497168775,-0.01368357658673014,0.0005889599259229765,normal
2017-02-03,Analista,0.6,0.4351859566418069,0.4039559886230223,0.13758128002873746,-0.03965391649783412,-0.0012010962784832699,normal
2017-03-06,Analista,0.6,0.4455848985733104,0.3784683858497293,0.0675820718566393,-0.01044752177495889,0.0007002957807332846,normal
2017-04-04,Analista,0.6,0.4320010549470827,0.41176212022773845,0.03909146658105203,-0.01199518024940982,0.0003679865457694458,normal
2017-05-03,Analista,0.6,0.476877656365798,0.30177045008382847,0.07179481374432826,-0.011248136854594692,0.0016821398952650151,calma
2017-06-01,Analista,0.6,0.4913813038638349,0.26622229445138507,0.056508398142107945,-0.016372497959987076,0.00022309449330584394,calma
2017-06-30,Analista,0.6,0.45786951713346435,0.3483590266336658,0.05081887947488644,-0.011170879480397411,0.0013136613078290514,calma
2017-07-31,Analista,0.6,0.4731176623379734,0.3109861217206533,0.07862098943701624,-0.021248023939511973,-9.448119981072107e-05,calma
2017-08-29,Analista,0.6,0.420340575518772,0.44034172666967636,0.06163130339783354,-0.01479685190079183,0.00046350356896572527,normal
2017-09-27,Analista,0.6,0.48643163580664844,0.27835383380723416,0.04980556155787174,-0.007976778115108552,0.0002789344215453265,calma
2017-10-26,Analista,0.6,0.43938920994041764,0.39365389720485877,0.0775336101624004,-0.015632811275110847,-0.0005189555814148347,normal
2017-11-24,Analista,0.6,0.5029486774418617,0.23787088862288802,0.0423696762991809,-0.005031948054735724,0.001254860616170452,calma
2017-12-25,Analista,0.6,0.4328016469594616,0.40979988490328034,0.06411342887292157,-0.015099995209623907,0.00015833028841908355,normal
2018-01-23,Analista,0.6,0.3445217127514063,0.6261722726681218,0.27630188491813895,-0.040947042669948974,0.0027164413466530053,estres
2018-02-21,Analista,0.6,0.33954454419652913,0.6383712152045855,0.06421181801081689,-0.042049302300219416,-0.0019027043723254596,estres
2018-03-22,Analista,0.6,0.22057684989413784,0.9299587012398582,0.07003563790910093,-0.013107395495317364,0.0012200543282604294,crisis
2018-04-20,Analista,0.6,0.2841905608553558,0.7740427430015788,0.05791840444117134,-0.023598945645288083,-0.000997132784154076,crisis
2018-05-21,Analista,0.6,0.36040873476021695,0.5872334932347624,0.06440453029036244,-0.013785760020016635,0.0008908739543930737,estres
2018-06-19,Analista,0.6,0.4032181729676989,0.4823083995889733,0.08586205467981031,-0.039746041704848856,-0.0014107940644136803,normal
2018-07-18,Analista,0.6,0.4269894851257262,0.4240453795938083,0.09956316568900708,-0.03629290654202966,-0.0007673680148826226,normal
2018-08-16,Analista,0.6,0.43189459784900047,0.41202304448774396,0.07364856785519237,-0.023051188910767073,1.9511093792924836e-05,normal
2018-09-14,Analista,0.6,0.4541278407160261,0.3575298021666028,0.08917940152419847,-0.016325055496906438,-0.0011096335144044334,normal
2018-10-15,Analista,0.6,0.3177427278031389,0.691807039698189,0.15203057178526672,-0.048535217841691125,-0.001279036915411594,estres
2018-11-13,Analista,0.6,0.2947946611594969,0.7480523010796645,0.1783824735835215,-0.08745430186979153,-0.0038870034480389657,estres
2018-12-12,Analista,0.6,0.29330528866242206,0.7517027238666126,0.21263578161089475,-0.0469689502502354,0.0006009225996465635,crisis
2019-01-10,Analista,0.6,0.29128826658414547,0.756646405431016,0.11479069617555619,-0.011656035831701717,0.003947785412487638,crisis
2019-02-08,Analista,0.6,0.44010119937530656,0.39190882506052316,0.11415820563966532,-0.016788775432846403,0.0030431282398116865,normal
2019-03-11,Analista,0.6,0.40603468210535926,0.47540519091823713,0.12913216343911427,-0.021851305041666325,0.0022070266344901817,normal
2019-04-09,Analista,0.6,0.4580591965114813,0.34789412619734966,0.0760149553982334,-0.018265241516865482,0.0001114004207335292,calma
2019-05-08,Analista,0.6,0.35329255557506156,0.6046751088846531,0.09508998065284421,-0.03677959291677424,-0.0024078765833197603,estres
2019-06-06,Analista,0.6,0.40437759517908617,0.4794666784826319,0.07233641516355233,-0.005124100888356575,0.003015282896437232,normal
2019-07-05,Analista,0.6,0.40539216457430227,0.47697998878847475,0.12983149263595875,-0.05195155643258276,-0.0006686794908155666,normal
2019-08-05,Analista,0.6,0.24312376085659976,0.8746966645671574,0.1393243273390939,-0.022429324944603812,0.0016060916691915885,crisis
2019-09-03,Analista,0.6,0.3050214499060455,0.7229866423871434,0.07880188707535207,-0.004997132204030752,0.001536656941710484,estres
2019-10-02,Analista,0.6,0.3772101269125068,0.5460536105085617,0.10061580144878453,-0.014949628993845443,0.0021264915094485488,normal
2019-10-31,Analista,0.6,0.4767685447563375,0.3020378804991728,0.08507321352996106,-0.03162955126162681,-0.00017820616220576464,calma
2019-11-29,Analista,0.6,0.461292780820279,0.3399686744601004,0.06788645762899358,-0.009628175893885538,0.000919004556711505,calma
2019-12-30,Analista,0.6,0.4168682583188119,0.4488523080421276,0.08619941986305447,-0.01055365151079779,0.0012440330457428208,normal
2020-01-28,Analista,0.6,0.36747175611128335,0.5699221663939134,0.09302176496940046,-0.018003180011935238,0.0010397864747273432,estres
2020-02-26,Analista,0.6,0.2862079046061286,0.7690982730241946,0.7189114750582555,-0.3225717929067282,-0.01344556876113916,crisis
2020-03-26,Analista,0.6,0.29259800056436774,0.7534362731265496,0.3031714244469583,-0.05430034006808093,0.002316253990757857,crisis
2020-04-24,Analista,0.6,0.26518520172756244,0.8206245055696999,0.14528833771063285,-0.06746320287086471,-0.002909871494103023,crisis
2020-05-25,Analista,0.6,0.2998780360793892,0.7355930488250265,0.21550860317785075,-0.04808182219859736,0.0026670685842919927,estres
2020-06-23,Analista,0.6,0.3348401270229667,0.6499016494535129,0.08143563536729025,-0.005888229628470798,0.0025684959967237015,estres
2020-07-22,Analista,0.6,0.3452886798066068,0.624292451454395,0.17752981462954587,-0.05048843667259162,-6.075428629857942e-06,estres
2020-08-20,Analista,0.6,0.3599043030663339,0.5884698454256521,0.13697231488277142,-0.027579442123280007,0.0023435301036769216,estres
2020-09-18,Analista,0.6,0.39084480714778536,0.5126352765985653,0.08510913383850326,-0.02075944407854824,-0.00020661417951092727,normal
2020-10-19,Analista,0.6,0.3694635849364398,0.565040232998922,0.16698070236617157,-0.04350456601204833,0.0008689108355813619,estres
2020-11-17,Analista,0.6,0.40971927771900785,0.4663743193161573,0.1391431734388942,-0.020966891790403897,0.0046721475420244,normal
2020-12-16,Analista,0.6,0.4214028193200767,0.4377381879409884,0.10017906358301355,-0.017851208029409538,0.0005518566994949485,normal
2021-01-14,Analista,0.6,0.4520713199054487,0.3625702943493905,0.07948658089100619,-0.02865393541742378,0.0003537257962386839,normal
2021-02-12,Analista,0.6,0.5050731701817925,0.23266379857403796,0.07597026552849909,-0.028969791510672804,-0.0010562261237548845,calma
2021-03-15,Analista,0.6,0.5189939352137801,0.19854427643681333,0.09285122940835205,-0.02646536801713517,-0.0003686828529916553,calma
2021-04-13,Analista,0.6,0.5454842070378159,0.13361713961319632,0.19545325460120924,-0.060260162052164334,0.0004038603810645808,calma
2021-05-12,Analista,0.6,0.4122697324685779,0.46012320473387774,0.21966351573787132,-0.09973076415045479,-0.0017542656666705559,normal
2021-06-10,Analista,0.6,0.5223492951936651,0.19032035491748728,0.08749862208165061,-0.01507088959824665,0.0005742902937004747,calma
2021-07-09,Analista,0.6,0.498171673179661,0.2495792324027917,0.09532801396147603,-0.05108918332146295,-0.0019483934528465472,calma
2021-08-09,Analista,0.6,0.482867322686504,0.28708989537621565,0.1459794559329656,-0.013949321259965175,0.0030423045805962647,calma
2021-09-07,Analista,0.6,0.46466532148094236,0.33170264342906275,0.07917541387050875,-0.018537018841962127,0.0010845398752989295,calma
2021-10-06,Analista,0.6,0.432654777537338,0.4101598589771127,0.09613996755575988,-0.013575486735512121,0.0009832673996087306,normal
2021-11-04,Analista,0.6,0.47237969044320616,0.31279487636469083,0.12654515492472942,-0.05155543042541444,-0.0010811495269674111,calma
2021-12-03,Analista,0.6,0.26412012629946946,0.8232349845601239,0.12879456699423816,-0.01887744291842941,0.0015220759995555062,crisis
2022-01-03,Analista,0.6,0.4015676378299682,0.4863538288481172,0.2519201993414714,-0.017234924575834643,0.003515869019332974,normal
2022-02-01,Analista,0.6,0.36800175338724883,0.5686231534626255,0.10073204901604103,-0.03554863092923366,-0.0019728661357998533,estres
2022-03-02,Analista,0.6,0.21337713307197465,0.9476050660000621,0.23487244854803982,-0.07384148619935949,-0.0033313686253727826,crisis
2022-03-31,Analista,0.6,0.32766574550871136,0.6674859178708055,0.0774380248208445,-0.032832783168157076,-0.0006308971069314142,estres
2022-04-29,Analista,0.6,0.28146629310189175,0.7807198698483045,0.11586175564912372,-0.04548792105958932,-0.002374418458561817,crisis
2022-05-30,Analista,0.6,0.3395582833185422,0.638337540885926,0.3470708038066172,-0.13648140394862107,-0.0017715859856175862,estres
2022-06-28,Analista,0.6,0.3551582971360765,0.6001022129017732,0.21657423505214496,-0.07535018213452804,-0.0016739114860497978,estres
2022-07-27,Analista,0.6,0.3406240483736058,0.6357253716333191,0.1385492936183409,-0.05889525366400161,-0.002732990716159211,estres
2022-08-25,Analista,0.6,0.40508828121994445,0.4777248009315086,0.16457460850992542,-0.07822721261748622,-0.0033610594442807164,normal
2022-09-23,Analista,0.6,0.30079809729917856,0.7333379968157387,0.18904314036348496,-0.08299524088256105,-0.00269175818125997,estres
2022-10-24,Analista,0.6,0.3148681041098805,0.6988526860051949,0.1963648740581647,-0.022725422551434615,0.002103830858007139,estres
2022-11-22,Analista,0.6,0.43488406779162014,0.4046959122754408,0.13501038960761108,-0.06287969717020192,-0.0018483857759426649,normal
2022-12-21,Analista,0.6,0.5242022479654848,0.18577880400616467,0.09008411402525271,-0.006745892800171016,0.0030997567934887525,calma
2023-01-19,Analista,0.6,0.5120614617277064,0.21553563302032758,0.14567755114677408,-0.1144336662069223,-0.005529367719065458,calma
2023-02-17,Analista,0.6,0.5220543370214075,0.19104329161419728,0.23694338346764884,-0.04355932652540817,-0.00018381076050612486,calma
2023-03-20,Analista,0.6,0.41958051714897115,0.44220461483095314,0.1140017716133868,-0.0047808117243930415,0.004466310636629558,normal
2023-04-18,Analista,0.6,0.49773159696662606,0.2506578505719949,0.12417481717342528,-0.0479476064997062,-0.002544859422826518,calma
2023-05-17,Analista,0.6,0.47113430814019275,0.31584728397011586,0.13993291354624943,-0.020876522776469342,0.0014631651902737156,calma
2023-06-15,Analista,0.6,0.5125958582354235,0.2142258376582756,0.2229951293634219,-0.023462623033622676,-0.00097763203027645,calma
2023-07-14,Analista,0.6,0.504943583524881,0.23298141292921326,0.08501302367790396,-0.02406458721170024,-0.00035137266407868204,calma
2023-08-14,Analista,0.6,0.5337553998971107,0.1623642159384539,0.24527602025304107,-0.08578544588720305,-0.001911906097344381,calma
2023-09-12,Analista,0.6,0.5055448233794919,0.23150778583457865,0.21762108322563609,-0.03834611228499729,0.004020273353791591,calma
2023-10-11,Analista,0.6,0.477874912465907,0.29932619493650237,0.11457651864935954,-0.054423606499596766,-0.0014903313703272946,calma
2023-11-09,Analista,0.6,0.455332385885299,0.35457748557524754,0.1321756044243853,-0.02755505706553729,0.002259611363203772,normal
2023-12-08,Analista,0.6,0.5170841691164756,0.2032250756949126,0.18261051900449224,-0.0145351754058618,0.008277590432130886,calma
2024-01-08,Analista,0.6,0.4670516299246576,0.3258538482238784,0.12242988135148967,-0.02118158184116914,0.0021108520955304584,calma
2024-02-06,Analista,0.6,0.5091739991031459,0.2226127472962112,0.15485801670533772,-0.029297533985829016,0.0024632275618837367,calma
2024-03-06,Analista,0.6,0.4622763501922099,0.3375579652151717,0.20247407876642098,-0.07191272624032652,0.0014533027345713428,calma
2024-04-04,Analista,0.6,0.3749256787735368,0.5516527481040766,0.18092549908777358,-0.050378399172800736,0.0007502821450857668,estres
2024-05-06,Analista,0.6,0.44808970610182475,0.37232915171121383,0.15487647326131135,-0.03826330635614794,0.0024692537355828327,normal
2024-06-06,Analista,0.6,0.45907924350914464,0.3453940110069984,0.10083566872644459,-0.03428548374570928,-0.0005943846814894927,calma
2024-07-09,Analista,0.6,0.4495901801099255,0.3686515193384178,0.10975956580294842,-0.05186220024063526,-0.0020178976830888444,normal
2024-08-07,Analista,0.6,0.2542040320434215,0.8475391371484766,0.12293586843398326,-0.021084345936384308,0.0022473247241383888,crisis
2024-09-06,Analista,0.6,0.2756834201242237,0.7948935781269026,0.06054326154173159,-0.010751763958674831,-0.00037914194919990015,crisis
2024-10-07,Analista,0.6,0.3377509559395571,0.6427672648540266,0.10430996640505663,-0.019080934792281012,0.001687298617469745,estres
2024-11-07,Analista,0.6,0.3160974756799193,0.6958395203923546,0.09343989209719458,-0.014259784851092583,0.0009065749571730904,estres
2024-12-09,Analista,0.6,0.3456883819332783,0.6233127893792199,0.10237112076313033,-0.015600248329347921,0.001245335360818472,estres
2015-12-21,Innovador,0.738,0.48483809620229534,0.48193775708681647,0.15451902685116614,-0.04651928477651823,-0.0015160012617213218,normal
2016-01-19,Innovador,0.738,0.3132131248400588,0.8086557684369717,0.07269972809959563,-0.013792572146827387,0.0012296226858857582,crisis
2016-02-17,Innovador,0.738,0.3805676405572097,0.680434721954674,0.07201134679495845,-0.005499229112145287,0.0031590066619247912,estres
2016-03-17,Innovador,0.738,0.5457374814817922,0.366005175172678,0.10769752574388793,-0.01336288664787133,0.0021055856110777666,normal
2016-04-15,Innovador,0.738,0.616170907751893,0.23192288644223688,0.07937033622490361,-0.02385754705726273,0.0006637405389590496,calma
2016-05-16,Innovador,0.738,0.5953063846174426,0.2716421385542689,0.06094533322956718,-0.022225207736137897,-0.0010492112947767536,calma
2016-06-14,Innovador,0.738,0.3408306445882715,0.7560810116347392,0.052947788470524365,-0.011314119829262226,0.00022306121597474992,crisis
2016-07-13,Innovador,0.738,0.526526549508307,0.4025765286344811,0.04303150952650661,-0.011708099771526537,8.147662825601651e-05,normal
2016-08-11,Innovador,0.738,0.6135616271744064,0.23689010627373613,0.07266275597435545,-0.00714036814042629,0.0023758638650970593,calma
2016-09-09,Innovador,0.738,0.5231921285168147,0.40892417948445703,0.10541687240898599,-0.016495055490058252,-0.0006373905745970483,normal
2016-10-10,Innovador,0.738,0.5876046505949757,0.28630373006857845,0.05138230958734802,-0.010728279344619507,-0.00019042066691561373,calma
2016-11-08,Innovador,0.738,0.3423017139156033,0.7532805750702393,0.11836585835731737,-0.043511219501720766,-5.747556299765729e-05,crisis
2016-12-07,Innovador,0.738,0.5374869740988738,0.38171145231510784,0.0882586923443861,-0.013165295908872054,0.0009473402130114441,normal
2017-01-05,Innovador,0.738,0.5409840305466018,0.37505419656081895,0.06317052822721328,-0.012740542948187161,0.0007131618873464351,normal
2017-02-03,Innovador,0.738,0.5258019191763263,0.4039559886230223,0.1332277833144003,-0.03808084055490257,-0.001051008932028678,normal
2017-03-06,Innovador,0.738,0.5391905569131372,0.3784683858497293,0.06607783252250608,-0.009651862962722468,0.001039614365432286,normal
2017-04-04,Innovador,0.738,0.521701358244369,0.41176212022773845,0.039351480324055776,-0.012108737279475923,0.0003369405109566864,normal
2017-05-03,Innovador,0.738,0.5794799825709649,0.30177045008382847,0.060661644285206734,-0.008144684744310626,0.002066630496268504,calma
2017-06-01,Innovador,0.738,0.5981534287246875,0.26622229445138507,0.058668462474012306,-0.01803310420829385,-0.00010277153395599092,calma
2017-06-30,Innovador,0.738,0.5550070033093354,0.3483590266336658,0.050633223408139465,-0.011509861899986373,0.0012412633626576292,calma
2017-07-31,Innovador,0.738,0.5746389902601408,0.3109861217206533,0.07366853573441358,-0.017714455372750848,-0.00021042715537376253,calma
2017-08-29,Innovador,0.738,0.506688490980419,0.44034172666967636,0.06281245164003049,-0.015602509184627245,0.0005115516558195421,normal
2017-09-27,Innovador,0.738,0.5917807311010599,0.27835383380723416,0.04855059834933684,-0.007118033027132209,0.0005688823968561243,calma
2017-10-26,Innovador,0.738,0.5312136077982876,0.39365389720485877,0.07457977797114652,-0.015021770221881003,-0.0005957669361736798,normal
2017-11-24,Innovador,0.738,0.6130464222063969,0.23787088862288802,0.044607649088004186,-0.004911450419194052,0.001314046228151324,calma
2017-12-25,Innovador,0.738,0.5227321204603068,0.40979988490328034,0.06170032989626533,-0.014527630287369586,8.63088919674527e-05,normal
2018-01-23,Innovador,0.738,0.40907170516743563,0.6261722726681218,0.2641570050661188,-0.04118198977023879,0.002542405955164843,estres
2018-02-21,Innovador,0.738,0.40266360065303125,0.6383712152045855,0.06274663338620896,-0.04067238982133692,-0.0018001585209381455,estres
2018-03-22,Innovador,0.738,0.24949269423870246,0.9299587012398582,0.0699101883230172,-0.013060003057815073,0.001216609161498362,crisis
2018-04-20,Innovador,0.738,0.3313953471012706,0.7740427430015788,0.05735152407613235,-0.021768945385807537,-0.0008966400220206665,crisis
2018-05-21,Innovador,0.738,0.42952624600377937,0.5872334932347624,0.06577861577903316,-0.014712904950792582,0.0007485534497671109,estres
2018-06-19,Innovador,0.738,0.4846433976959123,0.4823083995889733,0.0809469073861736,-0.03662178789642245,-0.0012687546303882015,normal
2018-07-18,Innovador,0.738,0.5152489620993725,0.4240453795938083,0.09745773659695717,-0.0340806099573282,-0.0006889583061318205,normal
2018-08-16,Innovador,0.738,0.5215642947305881,0.41202304448774396,0.08314705722820434,-0.020004675893848245,0.0007674387254451863,normal
2018-09-14,Innovador,0.738,0.5501895949218836,0.3575298021666028,0.08510172954957232,-0.017769822762851106,-0.000847927838137316,normal
2018-10-15,Innovador,0.738,0.3745937620465413,0.691807039698189,0.14968968471079167,-0.04882798219997697,-0.0014535223200489084,estres
2018-11-13,Innovador,0.738,0.34504812624285225,0.7480523010796645,0.1746404518355575,-0.08645757101589158,-0.003866045774628086,estres
2018-12-12,Innovador,0.738,0.3431305591528684,0.7517027238666126,0.20289325211593925,-0.04555513778040021,0.000563537940701221,crisis
2019-01-10,Innovador,0.738,0.3405336432270873,0.756646405431016,0.11370871933370322,-0.011453095988846362,0.004010089193603613,crisis
2019-02-08,Innovador,0.738,0.5321302941957071,0.39190882506052316,0.11117965795446155,-0.016471387578209207,0.002947443724572102,normal
2019-03-11,Innovador,0.738,0.4882696532106501,0.47540519091823713,0.13018348827427975,-0.020914494972638975,0.0022522201210923303,normal
2019-04-09,Innovador,0.738,0.5552512155085322,0.34789412619734966,0.07573496682122616,-0.017488700804973445,0.00010918165104295536,calma
2019-05-08,Innovador,0.738,0.4203641653028917,0.6046751088846531,0.09319866441237187,-0.036918747645130034,-0.0023738759025725455,estres
2019-06-06,Innovador,0.738,0.48613615379307346,0.4794666784826319,0.07290644396238924,-0.004514333083861399,0.0030210557082296034,normal
2019-07-05,Innovador,0.738,0.48744241188941423,0.47697998878847475,0.12809596642217064,-0.050308362746468216,-0.0006445098377927422,normal
2019-08-05,Innovador,0.738,0.2785218421028722,0.8746966645671574,0.13871917346017987,-0.022154195636634344,0.0016022084830903181,crisis
2019-09-03,Innovador,0.738,0.3582151167540336,0.7229866423871434,0.0770065716456455,-0.005429288238010033,0.0014680018051960457,estres
2019-10-02,Innovador,0.738,0.4511580383998525,0.5460536105085617,0.09528099992846518,-0.014177856132042588,0.0020428899438610644,normal
2019-10-31,Innovador,0.738,0.5793395013737845,0.3020378804991728,0.08050456786222383,-0.03195130741169372,-0.0003150536412806737,calma
2019-11-29,Innovador,0.738,0.5594144553061093,0.3399686744601004,0.0633627490688707,-0.00916266940403776,0.0009008352137730297,calma
2019-12-30,Innovador,0.738,0.5022178825854704,0.4488523080421276,0.08449882358907078,-0.012665797573268023,0.0011798961722185512,normal
2020-01-28,Innovador,0.738,0.43861988599327734,0.5699221663939134,0.09504701667364394,-0.018032056153897136,0.0011084937791187596,estres
2020-02-26,Innovador,0.738,0.3339926771803906,0.7690982730241946,0.708218414502249,-0.31740205242252784,-0.01318518537351882,crisis
2020-03-26,Innovador,0.738,0.34221992572662346,0.7534362731265496,0.29498921340826223,-0.053415788125163566,0.0022573312672653965,crisis
2020-04-24,Innovador,0.738,0.30692594722423666,0.8206245055696999,0.14188210152009403,-0.06665967692656527,-0.0029073250531534756,crisis
2020-05-25,Innovador,0.738,0.3515929714522136,0.7355930488250265,0.2143593490837506,-0.048184529562996015,0.00258256902421912,estres
2020-06-23,Innovador,0.738,0.3966066635420697,0.6499016494535129,0.07993134684747354,-0.005844835349208766,0.0025644295830283322,estres
2020-07-22,Innovador,0.738,0.41005917525100627,0.624292451454395,0.1771791310171479,-0.05032680889187391,-2.1891861907883926e-05,estres
2020-08-20,Innovador,0.738,0.428876790197905,0.5884698454256521,0.13545161275081583,-0.024922657523409275,0.002495341090529937,estres
2020-09-18,Innovador,0.738,0.46871268920277365,0.5126352765985653,0.0828068609134856,-0.020102330980954153,-0.00022999327931941038,normal
2020-10-19,Innovador,0.738,0.44118436560566626,0.565040232998922,0.16533490869296247,-0.04363010825622349,0.0008214104265303073,estres
2020-11-17,Innovador,0.738,0.49301357006322255,0.4663743193161573,0.14295279879102282,-0.021759847481483185,0.004650797451055017,normal
2020-12-16,Innovador,0.738,0.5080561298745988,0.4377381879409884,0.10050362975614041,-0.015531359172893944,0.0008249622596487653,normal
2021-01-14,Innovador,0.738,0.5475418243782652,0.3625702943493905,0.10133129194102804,-0.0434615517676008,-0.00023757528744708663,normal
2021-02-12,Innovador,0.738,0.6157817066090578,0.23266379857403796,0.09350000785535519,-0.028578367727777887,-0.0011393910040167494,calma
2021-03-15,Innovador,0.738,0.633704691587742,0.19854427643681333,0.10438425437003127,-0.029778766373967702,-0.0003406485717766972,calma
2021-04-13,Innovador,0.738,0.667810916561188,0.13361713961319632,0.1785574107198899,-0.05821764163954979,0.00027351104236353037,calma
2021-05-12,Innovador,0.738,0.49629728055329403,0.46012320473387774,0.2217433298436229,-0.09946905639756742,-0.0017380577910387368,normal
2021-06-10,Innovador,0.738,0.638024717561844,0.19032035491748728,0.09248789887776991,-0.01490566317067421,0.0007316642793623313,calma
2021-07-09,Innovador,0.738,0.6068960292188135,0.2495792324027917,0.09650303390679979,-0.05348194415582985,-0.0019339151964965294,calma
2021-08-09,Innovador,0.738,0.587191677958874,0.28708989537621565,0.14892274995973942,-0.015996916781286563,0.0029082718375605054,calma
2021-09-07,Innovador,0.738,0.5637566014067134,0.33170264342906275,0.07922459105728624,-0.018969939507230915,0.0011610408855163288,calma
2021-10-06,Innovador,0.738,0.5225430260793227,0.4101598589771127,0.09580951068042415,-0.013423397769278478,0.0009073457697408495,normal
2021-11-04,Innovador,0.738,0.5736888514456279,0.31279487636469083,0.1307079112317693,-0.052143414633105234,-0.0010063039442820111,calma
2021-12-03,Innovador,0.738,0.3055546626105669,0.8232349845601239,0.12865889366703412,-0.019756303686283894,0.0013809464118741735,crisis
2022-01-03,Innovador,0.738,0.48251833370608405,0.4863538288481172,0.25167202248304854,-0.0219577096926048,0.0036241528600698693,normal
2022-02-01,Innovador,0.738,0.4393022574860828,0.5686231534626255,0.10394564010813741,-0.037669954387568816,-0.0020041782760230643,estres
2022-03-02,Innovador,0.738,0.24022305883016737,0.9476050660000621,0.23478858717733087,-0.07396540217722913,-0.0033241584258601057,crisis
2022-03-31,Innovador,0.738,0.3873696473424659,0.6674859178708055,0.07727247385268163,-0.03238770030240057,-0.0005546420312129598,estres
2022-04-29,Innovador,0.738,0.3278878523686856,0.7807198698483045,0.11887469662068027,-0.044526664210576716,-0.0022555076177570256,crisis
2022-05-30,Innovador,0.738,0.40268128977262313,0.638337540885926,0.37860992424436757,-0.14845621443794588,-0.0017111666134418163,estres
2022-06-28,Innovador,0.738,0.4227663075626985,0.6001022129017732,0.21069978915656576,-0.07548610491714225,-0.0016538443746502297,estres
2022-07-27,Innovador,0.738,0.40405346228101746,0.6357253716333191,0.13064987222354338,-0.05885228587878333,-0.0027260498706340244,estres
2022-08-25,Innovador,0.738,0.48705116207067856,0.4777248009315086,0.16366774382698998,-0.07640185734360316,-0.003096049778414104,normal
2022-09-23,Innovador,0.738,0.3527775502726924,0.7333379968157387,0.1788893840586931,-0.07857878211690217,-0.0026265934088311187,estres
2022-10-24,Innovador,0.738,0.37089268404147113,0.6988526860051949,0.18929047756851558,-0.02302271400911937,0.0017506739034205423,estres
2022-11-22,Innovador,0.738,0.525413237281711,0.4046959122754408,0.13625178579011188,-0.058182154660789354,-0.0013192905675060349,normal
2022-12-21,Innovador,0.738,0.6404103942555617,0.18577880400616467,0.09632733139893823,-0.0071589526854736185,0.002845101935619213,calma
2023-01-19,Innovador,0.738,0.6247791319744219,0.21553563302032758,0.14046957028559237,-0.09838483741963922,-0.004786984439362133,calma
2023-02-17,Innovador,0.738,0.6376449589150621,0.19104329161419728,0.237281219103661,-0.041136517273268614,-0.0008559148800516407,calma
2023-03-20,Innovador,0.738,0.5057099158293004,0.44220461483095314,0.11485224064174628,-0.005902956523913039,0.004632619767280404,normal
2023-04-18,Innovador,0.738,0.6063294310945311,0.2506578505719949,0.1291764870094459,-0.04442383436983577,-0.0021841765900072335,calma
2023-05-17,Innovador,0.738,0.5720854217304981,0.31584728397011586,0.12967827469818663,-0.021439803117864753,0.0010398365535125315,calma
2023-06-15,Innovador,0.738,0.6254671674781078,0.2142258376582756,0.23474407226702798,-0.02623187839122998,-0.000731690237322905,calma
2023-07-14,Innovador,0.738,0.6156148637882842,0.23298141292921326,0.09500967964575795,-0.024403902207812855,-0.00019312167448936007,calma
2023-08-14,Innovador,0.738,0.6527100773675302,0.1623642159384539,0.20870891939462138,-0.0786889281269475,-0.0021701371636326924,calma
2023-09-12,Innovador,0.738,0.6163889601010959,0.23150778583457865,0.22215357348205694,-0.03347338402195155,0.0042386917153558,calma
2023-10-11,Innovador,0.738,0.5807639497998554,0.29932619493650237,0.12420508185651241,-0.05084350840716245,-0.0009094071680262054,calma
2023-11-09,Innovador,0.738,0.5517404468273225,0.35457748557524754,0.12855298772936427,-0.024532408914570314,0.0029297687783475385,normal
2023-12-08,Innovador,0.738,0.6312458677374624,0.2032250756949126,0.16890731228517578,-0.014046939047011597,0.008087386995643495,calma
2024-01-08,Innovador,0.738,0.5668289735279967,0.3258538482238784,0.12279682296098664,-0.022747231605773632,0.0022984320043120997,calma
2024-02-06,Innovador,0.738,0.6210615238453002,0.2226127472962112,0.17456464252117054,-0.026925083452357668,0.0027250398392623847,calma
2024-03-06,Innovador,0.738,0.5606808008724703,0.3375579652151717,0.1770945807147714,-0.05756779946853441,0.0021635764170255638,calma
2024-04-04,Innovador,0.738,0.44821681142092856,0.5516527481040766,0.19252736186955877,-0.05107956104977851,0.000679063809176324,estres
2024-05-06,Innovador,0.738,0.5424154966060993,0.37232915171121383,0.1706522578532081,-0.0399100423390778,0.0030332549100525316,normal
2024-06-06,Innovador,0.738,0.5565645260180238,0.3453940110069984,0.12000229539455418,-0.03309526790495598,-1.9494557468382495e-05,calma
2024-07-09,Innovador,0.738,0.5443473568915291,0.3686515193384178,0.13092840120588753,-0.052910557967818295,-0.0022824590021537235,normal
2024-08-07,Innovador,0.738,0.2927876912559052,0.8475391371484766,0.12392216422623496,-0.020947890812392123,0.002291857586020585,crisis
2024-09-06,Innovador,0.738,0.32044240340993807,0.7948935781269026,0.060491395529636095,-0.010764658283858752,-0.00030418738228346176,crisis
2024-10-07,Innovador,0.738,0.4003543557721798,0.6427672648540266,0.10029258660329986,-0.018466555569084497,0.0019093006995149165,estres
2024-11-07,Innovador,0.738,0.3724754999378961,0.6958395203923546,0.09652599443912323,-0.015569375105474736,0.0009141617531476527,estres
2024-12-09,Innovador,0.738,0.4105737917390958,0.6233127893792199,0.11270071836381806,-0.01965739490963525,0.0012342360487805843,estres
2015-12-21,Visionario,0.865,0.5598129153247735,0.48193775708681647,0.15500943770663397,-0.04752806270546894,-0.0015877877165188243,normal
2016-01-19,Visionario,0.865,0.35291873463728773,0.8086557684369717,0.07333989516531884,-0.013859735980036314,0.0012175716137278081,crisis
2016-02-17,Visionario,0.865,0.43411471232220267,0.680434721954674,0.0695789867814987,-0.005250839095125692,0.0031332978591120803,estres
2016-03-17,Visionario,0.865,0.6332272228219017,0.366005175172678,0.09450627495730751,-0.012214929735561042,0.002386562808332885,normal
2016-04-15,Visionario,0.865,0.7181348321604535,0.23192288644223688,0.07374198968431245,-0.02186688206253229,0.0005916691863336071,calma
2016-05-16,Visionario,0.865,0.6929826157605092,0.2716421385542689,0.0637971560742016,-0.021192691460494406,-0.0009711973463191971,calma
2016-06-14,Visionario,0.865,0.38621169938230143,0.7560810116347392,0.052019596485047365,-0.011262997380213191,0.00019624606136184718,crisis
2016-07-13,Visionario,0.865,0.6100684132422148,0.4025765286344811,0.04617813837864384,-0.011320612049541712,0.00014534850147586718,normal
2016-08-11,Visionario,0.865,0.7149893402021565,0.23689010627373613,0.06278362949470913,-0.006203283127883652,0.0024240533917889674,calma
2016-09-09,Visionario,0.865,0.6060487633414675,0.40892417948445703,0.11406859658730106,-0.014924442219351963,-0.0006527769506448517,normal
2016-10-10,Visionario,0.865,0.6836981629340727,0.28630373006857845,0.04870778521635444,-0.010587257545069062,3.9969383212068174e-05,calma
2016-11-08,Visionario,0.865,0.387985075836771,0.7532805750702393,0.11850090393064375,-0.04300159436332518,-3.989223001913902e-05,crisis
2016-12-07,Visionario,0.865,0.6232812228214579,0.38171145231510784,0.08623521974755552,-0.01266442631763065,0.0009762772419900835,normal
2017-01-05,Visionario,0.865,0.6274969300278614,0.37505419656081895,0.06216786564740358,-0.012065967644340203,0.0009209282354851044,normal
2017-02-03,Visionario,0.865,0.6091948702044712,0.4039559886230223,0.1246209676805464,-0.03479856758189348,-0.0007804177154661852,normal
2017-03-06,Visionario,0.865,0.625334894660659,0.3784683858497293,0.06871254465827531,-0.009404002753907181,0.0011653062698994475,normal
2017-04-04,Visionario,0.865,0.6042516373657847,0.41176212022773845,0.03923098109604035,-0.011066225806854568,0.00033843597561566697,normal
2017-05-03,Visionario,0.865,0.6739038624844156,0.30177045008382847,0.05854392891736626,-0.006200763183023539,0.002398931594409168,calma
2017-06-01,Visionario,0.865,0.6964147320386604,0.26622229445138507,0.06267648975506505,-0.01944183805098898,-0.00036376991792304867,calma
2017-06-30,Visionario,0.865,0.6444016463842311,0.3483590266336658,0.04904989175718272,-0.009006586256235072,0.0014463957920090326,calma
2017-07-31,Visionario,0.865,0.6680680384203963,0.3109861217206533,0.0715198865637673,-0.016901743458794916,-0.0002931442296182035,calma
2017-08-29,Visionario,0.865,0.5861536015864275,0.44034172666967636,0.06321780832057226,-0.015206130110045457,0.0007080660220549743,normal
2017-09-27,Visionario,0.865,0.688732434741569,0.27835383380723416,0.051962204432973905,-0.007456905610984221,0.0007073016132446708,calma
2017-10-26,Visionario,0.865,0.6157186695950232,0.39365389720485877,0.0772212469733974,-0.01480905239855046,-0.0007297619097292717,normal
2017-11-24,Visionario,0.865,0.7143682597795562,0.23787088862288802,0.0446687442431429,-0.004742930551655755,0.001299870720316645,calma
2017-12-25,Visionario,0.865,0.6054942228849978,0.40979988490328034,0.05566671700116807,-0.013132869429369642,1.0840427218548494e-05,normal
2018-01-23,Visionario,0.865,0.4684764083329119,0.6261722726681218,0.2710247879939504,-0.03798704735122349,0.0029049794239591037,estres
2018-02-21,Visionario,0.865,0.46075142797169627,0.6383712152045855,0.0636975007559784,-0.039246363065099765,-0.0015710004853869575,estres
2018-03-22,Visionario,0.865,0.2761036524398598,0.9299587012398582,0.06996768034386715,-0.013030194955995222,0.001214162298722872,crisis
2018-04-20,Visionario,0.865,0.3748374329942502,0.7740427430015788,0.05948743035740169,-0.020559323908585392,-0.0008137874183159576,crisis
2018-05-21,Visionario,0.865,0.49313439040908674,0.5872334932347624,0.0685951943183271,-0.015612280391361644,0.0006181481374315714,estres
2018-06-19,Visionario,0.865,0.5595782059602826,0.4823083995889733,0.0794528096015481,-0.03568088649026557,-0.0012303583812328966,normal
2018-07-18,Visionario,0.865,0.596473263372221,0.4240453795938083,0.09438065430288636,-0.031221761344265797,-0.0006059578536163955,normal
2018-08-16,Visionario,0.865,0.6040864070781362,0.41202304448774396,0.09524314651077383,-0.01956634810329483,0.001332692292991675,normal
2018-09-14,Visionario,0.865,0.6385942527779987,0.3575298021666028,0.08793888238553155,-0.020154890842639106,-0.000615350931636458,normal
2018-10-15,Visionario,0.865,0.4269131921111218,0.691807039698189,0.14785231485148229,-0.04875503959017835,-0.0016254542857930283,estres
2018-11-13,Visionario,0.865,0.39129588034130247,0.7480523010796645,0.17350337550429346,-0.08783916784084667,-0.003972829784309872,estres
2018-12-12,Visionario,0.865,0.38898425011146753,0.7517027238666126,0.20105105854631117,-0.045329883638575486,0.0005458948652929436,crisis
2019-01-10,Visionario,0.865,0.3858536637608091,0.756646405431016,0.11397927724655456,-0.011467038839726773,0.004018239546613522,crisis
2019-02-08,Visionario,0.865,0.6168237365304237,0.39190882506052316,0.10592216742451659,-0.01623665212134273,0.0029192500918190376,normal
2019-03-11,Visionario,0.865,0.5639496628510263,0.47540519091823713,0.12933586701293764,-0.020715917484365298,0.0023213603629788975,normal
2019-04-09,Visionario,0.865,0.6446960445855283,0.34789412619734966,0.07498468103147317,-0.016605357824717615,9.563768197435118e-05,calma
2019-05-08,Visionario,0.865,0.4820894872987934,0.6046751088846531,0.09126425497395253,-0.03759271704048894,-0.002359868388035401,estres
2019-06-06,Visionario,0.865,0.5613777258508733,0.4794666784826319,0.07496141725986387,-0.005580881632577972,0.003052670503098806,normal
2019-07-05,Visionario,0.865,0.5629524220996984,0.47697998878847475,0.1283873973219573,-0.051231280750808295,-0.0007277242472815308,normal
2019-08-05,Visionario,0.865,0.3110983371628475,0.8746966645671574,0.13817403037164921,-0.02192699474443205,0.0015990481803536,crisis
2019-09-03,Visionario,0.865,0.4071687087083415,0.7229866423871434,0.07543933032571816,-0.005782148191734282,0.0014050403939693476,estres
2019-10-02,Visionario,0.865,0.5192115511454534,0.5460536105085617,0.09814079750291287,-0.01443947355547559,0.0019739593562956848,normal
2019-10-31,Visionario,0.865,0.6737345121738989,0.3020378804991728,0.08762821386332852,-0.03308197958626857,-0.00033741948632059235,calma
2019-11-29,Visionario,0.865,0.6497148368981415,0.3399686744601004,0.06008853478135558,-0.008602714200673378,0.0008920935128329996,calma
2019-12-30,Visionario,0.865,0.5807642759323227,0.4488523080421276,0.0844161032277703,-0.014358110097945853,0.0011279674621318691,normal
2020-01-28,Visionario,0.865,0.5040967881310544,0.5699221663939134,0.09817893074761284,-0.018595293712507677,0.00106496911644199,estres
2020-02-26,Visionario,0.865,0.37796851860742875,0.7690982730241946,0.7009941202593214,-0.3133037782809478,-0.012936024815089531,crisis
2020-03-26,Visionario,0.865,0.38788648004261245,0.7534362731265496,0.28822955243369586,-0.052509477638852164,0.0022130643032938313,crisis
2020-04-24,Visionario,0.865,0.3453395318479876,0.8206245055696999,0.13941911456730852,-0.06615230182827969,-0.0029079650209273655,crisis
2020-05-25,Visionario,0.865,0.39918570183155194,0.7355930488250265,0.21344462496335387,-0.048285185095954364,0.0025086698720597433,estres
2020-06-23,Visionario,0.865,0.453449780483563,0.6499016494535129,0.07897637468254913,-0.005732796531643158,0.002564737613308227,estres
2020-07-22,Visionario,0.865,0.4696668051165043,0.624292451454395,0.17551908874777516,-0.04990282063093743,-1.3592535581748283e-05,estres
2020-08-20,Visionario,0.865,0.49235147038420585,0.5884698454256521,0.13359665561555195,-0.023745052721324766,0.002573211561963388,estres
2020-09-18,Visionario,0.865,0.5403737110939585,0.5126352765985653,0.0811276184065131,-0.018820861046119908,-0.00021161350828209866,normal
2020-10-19,Visionario,0.865,0.5071882724534327,0.565040232998922,0.16351207705904713,-0.04351094345345263,0.0007972193080591822,estres
2020-11-17,Visionario,0.865,0.5696684622930435,0.4663743193161573,0.15246641965133473,-0.022286895815296748,0.004632939274519091,normal
2020-12-16,Visionario,0.865,0.5878022924863691,0.4377381879409884,0.10322737348912749,-0.017211132741513535,0.001151126010493277,normal
2021-01-14,Visionario,0.865,0.6354023611032484,0.3625702943493905,0.1182226786230726,-0.054977728191726194,-0.0006805716039314339,normal
2021-02-12,Visionario,0.865,0.7176656495529905,0.23266379857403796,0.1337477950112407,-0.02955136014782689,-0.0013212247361077184,calma
2021-03-15,Visionario,0.865,0.739271836946388,0.19854427643681333,0.11654880129233806,-0.03350675295789152,-0.0003032183956366165,calma
2021-04-13,Visionario,0.865,0.7803869463399434,0.13361713961319632,0.16520590059573748,-0.055461615042530554,0.0001749435876572628,calma
2021-05-12,Visionario,0.865,0.5736269806022719,0.46012320473387774,0.2192626122800318,-0.09805660433803298,-0.0016977461350048673,normal
2021-06-10,Visionario,0.865,0.7444796352485011,0.19032035491748728,0.09564762197334792,-0.013121766243015198,0.0009448936176463743,calma
2021-07-09,Visionario,0.865,0.7069539510809322,0.2495792324027917,0.09262065894704717,-0.048643744069376216,-0.0017089109435681443,calma
2021-08-09,Visionario,0.865,0.6832003237530114,0.28708989537621565,0.1364481193823406,-0.01404552381589752,0.0028713663828582535,calma
2021-09-07,Visionario,0.865,0.654949301048546,0.33170264342906275,0.07879845086051923,-0.018957928921789713,0.0012676601980504533,calma
2021-10-06,Visionario,0.865,0.6052662693027433,0.4101598589771127,0.09668723866615773,-0.01359552199929459,0.0008823385076499179,normal
2021-11-04,Visionario,0.865,0.6669226445420595,0.31279487636469083,0.13648450251996225,-0.05343320231035287,-0.0009875415989558742,calma
2021-12-03,Visionario,0.865,0.3436864460273016,0.8232349845601239,0.12967796519482566,-0.021118760951321813,0.0011664664728647952,crisis
2022-01-03,Visionario,0.865,0.5570164378819298,0.4863538288481172,0.2481690018879595,-0.024373307588341775,0.003540133000265517,normal
2022-02-01,Visionario,0.865,0.5049193880697924,0.5686231534626255,0.11113232171254063,-0.03661259867839339,-0.0016886205608012221,estres
2022-03-02,Visionario,0.865,0.26492909195546066,0.9476050660000621,0.23406975812386585,-0.07388368528856715,-0.0033095305281277084,crisis
2022-03-31,Visionario,0.865,0.4423145425083124,0.6674859178708055,0.08612708312328983,-0.03634892752499286,-0.0006727286607213109,estres
2022-04-29,Visionario,0.865,0.37060914241856113,0.7807198698483045,0.12279423074709046,-0.04424653894062691,-0.002147563363291398,crisis
2022-05-30,Visionario,0.865,0.4607727522339874,0.638337540885926,0.41990631617079655,-0.1629527269115314,-0.0016310292917824805,estres
2022-06-28,Visionario,0.865,0.4849852736799521,0.6001022129017732,0.2036787020810099,-0.07572052834832566,-0.0016667386510237643,estres
2022-07-27,Visionario,0.865,0.46242690841320067,0.6357253716333191,0.1240463086773244,-0.05825255940394081,-0.0026973576807770706,estres
2022-08-25,Visionario,0.865,0.5624807698101222,0.4777248009315086,0.16900863540664826,-0.07518332643651437,-0.0027794871147945916,normal
2022-09-23,Visionario,0.865,0.40061371351643343,0.7333379968157387,0.1720687731954448,-0.07449707147959561,-0.0025428539739351737,estres
2022-10-24,Visionario,0.865,0.42245153658721035,0.6988526860051949,0.1821676057858241,-0.023175470783946217,0.0014714483428275933,estres
2022-11-22,Visionario,0.865,0.6087263135515771,0.4046959122754408,0.13756472300894487,-0.05294972247025809,-0.0008717537568610397,normal
2022-12-21,Visionario,0.865,0.7473555723630962,0.18577880400616467,0.10791319820106092,-0.01221838465201075,0.002747458768620179,calma
2023-01-19,Visionario,0.865,0.7285120603898776,0.21553563302032758,0.1376392940116343,-0.08440360146783588,-0.0042033568871787524,calma
2023-02-17,Visionario,0.865,0.7440218355853095,0.19104329161419728,0.24388476588897673,-0.04054655604914548,-0.0015104508993153845,calma
2023-03-20,Visionario,0.865,0.5849739276582989,0.44220461483095314,0.11929893181674263,-0.00529275393653994,0.004716492482180652,normal
2023-04-18,Visionario,0.865,0.7062709161252843,0.2506578505719949,0.1395690477074628,-0.04527746005502675,-0.002120887204309777,calma
2023-05-17,Visionario,0.865,0.6649897074259241,0.31584728397011586,0.12168044510550415,-0.022510519267400886,0.0008883301143127421,calma
2023-06-15,Visionario,0.865,0.729341488302897,0.2142258376582756,0.21733958983972157,-0.028968701230105087,-0.0006119186238813891,calma
2023-07-14,Visionario,0.865,0.7174645202625757,0.23298141292921326,0.07759982069847378,-0.022079909295170785,-0.00030715249761978814,calma
2023-08-14,Visionario,0.865,0.762182860256974,0.1623642159384539,0.1632020455201282,-0.06989071944897984,-0.0021223030348466727,calma
2023-09-12,Visionario,0.865,0.718397694620253,0.23150778583457865,0.21278879814092805,-0.029203684358993676,0.0043914589449175105,calma
2023-10-11,Visionario,0.865,0.6754516870564599,0.29932619493650237,0.12058982772071888,-0.04493018680815852,-0.0003296863108813005,calma
2023-11-09,Visionario,0.865,0.6404638072594745,0.35457748557524754,0.12651900956946682,-0.02192139797437398,0.003350013678784399,normal
2023-12-08,Visionario,0.865,0.7363077208161966,0.2032250756949126,0.16209866581124807,-0.013767652003592867,0.00795257782666782,calma
2024-01-08,Visionario,0.865,0.658653050612229,0.3258538482238784,0.11731970439060899,-0.02258338021251871,0.002484126000082855,calma
2024-02-06,Visionario,0.865,0.7240304777746742,0.2226127472962112,0.1894750210399195,-0.025063344875268956,0.0033983882115941155,calma
2024-03-06,Visionario,0.865,0.6512414185274925,0.3375579652151717,0.15931153241344762,-0.0449930520559243,0.0027659071635856873,calma
2024-04-04,Visionario,0.865,0.5156658972630934,0.5516527481040766,0.1880480929137817,-0.050864595453185335,0.00023372648161029173,estres
2024-05-06,Visionario,0.865,0.6292225646788738,0.37232915171121383,0.20594702941931742,-0.0425932985059434,0.004122472625647395,normal
2024-06-06,Visionario,0.865,0.6462792425298183,0.3453940110069984,0.13973571991135056,-0.03029100980145716,0.000808045953094559,calma
2024-07-09,Visionario,0.865,0.6315514253789469,0.3686515193384178,0.14229511073358078,-0.05009606842896697,-0.002288669789060602,normal
2024-08-07,Visionario,0.865,0.3282958414007272,0.8475391371484766,0.1257052330080496,-0.020891061990700344,0.0023373750131648625,crisis
2024-09-06,Visionario,0.865,0.36163364165113887,0.7948935781269026,0.06037788448505316,-0.010745622848528646,-0.00021133685710454306,crisis
2024-10-07,Visionario,0.865,0.45796762953118764,0.6427672648540266,0.09439156896550373,-0.016013267618578464,0.001812427440080885,estres
2024-11-07,Visionario,0.865,0.4243596237115414,0.6958395203923546,0.09993750064028896,-0.016443515888936,0.0009528136344952631,estres
2024-12-09,Visionario,0.865,0.47028717612560905,0.6233127893792199,0.11153297305301607,-0.01988623896347186,0.0012970251472930036,estres
